GC,B,26113,1889621126789
WORK,B,26113,1889621167449,132609209614824,18
WORK,E,26113,1889621188346,132609209614824
WORK,B,26113,1889621192055,132609209572369,12
WORK,B,26117,1889621473341,132609209664764,19
WORK,B,26116,1889621473681,132609209685392,13
WORK,E,26116,1889621478085,132609209685392
WORK,B,26119,1889621478607,132609209757476,18
WORK,B,26116,1889621481507,132609209624258,18
roots,meta,26117,1889621487823,0,9
WORK,B,26115,1889621499529,132609209646046,22
WORK,E,26113,1889621512281,132609209572369
WORK,B,26113,1889621518417,132609209713976,17
WORK,E,26113,1889621522791,132609209713976
WORK,B,26113,1889621524926,132609209624258,18
roots,meta,26119,1889621540239,0,1024
roots,meta,26113,1889621547060,0,8
WORK,E,26113,1889621549721,132609209624258
roots,meta,26119,1889621551138,0,415
WORK,E,26119,1889621552585,132609209757476
WORK,B,26113,1889621552794,132609209678144,23
WORK,B,26119,1889621555268,132609209683076,20
WORK,E,26117,1889621559071,132609209664764
WORK,B,26117,1889621564048,132609209765471,27
roots,meta,26119,1889621564545,0,1024
WORK,E,26117,1889621565585,132609209765471
WORK,B,26117,1889621568109,132609209583329,19
WORK,E,26117,1889621570964,132609209583329
roots,meta,26115,1889621570791,0,591
WORK,B,26117,1889621573502,132609209597856,20
roots,meta,26119,1889621576770,0,1024
WORK,E,26117,1889621578062,132609209597856
WORK,B,26117,1889621580633,132609209616458,18
roots,meta,26119,1889621581730,0,370
WORK,E,26117,1889621585163,132609209616458
WORK,E,26119,1889621587176,132609209683076
WORK,B,26117,1889621589808,132609209634082,25
WORK,B,26119,1889621591488,132609209739855,29
roots,meta,26117,1889621597981,0,32
WORK,E,26117,1889621606050,132609209634082
WORK,B,26117,1889621611374,132609209678144,23
WORK,E,26115,1889621621688,132609209646046
roots,meta,26116,1889621623812,0,55
WORK,E,26116,1889621630736,132609209624258
WORK,B,26115,1889621631759,132609209678144,23
roots,meta,26119,1889621631800,0,1024
WORK,B,26116,1889621633075,132609209624258,18
roots,meta,26119,1889621640617,0,1024
roots,meta,26119,1889621644090,0,355
WORK,E,26119,1889621646516,132609209739855
WORK,B,26119,1889621648477,132609209678144,23
roots,meta,26116,1889621658175,0,16
WORK,E,26116,1889621663561,132609209624258
WORK,B,26116,1889621665336,132609209624258,18
roots,meta,26116,1889621667135,0,1
WORK,B,26121,1889621668956,132609209678144,23
WORK,E,26116,1889621671912,132609209624258
WORK,B,26116,1889621673380,132609209624258,18
roots,meta,26116,1889621675132,0,1
WORK,E,26116,1889621682047,132609209624258
WORK,B,26116,1889621684904,132609209624258,18
roots,meta,26116,1889621687669,0,3
WORK,E,26116,1889621699938,132609209624258
WORK,B,26116,1889621704192,132609209624258,18
roots,meta,26116,1889621709931,0,6
WORK,E,26116,1889621716602,132609209624258
WORK,B,26116,1889621718885,132609209624258,18
roots,meta,26116,1889621721254,0,1
WORK,E,26116,1889621725901,132609209624258
WORK,B,26116,1889621727392,132609209624258,18
roots,meta,26116,1889621748502,0,19
WORK,E,26116,1889621753709,132609209624258
WORK,B,26116,1889621757057,132609209770587,17
roots,meta,26116,1889621758777,0,36
WORK,E,26116,1889621763737,132609209770587
WORK,B,26116,1889621765878,132609209678144,23
WORK,E,26119,1889621768486,132609209678144
WORK,B,26119,1889621770154,132609209678144,23
WORK,B,26123,1889621794301,132609209678144,23
WORK,B,26120,1889624194205,132609209678144,23
WORK,B,26122,1889624216559,132609209678144,23
WORK,B,26118,1889624274416,132609209678144,23
WORK,B,26114,1889624379744,132609209678144,23
WORK,E,26120,1889626398964,132609209678144
WORK,B,26120,1889626437241,132609209678144,23
WORK,E,26123,1889626438202,132609209678144
WORK,E,26120,1889626442673,132609209678144
WORK,B,26120,1889626443864,132609209678144,23
WORK,B,26123,1889626444748,132609209678144,23
WORK,E,26120,1889626446847,132609209678144
WORK,B,26120,1889626447934,132609209678144,23
WORK,E,26123,1889626450126,132609209678144
WORK,E,26120,1889626450677,132609209678144
WORK,B,26123,1889626452492,132609209678144,23
WORK,B,26120,1889626453089,132609209678144,23
WORK,E,26123,1889626457359,132609209678144
WORK,B,26123,1889626458584,132609209678144,23
WORK,E,26123,1889626512917,132609209678144
WORK,B,26123,1889626518804,132609209665925,11
WORK,E,26123,1889626526774,132609209665925
WORK,B,26123,1889626527665,132609209665925,11
WORK,E,26122,1889626537371,132609209678144
WORK,B,26122,1889626545855,132609209678144,23
WORK,E,26118,1889626602866,132609209678144
WORK,B,26118,1889626620115,132609209665925,11
WORK,E,26122,1889626738024,132609209678144
WORK,B,26122,1889626741871,132609209678144,23
WORK,E,26115,1889626937804,132609209678144
WORK,B,26115,1889626965120,132609209665925,11
WORK,E,26120,1889627015340,132609209678144
WORK,B,26120,1889627020661,132609209665925,11
WORK,E,26120,1889627197730,132609209665925
WORK,E,26118,1889627210878,132609209665925
WORK,B,26120,1889627217101,132609209665925,11
WORK,B,26118,1889627218079,132609209665925,11
WORK,E,26120,1889627221579,132609209665925
WORK,B,26120,1889627222710,132609209665925,11
WORK,E,26120,1889627377603,132609209665925
WORK,B,26120,1889627381691,132609209665925,11
WORK,E,26120,1889627459122,132609209665925
WORK,B,26120,1889627476358,132609209665925,11
WORK,E,26120,1889627504110,132609209665925
WORK,B,26120,1889627505256,132609209665925,11
WORK,E,26120,1889627554209,132609209665925
WORK,B,26120,1889627555817,132609209665925,11
WORK,E,26116,1889627666060,132609209678144
WORK,E,26113,1889627670519,132609209678144
WORK,E,26120,1889627674524,132609209665925
WORK,B,26113,1889627675175,132609209665925,11
WORK,B,26120,1889627676659,132609209665925,11
WORK,E,26118,1889627691209,132609209665925
WORK,B,26118,1889627703217,132609209665925,11
WORK,E,26117,1889627875227,132609209678144
WORK,B,26117,1889627878984,132609209665925,11
WORK,E,26113,1889627881141,132609209665925
WORK,B,26113,1889627885885,132609209665925,11
WORK,E,26120,1889627945865,132609209665925
WORK,E,26123,1889627950643,132609209665925
WORK,E,26118,1889627987044,132609209665925
WORK,B,26118,1889628000907,132609209665925,11
WORK,E,26117,1889628002729,132609209665925
WORK,E,26113,1889628100763,132609209665925
WORK,B,26113,1889628105198,132609209665925,11
WORK,E,26113,1889628257209,132609209665925
WORK,E,26115,1889628268286,132609209665925
WORK,B,26115,1889628278053,132609209665925,11
WORK,B,26113,1889628293668,132609209665925,11
WORK,E,26121,1889628382290,132609209678144
WORK,B,26121,1889628385790,132609209665925,11
WORK,E,26122,1889628390921,132609209678144
WORK,B,26122,1889628394004,132609209665925,11
WORK,E,26113,1889628473872,132609209665925
WORK,B,26113,1889628478267,132609209665925,11
WORK,E,26121,1889628530665,132609209665925
WORK,B,26121,1889628536631,132609209665925,11
WORK,E,26122,1889628565780,132609209665925
WORK,E,26113,1889628580510,132609209665925
WORK,B,26113,1889628583869,132609209665925,11
WORK,E,26118,1889628647772,132609209665925
WORK,B,26118,1889628658696,132609209665925,11
WORK,E,26121,1889628697796,132609209665925
WORK,B,26121,1889628702445,132609209665925,11
WORK,E,26121,1889628743568,132609209665925
WORK,B,26121,1889628745048,132609209665925,11
WORK,E,26113,1889628822574,132609209665925
WORK,E,26115,1889628833916,132609209665925
WORK,E,26121,1889628841358,132609209665925
WORK,E,26114,1889628943935,132609209678144
WORK,E,26119,1889629013126,132609209678144
WORK,E,26118,1889629133792,132609209665925
BUCKET_OPEN,i,26118,1889629153191,18
BUCKET_OPEN,i,26118,1889629153762,18
WORK,B,26121,1889629267505,132609209724486,7
WORK,E,26121,1889632563104,132609209724486
BUCKET_OPEN,i,26121,1889632588097,20
BUCKET_OPEN,i,26121,1889632588739,20
plan_end_of_gc,B,26121,1889632595853
plan_end_of_gc,E,26121,1889632597100
GC,E,26121,1889632599849
WORK,B,26120,1889633127978,132609209769154,11
WORK,B,26115,1889633201539,132609209684752,20
WORK,E,26115,1889633204757,132609209684752
WORK,B,26115,1889633205979,132609209684752,20
WORK,E,26115,1889633206523,132609209684752
WORK,B,26115,1889633207371,132609209684752,20
WORK,E,26115,1889633207980,132609209684752
WORK,B,26115,1889633208784,132609209684752,20
WORK,E,26115,1889633209399,132609209684752
WORK,B,26115,1889633210196,132609209684752,20
WORK,E,26115,1889633210700,132609209684752
WORK,B,26115,1889633211551,132609209684752,20
WORK,E,26115,1889633212151,132609209684752
WORK,B,26115,1889633213233,132609209684752,20
WORK,E,26115,1889633213837,132609209684752
WORK,B,26115,1889633214789,132609209684752,20
WORK,E,26115,1889633216380,132609209684752
WORK,B,26115,1889633218145,132609209684752,20
WORK,E,26115,1889633218854,132609209684752
WORK,B,26115,1889633219769,132609209684752,20
WORK,E,26115,1889633220308,132609209684752
WORK,B,26119,1889633222713,132609209684752,20
WORK,E,26120,1889633225404,132609209769154
WORK,B,26123,1889633238508,132609209648742,14
WORK,E,26123,1889633243024,132609209648742
WORK,E,26119,1889633287981,132609209684752
GC,B,26113,1892255823017
WORK,B,26113,1892255853051,132609209614824,18
WORK,E,26113,1892255906182,132609209614824
WORK,B,26113,1892255912851,132609209572369,12
WORK,B,26123,1892257222969,132609209685392,13
WORK,E,26123,1892257232988,132609209685392
WORK,B,26123,1892257238406,132609209596068,11
WORK,B,26121,1892257288773,132609209624258,18
WORK,B,26117,1892257298162,132609209624258,18
roots,meta,26121,1892257299151,0,1
WORK,E,26121,1892257303457,132609209624258
WORK,B,26121,1892257305036,132609209624258,18
roots,meta,26121,1892257306909,0,1
WORK,E,26121,1892257308454,132609209624258
WORK,B,26121,1892257309633,132609209624258,18
roots,meta,26121,1892257315204,0,15
WORK,B,26122,1892257325190,132609209597856,20
WORK,E,26122,1892257331232,132609209597856
WORK,B,26122,1892257333400,132609209616458,18
WORK,E,26122,1892257334937,132609209616458
WORK,B,26122,1892257337095,132609209634082,25
WORK,B,26119,1892257338860,132609209739855,29
roots,meta,26122,1892257344205,0,37
WORK,E,26122,1892257346482,132609209634082
WORK,B,26122,1892257348961,132609209757476,18
WORK,B,26114,1892257364974,132609209678144,23
WORK,E,26121,1892257376076,132609209624258
roots,meta,26122,1892257379163,0,1024
WORK,B,26121,1892257380432,132609209624258,18
WORK,B,26115,1892257384294,132609209678144,23
roots,meta,26119,1892257407558,0,1024
WORK,B,26116,1892257418960,132609209678144,23
WORK,E,26114,1892257419986,132609209678144
WORK,B,26114,1892257424578,132609209678144,23
WORK,E,26114,1892257429178,132609209678144
WORK,E,26113,1892257431331,132609209572369
WORK,B,26114,1892257432635,132609209665925,11
roots,meta,26119,1892257435048,0,1024
WORK,B,26113,1892257439813,132609209665925,11
WORK,B,26120,1892257455893,132609209665925,11
roots,meta,26119,1892257492408,0,1024
roots,meta,26119,1892257532899,0,1024
roots,meta,26119,1892257570223,0,1024
roots,meta,26119,1892257592495,0,569
WORK,E,26119,1892257604658,132609209739855
WORK,B,26119,1892257609632,132609209646046,22
roots,meta,26119,1892257636224,0,865
WORK,E,26119,1892257645502,132609209646046
WORK,B,26119,1892257649438,132609209713976,17
WORK,E,26119,1892257654339,132609209713976
WORK,B,26119,1892257656914,132609209678144,23
roots,meta,26122,1892257751864,0,1024
WORK,E,26115,1892257974952,132609209678144
WORK,B,26115,1892257977961,132609209678144,23
WORK,E,26115,1892258028392,132609209678144
WORK,B,26115,1892258031846,132609209678144,23
WORK,E,26115,1892258051912,132609209678144
WORK,B,26115,1892258053596,132609209678144,23
WORK,E,26116,1892258187048,132609209678144
WORK,B,26116,1892258191364,132609209678144,23
WORK,E,26115,1892258318649,132609209678144
WORK,B,26115,1892258321078,132609209678144,23
WORK,E,26116,1892258323799,132609209678144
WORK,B,26116,1892258328743,132609209624258,18
roots,meta,26122,1892258357325,0,1024
WORK,B,26118,1892258432992,132609209678144,23
roots,meta,26122,1892258438731,0,1024
roots,meta,26116,1892258472310,0,87
roots,meta,26117,1892258476181,0,150
WORK,E,26116,1892258486459,132609209624258
WORK,B,26116,1892258490305,132609209678144,23
roots,meta,26122,1892258492687,0,1024
WORK,E,26117,1892258522242,132609209624258
WORK,B,26117,1892258526561,132609209624258,18
roots,meta,26117,1892258743204,0,125
WORK,E,26117,1892258847275,132609209624258
WORK,B,26117,1892258852555,132609209624258,18
WORK,E,26119,1892258885526,132609209678144
WORK,B,26119,1892258889889,132609209678144,23
WORK,E,26120,1892258914937,132609209665925
WORK,B,26120,1892258919586,132609209665925,11
roots,meta,26121,1892258931953,0,9
WORK,E,26121,1892258960480,132609209624258
WORK,B,26121,1892258964003,132609209624258,18
roots,meta,26121,1892258966559,0,1
WORK,E,26121,1892258981751,132609209624258
WORK,B,26121,1892258983150,132609209624258,18
roots,meta,26121,1892258995714,0,19
roots,meta,26117,1892259026667,0,149
WORK,E,26121,1892259033168,132609209624258
WORK,B,26121,1892259035112,132609209624258,18
roots,meta,26121,1892259042246,0,290
WORK,E,26117,1892259044398,132609209624258
WORK,B,26117,1892259046471,132609209624258,18
WORK,E,26121,1892259057246,132609209624258
WORK,B,26121,1892259058499,132609209624258,18
roots,meta,26121,1892259063004,0,286
WORK,E,26121,1892259114607,132609209624258
WORK,B,26121,1892259116226,132609209624258,18
roots,meta,26117,1892259131067,0,118
roots,meta,26121,1892259131995,0,94
WORK,E,26121,1892259151624,132609209624258
WORK,E,26117,1892259151817,132609209624258
WORK,B,26121,1892259152990,132609209624258,18
WORK,B,26117,1892259154778,132609209770587,17
roots,meta,26117,1892259157034,0,36
WORK,E,26117,1892259172091,132609209770587
WORK,B,26117,1892259174256,132609209664764,19
roots,meta,26117,1892259176598,0,13
WORK,E,26117,1892259192294,132609209664764
WORK,B,26117,1892259194579,132609209765471,27
WORK,E,26117,1892259195952,132609209765471
WORK,B,26117,1892259198050,132609209583329,19
WORK,E,26117,1892259201658,132609209583329
WORK,B,26117,1892259203432,132609209665925,11
roots,meta,26122,1892259238300,0,1024
roots,meta,26121,1892259244665,0,94
roots,meta,26122,1892259296409,0,1024
roots,meta,26122,1892259356154,0,1024
roots,meta,26122,1892259397529,0,1024
WORK,E,26121,1892259408893,132609209624258
WORK,B,26121,1892259413079,132609209624258,18
roots,meta,26122,1892259441985,0,1024
roots,meta,26121,1892259454145,0,166
WORK,E,26121,1892259471220,132609209624258
WORK,B,26121,1892259472823,132609209624258,18
roots,meta,26121,1892259512170,0,182
WORK,E,26121,1892259516518,132609209624258
WORK,B,26121,1892259518378,132609209624258,18
roots,meta,26121,1892259533961,0,120
WORK,E,26121,1892259538004,132609209624258
WORK,B,26121,1892259539331,132609209624258,18
roots,meta,26121,1892259554032,0,149
WORK,E,26121,1892259574585,132609209624258
WORK,B,26121,1892259576161,132609209624258,18
roots,meta,26121,1892259585954,0,89
WORK,E,26121,1892259600732,132609209624258
WORK,B,26121,1892259601981,132609209624258,18
roots,meta,26121,1892259608233,0,96
WORK,E,26121,1892259646614,132609209624258
WORK,B,26121,1892259648196,132609209624258,18
roots,meta,26121,1892259667879,0,142
WORK,E,26121,1892259683493,132609209624258
WORK,B,26121,1892259685584,132609209665925,11
WORK,E,26120,1892259862201,132609209665925
WORK,B,26120,1892259866852,132609209665925,11
WORK,E,26119,1892259926361,132609209678144
WORK,B,26119,1892259931236,132609209678144,23
WORK,E,26120,1892260330748,132609209665925
WORK,B,26120,1892260335188,132609209665925,11
WORK,E,26120,1892261241788,132609209665925
WORK,B,26120,1892261246571,132609209665925,11
WORK,E,26113,1892261302716,132609209665925
WORK,E,26116,1892261305964,132609209678144
WORK,B,26113,1892261308280,132609209665925,11
WORK,B,26116,1892261310357,132609209678144,23
WORK,E,26119,1892261716040,132609209678144
WORK,B,26119,1892261720987,132609209678144,23
WORK,E,26120,1892262201195,132609209665925
WORK,B,26120,1892262206863,132609209678144,23
WORK,E,26117,1892262527701,132609209665925
WORK,B,26117,1892262531911,132609209665925,11
WORK,E,26113,1892262772875,132609209665925
WORK,B,26113,1892262777395,132609209665925,11
roots,meta,26122,1892263100353,0,874
WORK,E,26122,1892263108187,132609209757476
WORK,B,26122,1892263112705,132609209683076,20
WORK,E,26117,1892263121079,132609209665925
WORK,B,26117,1892263123314,132609209665925,11
roots,meta,26122,1892263127361,0,1024
roots,meta,26122,1892263139682,0,1024
roots,meta,26122,1892263151322,0,1024
roots,meta,26122,1892263163845,0,1024
roots,meta,26122,1892263175321,0,1024
WORK,E,26117,1892263179025,132609209665925
WORK,B,26117,1892263180299,132609209665925,11
roots,meta,26122,1892263187756,0,1024
roots,meta,26122,1892263199141,0,1024
WORK,E,26117,1892263205711,132609209665925
WORK,B,26117,1892263206807,132609209665925,11
roots,meta,26122,1892263211432,0,1024
roots,meta,26122,1892263228815,0,1024
WORK,E,26117,1892263237507,132609209665925
WORK,B,26117,1892263239780,132609209665925,11
roots,meta,26122,1892263240650,0,1024
roots,meta,26122,1892263249508,0,796
WORK,E,26122,1892263252315,132609209683076
WORK,B,26122,1892263255935,132609209665925,11
WORK,E,26119,1892263442071,132609209678144
WORK,B,26119,1892263446047,132609209665925,11
WORK,E,26117,1892263588503,132609209665925
WORK,B,26117,1892263590424,132609209665925,11
WORK,E,26117,1892263592076,132609209665925
WORK,B,26117,1892263593006,132609209665925,11
WORK,E,26119,1892263606364,132609209665925
WORK,B,26119,1892263609731,132609209665925,11
WORK,E,26113,1892263754467,132609209665925
WORK,B,26113,1892263758458,132609209665925,11
WORK,E,26122,1892264041518,132609209665925
WORK,B,26122,1892264045825,132609209665925,11
WORK,E,26117,1892264045858,132609209665925
WORK,B,26117,1892264048033,132609209665925,11
WORK,E,26119,1892264152353,132609209665925
WORK,B,26119,1892264156411,132609209665925,11
WORK,E,26122,1892264254631,132609209665925
WORK,B,26122,1892264259985,132609209678144,23
WORK,E,26117,1892264275549,132609209665925
WORK,B,26117,1892264278229,132609209678144,23
WORK,E,26117,1892264413608,132609209678144
WORK,B,26117,1892264415258,132609209678144,23
WORK,E,26117,1892264444466,132609209678144
WORK,B,26117,1892264445578,132609209678144,23
WORK,E,26117,1892264471764,132609209678144
WORK,B,26117,1892264472738,132609209678144,23
WORK,E,26122,1892264478482,132609209678144
WORK,B,26122,1892264481791,132609209678144,23
WORK,E,26117,1892264516142,132609209678144
WORK,B,26117,1892264518415,132609209678144,23
WORK,E,26113,1892264528755,132609209665925
WORK,B,26113,1892264532722,132609209665925,11
WORK,E,26113,1892264888030,132609209665925
WORK,B,26113,1892264892278,132609209665925,11
WORK,E,26119,1892264914606,132609209665925
WORK,B,26119,1892264917939,132609209665925,11
WORK,E,26113,1892265200051,132609209665925
WORK,B,26113,1892265204117,132609209665925,11
WORK,E,26119,1892265448229,132609209665925
WORK,B,26119,1892265452020,132609209665925,11
WORK,E,26121,1892265723977,132609209665925
WORK,B,26121,1892265735957,132609209665925,11
WORK,E,26115,1892265808030,132609209678144
WORK,B,26115,1892265885022,132609209665925,11
WORK,E,26117,1892265923419,132609209678144
WORK,E,26118,1892265948053,132609209678144
WORK,B,26117,1892265951848,132609209678144,23
WORK,B,26118,1892265963696,132609209665925,11
WORK,E,26113,1892266056563,132609209665925
WORK,B,26113,1892266070964,132609209678144,23
WORK,E,26115,1892266132301,132609209665925
WORK,B,26115,1892266139902,132609209665925,11
WORK,E,26119,1892266180683,132609209665925
WORK,E,26121,1892266188345,132609209665925
WORK,B,26121,1892266193182,132609209678144,23
WORK,B,26119,1892266195781,132609209665925,11
WORK,E,26123,1892266258075,132609209596068
WORK,B,26123,1892266273229,132609209596068,11
WORK,E,26123,1892266281644,132609209596068
WORK,B,26123,1892266282945,132609209596068,11
WORK,E,26121,1892266334965,132609209678144
WORK,B,26121,1892266349991,132609209678144,23
WORK,E,26113,1892266451916,132609209678144
WORK,B,26113,1892266465116,132609209678144,23
WORK,E,26121,1892266466950,132609209678144
WORK,B,26121,1892266470530,132609209665925,11
WORK,E,26117,1892266490915,132609209678144
WORK,B,26117,1892266505601,132609209678144,23
WORK,E,26118,1892266573432,132609209665925
WORK,B,26118,1892266584706,132609209665925,11
WORK,E,26123,1892266600610,132609209596068
WORK,B,26123,1892266603140,132609209596068,11
WORK,E,26121,1892266608794,132609209665925
WORK,B,26121,1892266612211,132609209665925,11
WORK,E,26123,1892266736586,132609209596068
WORK,B,26123,1892266747680,132609209596068,11
WORK,E,26117,1892266818434,132609209678144
WORK,B,26117,1892266838599,132609209665925,11
WORK,E,26113,1892266844720,132609209678144
WORK,B,26113,1892266848397,132609209678144,23
WORK,E,26114,1892266921642,132609209665925
WORK,B,26114,1892266940007,132609209665925,11
WORK,E,26123,1892267059369,132609209596068
WORK,B,26123,1892267069415,132609209596068,11
WORK,E,26123,1892267116120,132609209596068
WORK,B,26123,1892267122571,132609209596068,11
WORK,E,26113,1892267127076,132609209678144
WORK,B,26113,1892267132693,132609209665925,11
WORK,E,26117,1892267166200,132609209665925
WORK,B,26117,1892267185900,132609209665925,11
WORK,E,26123,1892267432010,132609209596068
WORK,B,26123,1892267440731,132609209596068,11
WORK,E,26117,1892267500397,132609209665925
WORK,B,26117,1892267525740,132609209665925,11
WORK,E,26123,1892267862090,132609209596068
WORK,B,26123,1892267871556,132609209596068,11
WORK,E,26123,1892268059416,132609209596068
WORK,B,26123,1892268067949,132609209596068,11
WORK,E,26117,1892268202649,132609209665925
WORK,E,26115,1892268227701,132609209665925
WORK,B,26115,1892268234883,132609209665925,11
WORK,B,26117,1892268238456,132609209665925,11
WORK,E,26121,1892268315335,132609209665925
WORK,E,26119,1892268324590,132609209665925
WORK,E,26123,1892268331847,132609209596068
WORK,B,26119,1892268332163,132609209665925,11
WORK,B,26121,1892268333693,132609209665925,11
WORK,B,26123,1892268334542,132609209596068,11
WORK,E,26123,1892268490275,132609209596068
WORK,B,26123,1892268497977,132609209596068,11
WORK,E,26113,1892268554858,132609209665925
WORK,B,26113,1892268572068,132609209665925,11
WORK,E,26119,1892268693161,132609209665925
WORK,B,26119,1892268708363,132609209665925,11
WORK,E,26121,1892268988211,132609209665925
WORK,E,26123,1892269000850,132609209596068
WORK,B,26121,1892269002289,132609209665925,11
WORK,B,26123,1892269003620,132609209596068,11
WORK,E,26117,1892269111338,132609209665925
WORK,E,26123,1892269134988,132609209596068
WORK,B,26117,1892269136317,132609209665925,11
WORK,B,26123,1892269143451,132609209596068,11
WORK,E,26123,1892269164087,132609209596068
WORK,B,26123,1892269169490,132609209596068,11
WORK,E,26115,1892269245615,132609209665925
WORK,E,26120,1892269251026,132609209678144
WORK,B,26115,1892269253803,132609209665925,11
WORK,B,26120,1892269256768,132609209678144,23
WORK,E,26114,1892269311789,132609209665925
WORK,E,26123,1892269327307,132609209596068
WORK,B,26114,1892269327773,132609209665925,11
WORK,B,26123,1892269329259,132609209596068,11
WORK,E,26117,1892269437867,132609209665925
WORK,B,26117,1892269463549,132609209665925,11
WORK,E,26118,1892269493686,132609209665925
WORK,B,26118,1892269509525,132609209665925,11
WORK,E,26115,1892269526957,132609209665925
WORK,B,26115,1892269533741,132609209665925,11
WORK,E,26120,1892269555129,132609209678144
WORK,B,26120,1892269572544,132609209678144,23
WORK,E,26123,1892269583624,132609209596068
WORK,B,26123,1892269587645,132609209624258,18
WORK,E,26117,1892269728335,132609209665925
WORK,B,26117,1892269751967,132609209665925,11
WORK,E,26113,1892269827963,132609209665925
WORK,B,26113,1892269841630,132609209665925,11
roots,meta,26123,1892269859175,0,121
WORK,E,26123,1892270032122,132609209624258
WORK,B,26123,1892270047189,132609209624258,18
roots,meta,26123,1892270063874,0,8
WORK,E,26123,1892270067378,132609209624258
WORK,B,26123,1892270072067,132609209624258,18
roots,meta,26123,1892270079910,0,16
WORK,E,26123,1892270085909,132609209624258
WORK,B,26123,1892270087614,132609209665925,11
WORK,E,26115,1892270104941,132609209665925
WORK,B,26115,1892270113889,132609209678144,23
WORK,E,26119,1892270186488,132609209665925
WORK,B,26119,1892270203483,132609209665925,11
WORK,E,26123,1892270251718,132609209665925
WORK,B,26123,1892270259343,132609209665925,11
WORK,E,26114,1892270288900,132609209665925
WORK,B,26114,1892270303596,132609209665925,11
WORK,E,26121,1892270344099,132609209665925
WORK,B,26121,1892270358521,132609209665925,11
WORK,E,26123,1892270411279,132609209665925
WORK,B,26123,1892270418517,132609209665925,11
WORK,E,26123,1892270536322,132609209665925
WORK,B,26123,1892270544510,132609209678144,23
WORK,E,26123,1892270549777,132609209678144
WORK,B,26123,1892270552366,132609209665925,11
WORK,E,26115,1892270613413,132609209678144
WORK,B,26115,1892270622348,132609209678144,23
WORK,E,26115,1892270628679,132609209678144
WORK,B,26115,1892270630768,132609209665925,11
WORK,E,26115,1892270692678,132609209665925
WORK,E,26117,1892270715234,132609209665925
WORK,E,26113,1892270723809,132609209665925
WORK,B,26115,1892270728261,132609209665925,11
WORK,B,26113,1892270889275,132609209665925,11
WORK,E,26123,1892270922402,132609209665925
WORK,B,26123,1892270926150,132609209665925,11
WORK,E,26121,1892271000253,132609209665925
WORK,B,26121,1892271005520,132609209665925,11
WORK,B,26117,1892271056619,132609209665925,11
WORK,E,26119,1892271059871,132609209665925
WORK,B,26119,1892271066414,132609209665925,11
WORK,E,26113,1892271115473,132609209665925
WORK,E,26116,1892271123574,132609209678144
WORK,B,26116,1892271126371,132609209665925,11
WORK,E,26114,1892271129267,132609209665925
WORK,B,26113,1892271131682,132609209665925,11
WORK,B,26114,1892271134455,132609209665925,11
WORK,E,26121,1892271182125,132609209665925
WORK,B,26121,1892271189866,132609209665925,11
WORK,E,26115,1892271430239,132609209665925
WORK,E,26116,1892271434549,132609209665925
WORK,B,26116,1892271436959,132609209665925,11
WORK,E,26121,1892271439445,132609209665925
WORK,B,26121,1892271443259,132609209665925,11
WORK,B,26115,1892271451659,132609209665925,11
WORK,E,26114,1892271463591,132609209665925
WORK,B,26114,1892271467524,132609209665925,11
WORK,E,26123,1892271485957,132609209665925
WORK,B,26123,1892271495959,132609209665925,11
WORK,E,26120,1892271584435,132609209678144
WORK,B,26120,1892271594590,132609209678144,23
WORK,E,26120,1892271603918,132609209678144
WORK,B,26120,1892271608950,132609209678144,23
WORK,E,26120,1892271611047,132609209678144
WORK,B,26120,1892271612270,132609209678144,23
WORK,E,26120,1892271619215,132609209678144
WORK,B,26120,1892271623601,132609209678144,23
WORK,E,26121,1892271647296,132609209665925
WORK,B,26121,1892271657097,132609209665925,11
WORK,E,26115,1892271689671,132609209665925
WORK,B,26115,1892271708249,132609209665925,11
WORK,E,26119,1892271722038,132609209665925
WORK,B,26119,1892271736916,132609209665925,11
WORK,E,26116,1892271772490,132609209665925
WORK,B,26116,1892271780126,132609209665925,11
WORK,E,26121,1892271981242,132609209665925
WORK,B,26121,1892271990414,132609209665925,11
WORK,E,26120,1892272300050,132609209678144
WORK,B,26120,1892272311755,132609209678144,23
WORK,E,26120,1892272335213,132609209678144
WORK,B,26120,1892272336343,132609209678144,23
WORK,E,26120,1892272348813,132609209678144
WORK,B,26120,1892272349900,132609209678144,23
WORK,E,26119,1892272492049,132609209665925
WORK,B,26119,1892272497191,132609209665925,11
WORK,E,26117,1892272600193,132609209665925
WORK,B,26117,1892272629624,132609209665925,11
WORK,E,26115,1892272974514,132609209665925
WORK,E,26119,1892272974529,132609209665925
WORK,B,26119,1892272982132,132609209665925,11
WORK,B,26115,1892272989761,132609209665925,11
WORK,E,26118,1892273042963,132609209665925
WORK,B,26118,1892273053376,132609209665925,11
WORK,E,26113,1892273054367,132609209665925
WORK,B,26113,1892273061476,132609209665925,11
WORK,E,26123,1892273185531,132609209665925
WORK,B,26123,1892273195239,132609209665925,11
WORK,E,26119,1892273248308,132609209665925
WORK,B,26119,1892273262276,132609209665925,11
WORK,E,26122,1892273281127,132609209678144
WORK,B,26122,1892273295707,132609209678144,23
WORK,E,26114,1892273347275,132609209665925
WORK,E,26123,1892273354309,132609209665925
WORK,B,26123,1892273356204,132609209665925,11
WORK,B,26114,1892273359460,132609209665925,11
WORK,E,26116,1892273389151,132609209665925
WORK,B,26116,1892273396972,132609209665925,11
WORK,E,26122,1892273486308,132609209678144
WORK,B,26122,1892273497011,132609209678144,23
WORK,E,26123,1892273499746,132609209665925
WORK,B,26123,1892273501755,132609209665925,11
WORK,E,26116,1892273594762,132609209665925
WORK,B,26116,1892273602053,132609209665925,11
WORK,E,26123,1892273652396,132609209665925
WORK,B,26123,1892273664320,132609209665925,11
WORK,E,26122,1892273667145,132609209678144
WORK,B,26122,1892273669611,132609209678144,23
WORK,E,26116,1892273712568,132609209665925
WORK,B,26116,1892273714510,132609209665925,11
WORK,E,26122,1892273819423,132609209678144
WORK,B,26122,1892273832459,132609209678144,23
WORK,E,26122,1892273995448,132609209678144
WORK,B,26122,1892274005037,132609209678144,23
WORK,E,26114,1892274022769,132609209665925
WORK,B,26114,1892274026044,132609209665925,11
WORK,E,26115,1892274040431,132609209665925
WORK,B,26115,1892274049110,132609209665925,11
WORK,E,26118,1892274081118,132609209665925
WORK,B,26118,1892274099918,132609209665925,11
WORK,E,26121,1892274164651,132609209665925
WORK,B,26121,1892274174876,132609209665925,11
WORK,E,26117,1892274272486,132609209665925
WORK,B,26117,1892274308843,132609209665925,11
WORK,E,26116,1892274450459,132609209665925
WORK,B,26116,1892274459195,132609209665925,11
WORK,E,26118,1892274556217,132609209665925
WORK,B,26118,1892274572736,132609209665925,11
WORK,E,26114,1892274608472,132609209665925
WORK,B,26114,1892274616532,132609209665925,11
WORK,E,26123,1892274650305,132609209665925
WORK,B,26123,1892274659775,132609209665925,11
WORK,E,26121,1892274698766,132609209665925
WORK,B,26121,1892274848156,132609209665925,11
WORK,E,26119,1892275009034,132609209665925
WORK,B,26119,1892275018980,132609209665925,11
WORK,E,26123,1892275047049,132609209665925
WORK,B,26123,1892275051700,132609209665925,11
WORK,E,26117,1892275092701,132609209665925
WORK,B,26117,1892275125420,132609209665925,11
WORK,E,26123,1892275251089,132609209665925
WORK,B,26123,1892275260254,132609209665925,11
WORK,E,26118,1892275416395,132609209665925
WORK,B,26118,1892275430599,132609209665925,11
WORK,E,26121,1892275446929,132609209665925
WORK,B,26121,1892275450713,132609209665925,11
WORK,E,26117,1892275497995,132609209665925
WORK,B,26117,1892275538416,132609209665925,11
WORK,E,26113,1892275848894,132609209665925
WORK,E,26118,1892275864574,132609209665925
WORK,B,26118,1892275868741,132609209665925,11
WORK,B,26113,1892275924036,132609209665925,11
WORK,E,26123,1892275967325,132609209665925
WORK,B,26123,1892275973708,132609209665925,11
WORK,E,26118,1892276205852,132609209665925
WORK,E,26119,1892276215931,132609209665925
WORK,B,26118,1892276217280,132609209665925,11
WORK,B,26119,1892276218838,132609209665925,11
WORK,E,26113,1892276359182,132609209665925
WORK,E,26117,1892276372381,132609209665925
WORK,B,26117,1892276376803,132609209665925,11
WORK,B,26113,1892276415102,132609209665925,11
WORK,E,26118,1892276432563,132609209665925
WORK,B,26118,1892276439408,132609209665925,11
WORK,E,26116,1892276526864,132609209665925
WORK,B,26116,1892276543897,132609209665925,11
WORK,E,26121,1892276580449,132609209665925
WORK,E,26123,1892276588743,132609209665925
WORK,B,26123,1892276591145,132609209665925,11
WORK,B,26121,1892276594654,132609209665925,11
WORK,E,26113,1892276942367,132609209665925
WORK,E,26115,1892276978919,132609209665925
WORK,B,26115,1892276983495,132609209665925,11
WORK,E,26121,1892276997727,132609209665925
WORK,B,26121,1892277005050,132609209665925,11
WORK,B,26113,1892277023464,132609209665925,11
WORK,E,26123,1892277061256,132609209665925
WORK,B,26123,1892277071490,132609209665925,11
WORK,E,26114,1892277469869,132609209665925
WORK,E,26121,1892277470111,132609209665925
WORK,B,26121,1892277474737,132609209665925,11
WORK,B,26114,1892277480126,132609209665925,11
WORK,E,26123,1892277578766,132609209665925
WORK,B,26123,1892277586497,132609209665925,11
WORK,E,26115,1892277752240,132609209665925
WORK,B,26115,1892277766793,132609209665925,11
WORK,E,26114,1892277786555,132609209665925
WORK,B,26114,1892277788526,132609209665925,11
WORK,E,26113,1892277823799,132609209665925
WORK,B,26113,1892277855044,132609209665925,11
WORK,E,26121,1892277889231,132609209665925
WORK,B,26121,1892277904457,132609209665925,11
WORK,E,26123,1892277915365,132609209665925
WORK,B,26123,1892277917401,132609209665925,11
WORK,E,26116,1892277990308,132609209665925
WORK,B,26116,1892278000666,132609209665925,11
WORK,E,26114,1892278069551,132609209665925
WORK,B,26114,1892278077642,132609209665925,11
WORK,E,26123,1892278139962,132609209665925
WORK,E,26118,1892278141011,132609209665925
WORK,B,26118,1892278145200,132609209665925,11
WORK,B,26123,1892278147555,132609209665925,11
WORK,E,26116,1892278392292,132609209665925
WORK,B,26116,1892278400699,132609209665925,11
WORK,E,26123,1892278581293,132609209665925
WORK,B,26123,1892278589618,132609209665925,11
WORK,E,26116,1892278830135,132609209665925
WORK,B,26116,1892278833560,132609209665925,11
WORK,E,26116,1892278974680,132609209665925
WORK,B,26116,1892278978954,132609209665925,11
WORK,E,26121,1892279284069,132609209665925
WORK,B,26121,1892279288710,132609209665925,11
WORK,E,26114,1892279341776,132609209665925
WORK,B,26114,1892279344759,132609209665925,11
WORK,E,26118,1892279426809,132609209665925
WORK,B,26118,1892279430942,132609209665925,11
WORK,E,26117,1892280238222,132609209665925
WORK,B,26117,1892280255952,132609209665925,11
WORK,E,26115,1892280419846,132609209665925
WORK,B,26115,1892280423622,132609209665925,11
WORK,E,26122,1892280553918,132609209678144
WORK,B,26122,1892280561650,132609209678144,23
WORK,E,26123,1892280760961,132609209665925
WORK,B,26123,1892280776601,132609209665925,11
WORK,E,26121,1892281067179,132609209665925
WORK,B,26121,1892281114099,132609209665925,11
WORK,E,26115,1892281509810,132609209665925
WORK,B,26115,1892281520772,132609209665925,11
WORK,E,26117,1892281663367,132609209665925
WORK,B,26117,1892281680286,132609209665925,11
WORK,E,26122,1892281713694,132609209678144
WORK,B,26122,1892281725430,132609209678144,23
WORK,E,26113,1892281884876,132609209665925
WORK,B,26113,1892281893921,132609209665925,11
WORK,E,26114,1892281932843,132609209665925
WORK,B,26114,1892281953527,132609209665925,11
WORK,E,26121,1892282020697,132609209665925
WORK,B,26121,1892282046759,132609209665925,11
WORK,E,26113,1892282382211,132609209665925
WORK,B,26113,1892282391453,132609209665925,11
WORK,E,26115,1892282402868,132609209665925
WORK,B,26115,1892282404948,132609209665925,11
WORK,E,26121,1892282480361,132609209665925
WORK,B,26121,1892282503469,132609209665925,11
WORK,E,26118,1892282832906,132609209665925
WORK,B,26118,1892282837893,132609209665925,11
WORK,E,26114,1892283076434,132609209665925
WORK,B,26114,1892283082346,132609209665925,11
WORK,E,26121,1892283142188,132609209665925
WORK,B,26121,1892283151581,132609209665925,11
WORK,E,26113,1892283216792,132609209665925
WORK,B,26113,1892283244849,132609209665925,11
WORK,E,26123,1892283253563,132609209665925
WORK,B,26123,1892283259290,132609209665925,11
WORK,E,26117,1892283322550,132609209665925
WORK,B,26117,1892283334423,132609209665925,11
WORK,E,26118,1892283443811,132609209665925
WORK,B,26118,1892283447405,132609209665925,11
WORK,E,26113,1892283451950,132609209665925
WORK,B,26113,1892283454410,132609209665925,11
WORK,E,26115,1892283550374,132609209665925
WORK,B,26115,1892283552327,132609209665925,11
WORK,E,26113,1892283575576,132609209665925
WORK,B,26113,1892283580112,132609209665925,11
WORK,E,26123,1892283790212,132609209665925
WORK,B,26123,1892283795736,132609209665925,11
WORK,E,26115,1892283808869,132609209665925
WORK,B,26115,1892283810849,132609209665925,11
WORK,E,26117,1892283832092,132609209665925
WORK,B,26117,1892283840600,132609209665925,11
WORK,E,26121,1892283847368,132609209665925
WORK,B,26121,1892283852975,132609209665925,11
WORK,E,26115,1892284004119,132609209665925
WORK,B,26115,1892284006173,132609209665925,11
WORK,E,26115,1892284254318,132609209665925
WORK,B,26115,1892284256536,132609209665925,11
WORK,E,26115,1892284427750,132609209665925
WORK,B,26115,1892284429652,132609209665925,11
WORK,E,26121,1892284456702,132609209665925
WORK,B,26121,1892284459249,132609209665925,11
WORK,E,26122,1892284484606,132609209678144
WORK,B,26122,1892284487841,132609209678144,23
WORK,E,26113,1892284986918,132609209665925
WORK,B,26113,1892285006156,132609209665925,11
WORK,E,26114,1892285029887,132609209665925
WORK,B,26114,1892285034825,132609209665925,11
WORK,E,26121,1892285288377,132609209665925
WORK,B,26121,1892285294103,132609209665925,11
WORK,E,26120,1892285366156,132609209678144
WORK,B,26120,1892285373113,132609209678144,23
WORK,E,26116,1892285494534,132609209665925
WORK,B,26116,1892285497530,132609209665925,11
WORK,E,26121,1892285611523,132609209665925
WORK,B,26121,1892285613399,132609209665925,11
WORK,E,26123,1892285800603,132609209665925
WORK,B,26123,1892285805326,132609209665925,11
WORK,E,26121,1892285854278,132609209665925
WORK,B,26121,1892285856126,132609209665925,11
WORK,E,26116,1892285866573,132609209665925
WORK,B,26116,1892285868227,132609209665925,11
WORK,E,26120,1892286014868,132609209678144
WORK,B,26120,1892286019702,132609209678144,23
WORK,E,26120,1892286028864,132609209678144
WORK,B,26120,1892286030196,132609209678144,23
WORK,E,26120,1892286033289,132609209678144
WORK,B,26120,1892286034539,132609209665925,11
WORK,E,26120,1892286058868,132609209665925
WORK,B,26120,1892286060945,132609209665925,11
WORK,E,26114,1892286497229,132609209665925
WORK,B,26114,1892286503565,132609209665925,11
WORK,E,26120,1892286702751,132609209665925
WORK,B,26120,1892286717127,132609209665925,11
WORK,E,26121,1892286894058,132609209665925
WORK,B,26121,1892286898845,132609209665925,11
WORK,E,26120,1892287233852,132609209665925
WORK,B,26120,1892287239748,132609209665925,11
WORK,E,26121,1892287344667,132609209665925
WORK,B,26121,1892287349569,132609209665925,11
WORK,E,26114,1892287468999,132609209665925
WORK,B,26114,1892287473008,132609209665925,11
WORK,E,26120,1892287588973,132609209665925
WORK,B,26120,1892287592910,132609209665925,11
WORK,E,26113,1892287632016,132609209665925
WORK,B,26113,1892287637909,132609209665925,11
WORK,E,26114,1892287733555,132609209665925
WORK,B,26114,1892287736200,132609209665925,11
WORK,E,26119,1892287773945,132609209665925
WORK,B,26119,1892287779332,132609209665925,11
WORK,E,26120,1892288023177,132609209665925
WORK,B,26120,1892288027761,132609209665925,11
WORK,E,26121,1892288460435,132609209665925
WORK,B,26121,1892288465213,132609209665925,11
WORK,E,26118,1892288776946,132609209665925
WORK,B,26118,1892288781789,132609209665925,11
WORK,E,26119,1892288916582,132609209665925
WORK,B,26119,1892288920380,132609209665925,11
WORK,E,26115,1892288949870,132609209665925
WORK,B,26115,1892288953231,132609209665925,11
WORK,E,26113,1892289197711,132609209665925
WORK,B,26113,1892289203663,132609209665925,11
WORK,E,26120,1892289758954,132609209665925
WORK,B,26120,1892289763948,132609209665925,11
WORK,E,26121,1892289811817,132609209665925
WORK,B,26121,1892289815357,132609209665925,11
WORK,E,26123,1892289824901,132609209665925
WORK,B,26123,1892289832161,132609209665925,11
WORK,E,26113,1892290266297,132609209665925
WORK,B,26113,1892290270422,132609209665925,11
WORK,E,26119,1892290591368,132609209665925
WORK,B,26119,1892290628256,132609209665925,11
WORK,E,26117,1892290641492,132609209665925
WORK,B,26117,1892290647472,132609209665925,11
WORK,E,26123,1892290655558,132609209665925
WORK,B,26123,1892290659439,132609209665925,11
WORK,E,26115,1892290669632,132609209665925
WORK,B,26115,1892290673492,132609209665925,11
WORK,E,26119,1892290916847,132609209665925
WORK,B,26119,1892290936940,132609209665925,11
WORK,E,26118,1892290999949,132609209665925
WORK,B,26118,1892291015216,132609209665925,11
WORK,E,26123,1892291240340,132609209665925
WORK,B,26123,1892291243564,132609209665925,11
WORK,E,26113,1892291351961,132609209665925
WORK,B,26113,1892291358866,132609209665925,11
WORK,E,26121,1892291496366,132609209665925
WORK,B,26121,1892291509486,132609209665925,11
WORK,E,26117,1892291746227,132609209665925
WORK,B,26117,1892291750705,132609209665925,11
WORK,E,26123,1892291781298,132609209665925
WORK,B,26123,1892291785168,132609209665925,11
WORK,E,26113,1892291895715,132609209665925
WORK,B,26113,1892291899885,132609209665925,11
WORK,E,26116,1892292078264,132609209665925
WORK,B,26116,1892292083029,132609209665925,11
WORK,E,26116,1892292342447,132609209665925
WORK,B,26116,1892292346729,132609209665925,11
WORK,E,26123,1892292442268,132609209665925
WORK,B,26123,1892292445208,132609209665925,11
WORK,E,26119,1892292471406,132609209665925
WORK,B,26119,1892292474875,132609209665925,11
WORK,E,26116,1892292540273,132609209665925
WORK,B,26116,1892292543646,132609209665925,11
WORK,E,26113,1892292576967,132609209665925
WORK,B,26113,1892292581162,132609209665925,11
WORK,E,26115,1892292633521,132609209665925
WORK,B,26115,1892292636477,132609209665925,11
WORK,E,26116,1892292696000,132609209665925
WORK,B,26116,1892292698537,132609209665925,11
WORK,E,26122,1892292879803,132609209678144
WORK,B,26122,1892292885489,132609209678144,23
WORK,E,26113,1892292944547,132609209665925
WORK,B,26113,1892292947823,132609209665925,11
WORK,E,26123,1892293086089,132609209665925
WORK,B,26123,1892293089171,132609209665925,11
WORK,E,26118,1892293544290,132609209665925
WORK,B,26118,1892293548866,132609209665925,11
WORK,E,26119,1892293560816,132609209665925
WORK,B,26119,1892293563307,132609209665925,11
WORK,E,26113,1892293667985,132609209665925
WORK,B,26113,1892293671670,132609209665925,11
WORK,E,26123,1892293770931,132609209665925
WORK,B,26123,1892293774104,132609209665925,11
WORK,E,26115,1892293800684,132609209665925
WORK,B,26115,1892293803080,132609209665925,11
WORK,E,26118,1892294119141,132609209665925
WORK,B,26118,1892294122667,132609209665925,11
WORK,E,26113,1892294177506,132609209665925
WORK,B,26113,1892294180743,132609209665925,11
WORK,E,26123,1892294209331,132609209665925
WORK,E,26116,1892294209496,132609209665925
WORK,B,26123,1892294212233,132609209665925,11
WORK,B,26116,1892294213725,132609209665925,11
WORK,E,26113,1892294476413,132609209665925
WORK,B,26113,1892294479872,132609209665925,11
WORK,E,26115,1892294618716,132609209665925
WORK,B,26115,1892294623520,132609209665925,11
WORK,E,26113,1892294634671,132609209665925
WORK,B,26113,1892294641335,132609209665925,11
WORK,E,26123,1892294672449,132609209665925
WORK,B,26123,1892294675810,132609209665925,11
WORK,E,26113,1892294873457,132609209665925
WORK,B,26113,1892294879447,132609209665925,11
WORK,E,26117,1892294880755,132609209665925
WORK,B,26117,1892294885959,132609209665925,11
WORK,E,26119,1892294976419,132609209665925
WORK,B,26119,1892294978908,132609209665925,11
WORK,E,26118,1892295096014,132609209665925
WORK,E,26120,1892295099120,132609209665925
WORK,B,26118,1892295100363,132609209665925,11
WORK,B,26120,1892295103943,132609209665925,11
WORK,E,26123,1892295142601,132609209665925
WORK,B,26123,1892295145756,132609209665925,11
WORK,E,26119,1892295284821,132609209665925
WORK,B,26119,1892295286861,132609209665925,11
WORK,E,26118,1892295337046,132609209665925
WORK,B,26118,1892295342706,132609209665925,11
WORK,E,26115,1892295412216,132609209665925
WORK,B,26115,1892295414291,132609209665925,11
WORK,E,26120,1892296168889,132609209665925
WORK,E,26121,1892296378120,132609209665925
WORK,B,26121,1892296386223,132609209665925,11
WORK,E,26114,1892296450399,132609209665925
WORK,B,26114,1892296454334,132609209665925,11
WORK,E,26115,1892296596882,132609209665925
WORK,B,26115,1892296599406,132609209665925,11
WORK,E,26122,1892296655506,132609209678144
WORK,B,26122,1892296660830,132609209678144,23
WORK,B,26120,1892296728160,132609209665925,11
WORK,E,26114,1892296963909,132609209665925
WORK,B,26114,1892296969381,132609209665925,11
WORK,E,26121,1892296970437,132609209665925
WORK,B,26121,1892296972644,132609209665925,11
WORK,E,26113,1892296988038,132609209665925
WORK,B,26113,1892296990948,132609209665925,11
WORK,E,26119,1892297013694,132609209665925
WORK,B,26119,1892297018391,132609209665925,11
WORK,E,26118,1892297046867,132609209665925
WORK,B,26118,1892297050496,132609209665925,11
WORK,E,26116,1892297217917,132609209665925
WORK,B,26116,1892297228011,132609209665925,11
WORK,E,26113,1892297238226,132609209665925
WORK,B,26113,1892297240423,132609209665925,11
WORK,E,26121,1892297416105,132609209665925
WORK,B,26121,1892297418904,132609209665925,11
WORK,E,26113,1892297446935,132609209665925
WORK,B,26113,1892297449187,132609209665925,11
WORK,E,26123,1892297580027,132609209665925
WORK,B,26123,1892297587059,132609209665925,11
WORK,E,26115,1892297629046,132609209665925
WORK,B,26115,1892297631539,132609209665925,11
WORK,E,26114,1892297848068,132609209665925
WORK,B,26114,1892297850412,132609209665925,11
WORK,E,26121,1892297964581,132609209665925
WORK,B,26121,1892297966650,132609209665925,11
WORK,E,26115,1892297987514,132609209665925
WORK,B,26115,1892297989772,132609209665925,11
WORK,E,26123,1892298054407,132609209665925
WORK,B,26123,1892298059031,132609209665925,11
WORK,E,26116,1892298231497,132609209665925
WORK,E,26113,1892298235536,132609209665925
WORK,B,26116,1892298235848,132609209665925,11
WORK,B,26113,1892298237884,132609209665925,11
WORK,E,26120,1892298298895,132609209665925
WORK,B,26120,1892298304116,132609209665925,11
WORK,E,26115,1892298318071,132609209665925
WORK,B,26115,1892298320036,132609209665925,11
WORK,E,26114,1892298383274,132609209665925
WORK,B,26114,1892298385799,132609209665925,11
WORK,E,26121,1892298407831,132609209665925
WORK,B,26121,1892298409658,132609209665925,11
WORK,E,26119,1892298525453,132609209665925
WORK,B,26119,1892298530280,132609209665925,11
WORK,E,26120,1892298831450,132609209665925
WORK,B,26120,1892298835952,132609209665925,11
WORK,E,26113,1892298836362,132609209665925
WORK,B,26113,1892298838997,132609209665925,11
WORK,E,26115,1892298913621,132609209665925
WORK,B,26115,1892298915753,132609209665925,11
WORK,E,26123,1892299009721,132609209665925
WORK,B,26123,1892299016073,132609209665925,11
WORK,E,26121,1892299042831,132609209665925
WORK,B,26121,1892299045350,132609209665925,11
WORK,E,26114,1892299091277,132609209665925
WORK,B,26114,1892299093222,132609209665925,11
WORK,E,26119,1892299115318,132609209665925
WORK,B,26119,1892299119830,132609209665925,11
WORK,E,26123,1892299184910,132609209665925
WORK,B,26123,1892299188492,132609209665925,11
WORK,E,26113,1892299228911,132609209665925
WORK,B,26113,1892299230943,132609209665925,11
WORK,E,26121,1892299248071,132609209665925
WORK,B,26121,1892299250038,132609209665925,11
WORK,E,26121,1892299429437,132609209665925
WORK,B,26121,1892299431209,132609209665925,11
WORK,E,26123,1892299457615,132609209665925
WORK,B,26123,1892299461633,132609209665925,11
WORK,E,26115,1892299461763,132609209665925
WORK,B,26115,1892299463881,132609209665925,11
WORK,E,26121,1892300000960,132609209665925
WORK,B,26121,1892300012091,132609209665925,11
WORK,E,26122,1892300087043,132609209678144
WORK,B,26122,1892300095966,132609209678144,23
WORK,E,26123,1892300096685,132609209665925
WORK,B,26123,1892300102447,132609209665925,11
WORK,E,26113,1892300299010,132609209665925
WORK,B,26113,1892300305043,132609209665925,11
WORK,E,26120,1892300429943,132609209665925
WORK,B,26120,1892300433642,132609209665925,11
WORK,E,26115,1892300535294,132609209665925
WORK,B,26115,1892300539366,132609209665925,11
WORK,E,26113,1892300570709,132609209665925
WORK,B,26113,1892300573199,132609209665925,11
WORK,E,26123,1892300651141,132609209665925
WORK,B,26123,1892300655128,132609209665925,11
WORK,E,26114,1892300673419,132609209665925
WORK,B,26114,1892300676120,132609209665925,11
WORK,E,26115,1892300794110,132609209665925
WORK,B,26115,1892300798003,132609209665925,11
WORK,E,26121,1892300800066,132609209665925
WORK,B,26121,1892300803727,132609209665925,11
WORK,E,26117,1892300832507,132609209665925
WORK,B,26117,1892300836413,132609209665925,11
WORK,E,26123,1892300886436,132609209665925
WORK,B,26123,1892300889635,132609209665925,11
WORK,E,26115,1892301048674,132609209665925
WORK,B,26115,1892301052314,132609209665925,11
WORK,E,26123,1892301123206,132609209665925
WORK,B,26123,1892301126910,132609209665925,11
WORK,E,26114,1892301139705,132609209665925
WORK,B,26114,1892301143577,132609209665925,11
WORK,E,26120,1892301183963,132609209665925
WORK,B,26120,1892301187686,132609209665925,11
WORK,E,26117,1892301215878,132609209665925
WORK,B,26117,1892301219444,132609209665925,11
WORK,E,26121,1892301266946,132609209665925
WORK,B,26121,1892301270973,132609209665925,11
WORK,E,26123,1892301399590,132609209665925
WORK,B,26123,1892301402695,132609209665925,11
WORK,E,26121,1892301447721,132609209665925
WORK,B,26121,1892301450760,132609209665925,11
WORK,E,26118,1892301464513,132609209665925
WORK,B,26118,1892301468119,132609209665925,11
WORK,E,26121,1892301571516,132609209665925
WORK,B,26121,1892301574663,132609209665925,11
WORK,E,26123,1892301643900,132609209665925
WORK,B,26123,1892301646900,132609209665925,11
WORK,E,26121,1892301684133,132609209665925
WORK,B,26121,1892301687079,132609209665925,11
WORK,E,26120,1892301691337,132609209665925
WORK,B,26120,1892301694352,132609209665925,11
WORK,E,26120,1892301730354,132609209665925
WORK,B,26120,1892301734283,132609209665925,11
WORK,E,26123,1892301867928,132609209665925
WORK,B,26123,1892301871130,132609209665925,11
WORK,E,26116,1892301874447,132609209665925
WORK,B,26116,1892301879423,132609209665925,11
WORK,E,26121,1892301957554,132609209665925
WORK,B,26121,1892301960645,132609209665925,11
WORK,E,26120,1892302008755,132609209665925
WORK,B,26120,1892302011106,132609209665925,11
WORK,E,26118,1892302026301,132609209665925
WORK,B,26118,1892302029750,132609209665925,11
WORK,E,26113,1892302357581,132609209665925
WORK,B,26113,1892302360710,132609209665925,11
WORK,E,26121,1892302379598,132609209665925
WORK,E,26117,1892302380629,132609209665925
WORK,B,26121,1892302384046,132609209665925,11
WORK,B,26117,1892302384993,132609209665925,11
WORK,E,26123,1892302445149,132609209665925
WORK,B,26123,1892302448617,132609209665925,11
WORK,E,26115,1892302473132,132609209665925
WORK,B,26115,1892302476416,132609209665925,11
WORK,E,26123,1892302639385,132609209665925
WORK,E,26121,1892302640592,132609209665925
WORK,B,26123,1892302642703,132609209665925,11
WORK,B,26121,1892302645340,132609209665925,11
WORK,E,26118,1892302659329,132609209665925
WORK,B,26118,1892302662818,132609209665925,11
WORK,E,26116,1892302669159,132609209665925
WORK,B,26116,1892302672555,132609209665925,11
WORK,E,26117,1892302691852,132609209665925
WORK,B,26117,1892302695107,132609209665925,11
WORK,E,26123,1892302798140,132609209665925
WORK,B,26123,1892302801980,132609209665925,11
WORK,E,26117,1892302808200,132609209665925
WORK,B,26117,1892302811611,132609209665925,11
WORK,E,26115,1892302850326,132609209665925
WORK,B,26115,1892302853302,132609209665925,11
WORK,E,26119,1892303027239,132609209665925
WORK,B,26119,1892303030974,132609209665925,11
WORK,E,26113,1892303056882,132609209665925
WORK,B,26113,1892303058816,132609209665925,11
WORK,E,26115,1892303248002,132609209665925
WORK,B,26115,1892303252703,132609209665925,11
WORK,E,26115,1892303420488,132609209665925
WORK,B,26115,1892303425034,132609209665925,11
WORK,E,26122,1892303554515,132609209678144
WORK,B,26122,1892303561933,132609209665925,11
WORK,E,26120,1892303705187,132609209665925
WORK,B,26120,1892303711644,132609209665925,11
WORK,E,26119,1892303728630,132609209665925
WORK,B,26119,1892303731634,132609209665925,11
WORK,E,26113,1892303740582,132609209665925
WORK,B,26113,1892303745096,132609209665925,11
WORK,E,26116,1892303754133,132609209665925
WORK,B,26116,1892303758281,132609209665925,11
WORK,E,26121,1892303815366,132609209665925
WORK,B,26121,1892303818380,132609209665925,11
WORK,E,26115,1892303872435,132609209665925
WORK,B,26115,1892303876505,132609209665925,11
WORK,E,26118,1892303940300,132609209665925
WORK,B,26118,1892303944083,132609209665925,11
WORK,E,26120,1892304217754,132609209665925
WORK,B,26120,1892304220789,132609209665925,11
WORK,E,26119,1892304262410,132609209665925
WORK,B,26119,1892304264906,132609209665925,11
WORK,E,26115,1892304279602,132609209665925
WORK,B,26115,1892304282590,132609209665925,11
WORK,E,26120,1892304346703,132609209665925
WORK,B,26120,1892304348746,132609209665925,11
WORK,E,26116,1892304376355,132609209665925
WORK,B,26116,1892304381043,132609209665925,11
WORK,E,26120,1892304464061,132609209665925
WORK,B,26120,1892304465909,132609209665925,11
WORK,E,26120,1892304569735,132609209665925
WORK,B,26120,1892304571283,132609209665925,11
WORK,E,26120,1892304759639,132609209665925
WORK,B,26120,1892304761951,132609209665925,11
WORK,E,26120,1892304871805,132609209665925
WORK,B,26120,1892304886871,132609209665925,11
WORK,E,26119,1892304909514,132609209665925
WORK,B,26119,1892304914102,132609209665925,11
WORK,E,26115,1892304924302,132609209665925
WORK,B,26115,1892304928610,132609209665925,11
WORK,E,26116,1892304932885,132609209665925
WORK,B,26116,1892304937020,132609209665925,11
WORK,E,26120,1892305126149,132609209665925
WORK,B,26120,1892305133875,132609209665925,11
WORK,E,26113,1892305185400,132609209665925
WORK,B,26113,1892305188156,132609209665925,11
WORK,E,26117,1892305256539,132609209665925
WORK,B,26117,1892305275810,132609209665925,11
WORK,E,26118,1892305365944,132609209665925
WORK,B,26118,1892305380492,132609209665925,11
WORK,E,26122,1892305382922,132609209665925
WORK,B,26122,1892305387014,132609209665925,11
WORK,E,26116,1892305402155,132609209665925
WORK,B,26116,1892305405188,132609209665925,11
WORK,E,26120,1892305408566,132609209665925
WORK,B,26120,1892305410795,132609209665925,11
WORK,E,26123,1892305415642,132609209665925
WORK,B,26123,1892305422125,132609209665925,11
WORK,E,26113,1892305613378,132609209665925
WORK,B,26113,1892305623769,132609209665925,11
WORK,E,26118,1892305636713,132609209665925
WORK,E,26120,1892305639088,132609209665925
WORK,B,26118,1892305642032,132609209665925,11
WORK,B,26120,1892305643165,132609209665925,11
WORK,E,26119,1892305864058,132609209665925
WORK,B,26119,1892305888826,132609209665925,11
WORK,E,26116,1892305898659,132609209665925
WORK,B,26116,1892306043674,132609209665925,11
WORK,E,26115,1892306231024,132609209665925
WORK,E,26113,1892306247441,132609209665925
WORK,B,26113,1892306251982,132609209665925,11
WORK,B,26115,1892306266196,132609209665925,11
WORK,E,26114,1892306476489,132609209665925
WORK,B,26114,1892306484673,132609209665925,11
WORK,E,26123,1892306521214,132609209665925
WORK,B,26123,1892306523561,132609209665925,11
WORK,E,26113,1892306570436,132609209665925
WORK,B,26113,1892306574467,132609209665925,11
WORK,E,26121,1892306637889,132609209665925
WORK,B,26121,1892306643553,132609209665925,11
WORK,E,26122,1892306665238,132609209665925
WORK,B,26122,1892306668879,132609209665925,11
WORK,E,26115,1892306688798,132609209665925
WORK,B,26115,1892306691982,132609209665925,11
WORK,E,26116,1892306914757,132609209665925
WORK,B,26116,1892306918293,132609209665925,11
WORK,E,26118,1892306979328,132609209665925
WORK,B,26118,1892306983391,132609209665925,11
WORK,E,26116,1892307143998,132609209665925
WORK,B,26116,1892307146375,132609209665925,11
WORK,E,26118,1892307171995,132609209665925
WORK,B,26118,1892307174389,132609209665925,11
WORK,E,26113,1892307226651,132609209665925
WORK,B,26113,1892307230015,132609209665925,11
WORK,E,26116,1892307256426,132609209665925
WORK,B,26116,1892307260537,132609209665925,11
WORK,E,26115,1892307411199,132609209665925
WORK,B,26115,1892307414732,132609209665925,11
WORK,E,26114,1892307497856,132609209665925
WORK,B,26114,1892307501063,132609209665925,11
WORK,E,26123,1892307572385,132609209665925
WORK,B,26123,1892307574413,132609209665925,11
WORK,E,26120,1892307672148,132609209665925
WORK,B,26120,1892307677398,132609209665925,11
WORK,E,26117,1892307693703,132609209665925
WORK,B,26117,1892307697290,132609209665925,11
WORK,E,26122,1892307760178,132609209665925
WORK,B,26122,1892307764276,132609209665925,11
WORK,E,26118,1892307796658,132609209665925
WORK,B,26118,1892307799042,132609209665925,11
WORK,E,26121,1892307888538,132609209665925
WORK,B,26121,1892307896063,132609209665925,11
WORK,E,26123,1892307968883,132609209665925
WORK,B,26123,1892307970916,132609209665925,11
WORK,E,26114,1892307973322,132609209665925
WORK,B,26114,1892307974906,132609209665925,11
WORK,E,26115,1892307992680,132609209665925
WORK,B,26115,1892307996049,132609209665925,11
WORK,E,26122,1892308039597,132609209665925
WORK,B,26122,1892308042897,132609209665925,11
WORK,E,26117,1892308229785,132609209665925
WORK,B,26117,1892308234856,132609209665925,11
WORK,E,26120,1892308242249,132609209665925
WORK,B,26120,1892308245818,132609209665925,11
WORK,E,26118,1892308326939,132609209665925
WORK,B,26118,1892308330833,132609209665925,11
WORK,E,26116,1892308387369,132609209665925
WORK,B,26116,1892308390730,132609209665925,11
WORK,E,26114,1892308538589,132609209665925
WORK,B,26114,1892308540858,132609209665925,11
WORK,E,26118,1892308545892,132609209665925
WORK,B,26118,1892308548400,132609209665925,11
WORK,E,26115,1892308646704,132609209665925
WORK,B,26115,1892308649772,132609209665925,11
WORK,E,26120,1892308745590,132609209665925
WORK,B,26120,1892308749349,132609209665925,11
WORK,E,26118,1892308782870,132609209665925
WORK,B,26118,1892308784903,132609209665925,11
WORK,E,26123,1892308833082,132609209665925
WORK,B,26123,1892308835138,132609209665925,11
WORK,E,26117,1892308986362,132609209665925
WORK,B,26117,1892308989157,132609209665925,11
WORK,E,26114,1892309011863,132609209665925
WORK,B,26114,1892309013811,132609209665925,11
WORK,E,26118,1892309051988,132609209665925
WORK,B,26118,1892309054466,132609209665925,11
WORK,E,26115,1892309054270,132609209665925
WORK,B,26115,1892309057809,132609209665925,11
WORK,E,26123,1892309092577,132609209665925
WORK,B,26123,1892309094961,132609209665925,11
WORK,E,26116,1892309274998,132609209665925
WORK,B,26116,1892309280633,132609209665925,11
WORK,E,26117,1892309336718,132609209665925
WORK,B,26117,1892309340589,132609209665925,11
WORK,E,26115,1892309349065,132609209665925
WORK,B,26115,1892309352705,132609209665925,11
WORK,E,26120,1892309530170,132609209665925
WORK,B,26120,1892309533619,132609209665925,11
WORK,E,26123,1892309555270,132609209665925
WORK,B,26123,1892309557417,132609209665925,11
WORK,E,26114,1892309576753,132609209665925
WORK,B,26114,1892309578604,132609209665925,11
WORK,E,26119,1892309591869,132609209665925
WORK,B,26119,1892309595995,132609209665925,11
WORK,E,26121,1892309645619,132609209665925
WORK,B,26121,1892309649533,132609209665925,11
WORK,E,26116,1892309657869,132609209665925
WORK,B,26116,1892309660764,132609209665925,11
WORK,E,26117,1892309713748,132609209665925
WORK,B,26117,1892309717473,132609209665925,11
WORK,E,26123,1892309812598,132609209665925
WORK,B,26123,1892309814658,132609209665925,11
WORK,E,26114,1892309931497,132609209665925
WORK,B,26114,1892309933359,132609209665925,11
WORK,E,26123,1892309975134,132609209665925
WORK,B,26123,1892309976812,132609209665925,11
WORK,E,26117,1892310100809,132609209665925
WORK,E,26115,1892310101037,132609209665925
WORK,B,26117,1892310104476,132609209665925,11
WORK,B,26115,1892310105032,132609209665925,11
WORK,E,26121,1892310134492,132609209665925
WORK,B,26121,1892310138100,132609209665925,11
WORK,E,26120,1892310190784,132609209665925
WORK,B,26120,1892310193975,132609209665925,11
WORK,E,26115,1892310328861,132609209665925
WORK,B,26115,1892310332475,132609209665925,11
WORK,E,26114,1892310399372,132609209665925
WORK,B,26114,1892310401777,132609209665925,11
WORK,E,26123,1892310458736,132609209665925
WORK,B,26123,1892310460624,132609209665925,11
WORK,E,26122,1892310478831,132609209665925
WORK,E,26121,1892310482850,132609209665925
WORK,B,26122,1892310483139,132609209665925,11
WORK,B,26121,1892310486476,132609209665925,11
WORK,E,26118,1892310553499,132609209665925
WORK,B,26118,1892310557002,132609209665925,11
WORK,E,26117,1892310557661,132609209665925
WORK,B,26117,1892310560839,132609209665925,11
WORK,E,26116,1892310563951,132609209665925
WORK,B,26116,1892310567056,132609209665925,11
WORK,E,26120,1892310628538,132609209665925
WORK,E,26115,1892310630642,132609209665925
WORK,B,26120,1892310631838,132609209665925,11
WORK,B,26115,1892310634592,132609209665925,11
WORK,E,26121,1892310881179,132609209665925
WORK,B,26121,1892310886549,132609209665925,11
WORK,E,26113,1892310903628,132609209665925
WORK,B,26113,1892310907544,132609209665925,11
WORK,E,26117,1892310937676,132609209665925
WORK,B,26117,1892310942042,132609209665925,11
WORK,E,26122,1892310980088,132609209665925
WORK,B,26122,1892310983492,132609209665925,11
WORK,E,26118,1892311036428,132609209665925
WORK,E,26114,1892311038441,132609209665925
WORK,B,26118,1892311040023,132609209665925,11
WORK,B,26114,1892311041726,132609209665925,11
WORK,E,26114,1892311209941,132609209665925
WORK,B,26114,1892311211890,132609209665925,11
WORK,E,26117,1892311242523,132609209665925
WORK,B,26117,1892311245835,132609209665925,11
WORK,E,26119,1892311344599,132609209665925
WORK,B,26119,1892311360516,132609209665925,11
WORK,E,26114,1892311434334,132609209665925
WORK,B,26114,1892311436323,132609209665925,11
WORK,E,26113,1892311570721,132609209665925
WORK,B,26113,1892311575785,132609209665925,11
WORK,E,26123,1892311577705,132609209665925
WORK,B,26123,1892311581134,132609209665925,11
WORK,E,26114,1892311624718,132609209665925
WORK,B,26114,1892311626969,132609209665925,11
WORK,E,26117,1892311760698,132609209665925
WORK,B,26117,1892311764119,132609209665925,11
WORK,E,26114,1892311769118,132609209665925
WORK,B,26114,1892311771361,132609209665925,11
WORK,E,26123,1892311789242,132609209665925
WORK,B,26123,1892311791469,132609209665925,11
WORK,E,26119,1892311842104,132609209665925
WORK,B,26119,1892311845746,132609209665925,11
WORK,E,26121,1892311870567,132609209665925
WORK,B,26121,1892311874123,132609209665925,11
WORK,E,26116,1892311996394,132609209665925
WORK,B,26116,1892311998510,132609209665925,11
WORK,E,26123,1892312034769,132609209665925
WORK,B,26123,1892312036633,132609209665925,11
WORK,E,26121,1892312066051,132609209665925
WORK,E,26118,1892312066292,132609209665925
WORK,B,26121,1892312071591,132609209665925,11
WORK,B,26118,1892312071913,132609209665925,11
WORK,E,26114,1892312109870,132609209665925
WORK,B,26114,1892312111916,132609209665925,11
WORK,E,26121,1892312248872,132609209665925
WORK,B,26121,1892312252947,132609209665925,11
WORK,E,26123,1892312331361,132609209665925
WORK,B,26123,1892312333615,132609209665925,11
WORK,E,26114,1892312334543,132609209665925
WORK,B,26114,1892312336604,132609209665925,11
WORK,E,26122,1892312341411,132609209665925
WORK,B,26122,1892312347459,132609209665925,11
WORK,E,26117,1892312413762,132609209665925
WORK,B,26117,1892312417672,132609209665925,11
WORK,E,26113,1892312470376,132609209665925
WORK,B,26113,1892312474513,132609209665925,11
WORK,E,26116,1892312507803,132609209665925
WORK,B,26116,1892312509788,132609209665925,11
WORK,E,26114,1892312569913,132609209665925
WORK,E,26120,1892312577463,132609209665925
WORK,B,26114,1892312580653,132609209665925,11
WORK,B,26120,1892312582002,132609209665925,11
WORK,E,26123,1892312596994,132609209665925
WORK,B,26123,1892312607409,132609209665925,11
WORK,E,26119,1892312613968,132609209665925
WORK,B,26119,1892312617725,132609209665925,11
WORK,E,26113,1892312643718,132609209665925
WORK,B,26113,1892312648665,132609209665925,11
WORK,E,26120,1892312699095,132609209665925
WORK,E,26121,1892312732070,132609209665925
WORK,B,26120,1892312735446,132609209665925,11
WORK,B,26121,1892312736683,132609209665925,11
WORK,E,26117,1892312759106,132609209665925
WORK,B,26117,1892312762567,132609209665925,11
WORK,E,26118,1892312782189,132609209665925
WORK,B,26118,1892312785527,132609209665925,11
WORK,E,26120,1892312846315,132609209665925
WORK,B,26120,1892312848591,132609209665925,11
WORK,E,26113,1892312864042,132609209665925
WORK,B,26113,1892312867063,132609209665925,11
WORK,E,26114,1892312893467,132609209665925
WORK,B,26114,1892312896523,132609209665925,11
WORK,E,26120,1892312942387,132609209665925
WORK,B,26120,1892312944642,132609209665925,11
WORK,E,26120,1892313035733,132609209665925
WORK,B,26120,1892313038233,132609209665925,11
WORK,E,26115,1892313059359,132609209665925
WORK,B,26115,1892313062407,132609209665925,11
WORK,E,26120,1892313110948,132609209665925
WORK,B,26120,1892313113158,132609209665925,11
WORK,E,26118,1892313218960,132609209665925
WORK,B,26118,1892313222949,132609209665925,11
WORK,E,26116,1892313373587,132609209665925
WORK,B,26116,1892313375861,132609209665925,11
WORK,E,26123,1892313379269,132609209665925
WORK,B,26123,1892313381612,132609209665925,11
WORK,E,26122,1892313570983,132609209665925
WORK,B,26122,1892313577396,132609209665925,11
WORK,E,26116,1892313621312,132609209665925
WORK,B,26116,1892313623248,132609209665925,11
WORK,E,26120,1892313802954,132609209665925
WORK,B,26120,1892313806797,132609209665925,11
WORK,E,26118,1892313827575,132609209665925
WORK,B,26118,1892313829545,132609209665925,11
WORK,E,26117,1892314044806,132609209665925
WORK,B,26117,1892314053380,132609209665925,11
WORK,E,26117,1892314214917,132609209665925
WORK,E,26119,1892314225496,132609209665925
WORK,B,26119,1892314230213,132609209665925,11
WORK,B,26117,1892314235457,132609209665925,11
WORK,E,26117,1892314375440,132609209665925
WORK,B,26117,1892314378101,132609209665925,11
WORK,E,26123,1892314433969,132609209665925
WORK,B,26123,1892314436554,132609209665925,11
WORK,E,26117,1892314538932,132609209665925
WORK,B,26117,1892314540848,132609209665925,11
WORK,E,26116,1892314611877,132609209665925
WORK,B,26116,1892314615986,132609209665925,11
WORK,E,26122,1892314616337,132609209665925
WORK,B,26122,1892314620475,132609209665925,11
WORK,E,26123,1892314722340,132609209665925
WORK,B,26123,1892314724477,132609209665925,11
WORK,E,26117,1892314762313,132609209665925
WORK,B,26117,1892314764222,132609209665925,11
WORK,E,26117,1892314865413,132609209665925
WORK,B,26117,1892314867309,132609209665925,11
WORK,E,26117,1892314994658,132609209665925
WORK,B,26117,1892314996887,132609209665925,11
WORK,E,26116,1892315077939,132609209665925
WORK,B,26116,1892315081824,132609209665925,11
WORK,E,26118,1892315082758,132609209665925
WORK,B,26118,1892315085794,132609209665925,11
WORK,E,26123,1892315130169,132609209665925
WORK,B,26123,1892315132170,132609209665925,11
WORK,E,26117,1892315178867,132609209665925
WORK,B,26117,1892315182000,132609209665925,11
WORK,E,26122,1892315184845,132609209665925
WORK,B,26122,1892315188042,132609209665925,11
WORK,E,26121,1892315385280,132609209665925
WORK,B,26121,1892315388043,132609209665925,11
WORK,E,26122,1892315433187,132609209665925
WORK,B,26122,1892315437307,132609209665925,11
WORK,E,26120,1892315504603,132609209665925
WORK,B,26120,1892315509132,132609209665925,11
WORK,E,26114,1892315724543,132609209665925
WORK,B,26114,1892315728557,132609209665925,11
WORK,E,26117,1892315810475,132609209665925
WORK,B,26117,1892315812983,132609209665925,11
WORK,E,26113,1892315851464,132609209665925
WORK,B,26113,1892315856138,132609209665925,11
WORK,E,26120,1892315877021,132609209665925
WORK,B,26120,1892315880532,132609209665925,11
WORK,E,26123,1892316006969,132609209665925
WORK,B,26123,1892316009606,132609209665925,11
WORK,E,26117,1892316038320,132609209665925
WORK,B,26117,1892316040287,132609209665925,11
WORK,E,26116,1892316178376,132609209665925
WORK,B,26116,1892316182412,132609209665925,11
WORK,E,26114,1892316260690,132609209665925
WORK,B,26114,1892316264456,132609209665925,11
WORK,E,26118,1892316302872,132609209665925
WORK,B,26118,1892316305877,132609209665925,11
WORK,E,26117,1892316375671,132609209665925
WORK,B,26117,1892316378174,132609209665925,11
WORK,E,26121,1892316389940,132609209665925
WORK,B,26121,1892316392525,132609209665925,11
WORK,E,26120,1892316504735,132609209665925
WORK,B,26120,1892316508079,132609209665925,11
WORK,E,26123,1892316512449,132609209665925
WORK,B,26123,1892316514389,132609209665925,11
WORK,E,26117,1892316625878,132609209665925
WORK,B,26117,1892316627776,132609209665925,11
WORK,E,26116,1892316687592,132609209665925
WORK,B,26116,1892316691262,132609209665925,11
WORK,E,26115,1892316707894,132609209665925
WORK,B,26115,1892316710649,132609209665925,11
WORK,E,26122,1892316715715,132609209665925
WORK,B,26122,1892316719922,132609209665925,11
WORK,E,26120,1892316725816,132609209665925
WORK,B,26120,1892316729270,132609209665925,11
WORK,E,26117,1892316940493,132609209665925
WORK,B,26117,1892316945126,132609209665925,11
WORK,E,26123,1892316959358,132609209665925
WORK,B,26123,1892316961549,132609209665925,11
WORK,E,26121,1892316985679,132609209665925
WORK,B,26121,1892316987542,132609209665925,11
WORK,E,26120,1892317017640,132609209665925
WORK,B,26120,1892317024402,132609209665925,11
WORK,E,26115,1892317073552,132609209665925
WORK,B,26115,1892317075489,132609209665925,11
WORK,E,26113,1892317105048,132609209665925
WORK,B,26113,1892317109442,132609209665925,11
WORK,E,26117,1892317258769,132609209665925
WORK,B,26117,1892317264381,132609209665925,11
WORK,E,26118,1892317324411,132609209665925
WORK,B,26118,1892317328012,132609209665925,11
WORK,E,26114,1892317351426,132609209665925
WORK,B,26114,1892317354998,132609209665925,11
WORK,E,26120,1892317497661,132609209665925
WORK,B,26120,1892317500795,132609209665925,11
WORK,E,26115,1892317585586,132609209665925
WORK,B,26115,1892317588558,132609209665925,11
WORK,E,26119,1892317638906,132609209665925
WORK,E,26123,1892317639591,132609209665925
WORK,B,26123,1892317642271,132609209665925,11
WORK,B,26119,1892317643598,132609209665925,11
WORK,E,26121,1892317677207,132609209665925
WORK,B,26121,1892317679150,132609209665925,11
WORK,E,26118,1892317811137,132609209665925
WORK,B,26118,1892317814926,132609209665925,11
WORK,E,26113,1892317928447,132609209665925
WORK,B,26113,1892317932590,132609209665925,11
WORK,E,26120,1892317960387,132609209665925
WORK,B,26120,1892317963908,132609209665925,11
WORK,E,26118,1892318012857,132609209665925
WORK,B,26118,1892318016050,132609209665925,11
WORK,E,26117,1892318119924,132609209665925
WORK,B,26117,1892318123702,132609209665925,11
WORK,E,26115,1892318216804,132609209665925
WORK,B,26115,1892318219121,132609209665925,11
WORK,E,26121,1892318255707,132609209665925
WORK,B,26121,1892318257708,132609209665925,11
WORK,E,26123,1892318302178,132609209665925
WORK,B,26123,1892318304203,132609209665925,11
WORK,E,26117,1892318325535,132609209665925
WORK,B,26117,1892318328287,132609209665925,11
WORK,E,26115,1892318380130,132609209665925
WORK,B,26115,1892318382692,132609209665925,11
WORK,E,26118,1892318480394,132609209665925
WORK,B,26118,1892318486079,132609209665925,11
WORK,E,26116,1892318513886,132609209665925
WORK,B,26116,1892318517599,132609209665925,11
WORK,E,26117,1892318736005,132609209665925
WORK,B,26117,1892318744833,132609209665925,11
WORK,E,26115,1892318785600,132609209665925
WORK,B,26115,1892318789623,132609209665925,11
WORK,E,26113,1892318842919,132609209665925
WORK,B,26113,1892318848926,132609209665925,11
WORK,E,26121,1892318859911,132609209665925
WORK,B,26121,1892318861988,132609209665925,11
WORK,E,26117,1892318879908,132609209665925
WORK,B,26117,1892318881850,132609209665925,11
WORK,E,26118,1892318885222,132609209665925
WORK,B,26118,1892318888331,132609209665925,11
WORK,E,26117,1892318945700,132609209665925
WORK,B,26117,1892318947381,132609209665925,11
WORK,E,26114,1892318978647,132609209665925
WORK,B,26114,1892318981407,132609209665925,11
WORK,E,26123,1892318988221,132609209665925
WORK,B,26123,1892318990165,132609209665925,11
WORK,E,26119,1892319020133,132609209665925
WORK,B,26119,1892319024338,132609209665925,11
WORK,E,26115,1892319045524,132609209665925
WORK,B,26115,1892319050022,132609209665925,11
WORK,E,26121,1892319099165,132609209665925
WORK,B,26121,1892319101062,132609209665925,11
WORK,E,26117,1892319132092,132609209665925
WORK,E,26116,1892319133501,132609209665925
WORK,B,26117,1892319133903,132609209665925,11
WORK,B,26116,1892319137175,132609209665925,11
WORK,E,26117,1892319213308,132609209665925
WORK,B,26117,1892319215508,132609209665925,11
WORK,E,26123,1892319243376,132609209665925
WORK,B,26123,1892319245361,132609209665925,11
WORK,E,26121,1892319313969,132609209665925
WORK,B,26121,1892319315697,132609209665925,11
WORK,E,26114,1892319472860,132609209665925
WORK,B,26114,1892319475316,132609209665925,11
WORK,E,26121,1892319485355,132609209665925
WORK,B,26121,1892319487240,132609209665925,11
WORK,E,26123,1892319510092,132609209665925
WORK,B,26123,1892319511821,132609209665925,11
WORK,E,26117,1892319554208,132609209665925
WORK,B,26117,1892319556675,132609209665925,11
WORK,E,26116,1892319632478,132609209665925
WORK,B,26116,1892319636949,132609209665925,11
WORK,E,26123,1892319658149,132609209665925
WORK,B,26123,1892319660051,132609209665925,11
WORK,E,26122,1892319710518,132609209665925
WORK,B,26122,1892319715870,132609209665925,11
WORK,E,26117,1892319803604,132609209665925
WORK,E,26122,1892319805497,132609209665925
WORK,B,26117,1892319805912,132609209665925,11
WORK,B,26122,1892319811804,132609209665925,11
WORK,E,26121,1892319829695,132609209665925
WORK,B,26121,1892319831637,132609209665925,11
WORK,E,26114,1892319944687,132609209665925
WORK,B,26114,1892319946696,132609209665925,11
WORK,E,26123,1892319968583,132609209665925
WORK,B,26123,1892319970375,132609209665925,11
WORK,E,26121,1892319999257,132609209665925
WORK,B,26121,1892320001630,132609209665925,11
WORK,E,26113,1892320015839,132609209665925
WORK,B,26113,1892320020640,132609209665925,11
WORK,E,26117,1892320050119,132609209665925
WORK,B,26117,1892320052515,132609209665925,11
WORK,E,26122,1892320099827,132609209665925
WORK,B,26122,1892320103407,132609209665925,11
WORK,E,26114,1892320177576,132609209665925
WORK,B,26114,1892320186292,132609209665925,11
WORK,E,26117,1892320248985,132609209665925
WORK,B,26117,1892320251077,132609209665925,11
WORK,E,26123,1892320271945,132609209665925
WORK,B,26123,1892320274418,132609209665925,11
WORK,E,26113,1892320378591,132609209665925
WORK,B,26113,1892320382701,132609209665925,11
WORK,E,26119,1892320426220,132609209665925
WORK,E,26115,1892320428960,132609209665925
WORK,B,26119,1892320429998,132609209665925,11
WORK,B,26115,1892320432795,132609209665925,11
WORK,E,26123,1892320477408,132609209665925
WORK,B,26123,1892320479403,132609209665925,11
WORK,E,26116,1892320487250,132609209665925
WORK,E,26117,1892320490652,132609209665925
WORK,B,26116,1892320491307,132609209665925,11
WORK,B,26117,1892320492643,132609209665925,11
WORK,E,26114,1892320579980,132609209665925
WORK,B,26114,1892320582108,132609209665925,11
WORK,E,26123,1892320650057,132609209665925
WORK,B,26123,1892320652705,132609209665925,11
WORK,E,26117,1892320655761,132609209665925
WORK,B,26117,1892320657985,132609209665925,11
WORK,E,26121,1892320672103,132609209665925
WORK,B,26121,1892320674018,132609209665925,11
WORK,E,26118,1892320826449,132609209665925
WORK,B,26118,1892320830141,132609209665925,11
WORK,E,26115,1892321104978,132609209665925
WORK,B,26115,1892321112386,132609209665925,11
WORK,E,26121,1892321218452,132609209665925
WORK,B,26121,1892321222344,132609209665925,11
WORK,E,26117,1892321231838,132609209665925
WORK,B,26117,1892321235452,132609209665925,11
WORK,E,26119,1892321243969,132609209665925
WORK,B,26119,1892321247318,132609209665925,11
WORK,E,26114,1892321248059,132609209665925
WORK,B,26114,1892321253317,132609209665925,11
WORK,E,26120,1892321311912,132609209665925
WORK,B,26120,1892321347144,132609209665925,11
WORK,E,26115,1892321414378,132609209665925
WORK,B,26115,1892321419628,132609209665925,11
WORK,E,26116,1892321546508,132609209665925
WORK,B,26116,1892321557265,132609209665925,11
WORK,E,26119,1892321580157,132609209665925
WORK,B,26119,1892321582698,132609209665925,11
WORK,E,26117,1892321613488,132609209665925
WORK,B,26117,1892321616533,132609209665925,11
WORK,E,26120,1892321690671,132609209665925
WORK,B,26120,1892321697436,132609209665925,11
WORK,E,26113,1892321859668,132609209665925
WORK,B,26113,1892321862820,132609209665925,11
WORK,E,26121,1892321878793,132609209665925
WORK,B,26121,1892321884457,132609209665925,11
WORK,E,26118,1892322129417,132609209665925
WORK,B,26118,1892322133022,132609209665925,11
WORK,E,26113,1892322136896,132609209665925
WORK,B,26113,1892322138882,132609209665925,11
WORK,E,26117,1892322221650,132609209665925
WORK,B,26117,1892322224980,132609209665925,11
WORK,E,26115,1892322342961,132609209665925
WORK,B,26115,1892322347439,132609209665925,11
WORK,E,26122,1892322357278,132609209665925
WORK,B,26122,1892322359983,132609209665925,11
WORK,E,26119,1892322502973,132609209665925
WORK,B,26119,1892322505084,132609209665925,11
WORK,E,26113,1892322515471,132609209665925
WORK,B,26113,1892322520496,132609209665925,11
WORK,E,26114,1892322573853,132609209665925
WORK,B,26114,1892322578147,132609209665925,11
WORK,E,26121,1892322642691,132609209665925
WORK,B,26121,1892322647404,132609209665925,11
WORK,E,26116,1892322838237,132609209665925
WORK,B,26116,1892322843339,132609209665925,11
WORK,E,26117,1892322888620,132609209665925
WORK,B,26117,1892322891790,132609209665925,11
WORK,E,26115,1892322893920,132609209665925
WORK,B,26115,1892322897483,132609209665925,11
WORK,E,26123,1892322903493,132609209665925
WORK,B,26123,1892322911157,132609209665925,11
WORK,E,26114,1892323047770,132609209665925
WORK,B,26114,1892323051745,132609209665925,11
WORK,E,26113,1892323224668,132609209665925
WORK,B,26113,1892323227157,132609209665925,11
WORK,E,26123,1892323249663,132609209665925
WORK,B,26123,1892323254476,132609209665925,11
WORK,E,26119,1892323321028,132609209665925
WORK,B,26119,1892323323379,132609209665925,11
WORK,E,26115,1892323335848,132609209665925
WORK,B,26115,1892323343650,132609209665925,11
WORK,E,26122,1892323471729,132609209665925
WORK,B,26122,1892323473970,132609209665925,11
WORK,E,26113,1892323674495,132609209665925
WORK,B,26113,1892323706132,132609209665925,11
WORK,E,26117,1892323718569,132609209665925
WORK,B,26117,1892323721046,132609209665925,11
WORK,E,26116,1892323761233,132609209665925
WORK,B,26116,1892323766821,132609209665925,11
WORK,E,26118,1892323801069,132609209665925
WORK,E,26115,1892323808601,132609209665925
WORK,B,26115,1892323812791,132609209665925,11
WORK,B,26118,1892323814119,132609209665925,11
WORK,E,26119,1892323899681,132609209665925
WORK,B,26119,1892323901735,132609209665925,11
WORK,E,26113,1892323922324,132609209665925
WORK,B,26113,1892323924551,132609209665925,11
WORK,E,26121,1892324198300,132609209665925
WORK,B,26121,1892324220798,132609209665925,11
WORK,E,26120,1892324292857,132609209665925
WORK,B,26120,1892324301314,132609209665925,11
WORK,E,26116,1892324326924,132609209665925
WORK,B,26116,1892324330274,132609209665925,11
WORK,E,26115,1892324638791,132609209665925
WORK,B,26115,1892324676661,132609209665925,11
WORK,E,26118,1892324723756,132609209665925
WORK,B,26118,1892324734864,132609209665925,11
WORK,E,26117,1892324815866,132609209665925
WORK,B,26117,1892324855036,132609209665925,11
WORK,E,26114,1892325066578,132609209665925
WORK,E,26116,1892325091704,132609209665925
WORK,B,26116,1892325094847,132609209665925,11
WORK,B,26114,1892325103884,132609209665925,11
WORK,E,26118,1892325114773,132609209665925
WORK,B,26118,1892325118190,132609209665925,11
WORK,E,26119,1892325142443,132609209665925
WORK,B,26119,1892325146647,132609209665925,11
WORK,E,26115,1892325170132,132609209665925
WORK,B,26115,1892325175864,132609209665925,11
WORK,E,26120,1892325281958,132609209665925
WORK,B,26120,1892325303625,132609209665925,11
WORK,E,26116,1892325385958,132609209665925
WORK,B,26116,1892325409539,132609209665925,11
WORK,E,26117,1892325461092,132609209665925
WORK,E,26114,1892325491527,132609209665925
WORK,B,26114,1892325496372,132609209665925,11
WORK,B,26117,1892325523691,132609209665925,11
WORK,E,26120,1892325587674,132609209665925
WORK,B,26120,1892325604560,132609209665925,11
WORK,E,26119,1892325750869,132609209665925
WORK,B,26119,1892325789885,132609209665925,11
WORK,E,26120,1892325902031,132609209665925
WORK,B,26120,1892325932978,132609209665925,11
WORK,E,26122,1892326267639,132609209665925
WORK,E,26118,1892326381669,132609209665925
WORK,B,26118,1892326386077,132609209665925,11
WORK,B,26122,1892326396719,132609209665925,11
WORK,E,26121,1892326763115,132609209665925
WORK,E,26119,1892326781971,132609209665925
WORK,B,26119,1892326786384,132609209665925,11
WORK,B,26121,1892326787734,132609209665925,11
WORK,E,26120,1892326857862,132609209665925
WORK,B,26120,1892326860767,132609209665925,11
WORK,E,26123,1892326941653,132609209665925
WORK,E,26118,1892327040342,132609209665925
WORK,B,26118,1892327044441,132609209665925,11
WORK,B,26123,1892327070735,132609209665925,11
WORK,E,26119,1892327207026,132609209665925
WORK,B,26119,1892327210464,132609209665925,11
WORK,E,26122,1892327353634,132609209665925
WORK,B,26122,1892327357535,132609209665925,11
WORK,E,26117,1892327364334,132609209665925
WORK,B,26117,1892327367701,132609209665925,11
WORK,E,26122,1892327524783,132609209665925
WORK,B,26122,1892327527995,132609209665925,11
WORK,E,26118,1892327884894,132609209665925
WORK,B,26118,1892327921188,132609209665925,11
WORK,E,26121,1892327944843,132609209665925
WORK,B,26121,1892327948374,132609209665925,11
WORK,E,26119,1892327991304,132609209665925
WORK,B,26119,1892327995237,132609209665925,11
WORK,E,26120,1892328295764,132609209665925
WORK,B,26120,1892328319041,132609209665925,11
WORK,E,26118,1892328461920,132609209665925
WORK,E,26117,1892328474104,132609209665925
WORK,B,26117,1892328478173,132609209665925,11
WORK,B,26118,1892328496219,132609209665925,11
WORK,E,26120,1892328539259,132609209665925
WORK,B,26120,1892328546329,132609209665925,11
WORK,E,26118,1892328814802,132609209665925
WORK,B,26118,1892328846714,132609209665925,11
WORK,E,26117,1892328876257,132609209665925
WORK,B,26117,1892328881529,132609209665925,11
WORK,E,26119,1892329073201,132609209665925
WORK,B,26119,1892329105447,132609209665925,11
WORK,E,26118,1892329156775,132609209665925
WORK,B,26118,1892329169454,132609209665925,11
WORK,E,26117,1892329357648,132609209665925
WORK,B,26117,1892329392219,132609209665925,11
WORK,E,26121,1892329443726,132609209665925
WORK,B,26121,1892329452501,132609209665925,11
WORK,E,26120,1892329549439,132609209665925
WORK,B,26120,1892329581521,132609209665925,11
WORK,E,26118,1892337182097,132609209665925
WORK,B,26118,1892337255382,132609209665925,11
WORK,E,26114,1892337464487,132609209665925
WORK,B,26114,1892337477443,132609209665925,11
WORK,E,26115,1892337539473,132609209665925
WORK,B,26115,1892337544687,132609209665925,11
WORK,E,26116,1892337580535,132609209665925
WORK,B,26116,1892337585741,132609209665925,11
WORK,E,26115,1892337739303,132609209665925
WORK,B,26115,1892337741586,132609209665925,11
WORK,E,26118,1892337752527,132609209665925
WORK,B,26118,1892337754492,132609209665925,11
WORK,E,26116,1892337810334,132609209665925
WORK,B,26116,1892337813558,132609209665925,11
WORK,E,26115,1892337910214,132609209665925
WORK,B,26115,1892337913239,132609209665925,11
WORK,E,26118,1892337932523,132609209665925
WORK,B,26118,1892337934690,132609209665925,11
WORK,E,26114,1892337993545,132609209665925
WORK,E,26117,1892337996483,132609209665925
WORK,B,26114,1892337997298,132609209665925,11
WORK,B,26117,1892338000778,132609209665925,11
WORK,E,26120,1892338021261,132609209665925
WORK,B,26120,1892338024726,132609209665925,11
WORK,E,26116,1892338108224,132609209665925
WORK,B,26116,1892338110768,132609209665925,11
WORK,E,26118,1892338143884,132609209665925
WORK,B,26118,1892338146648,132609209665925,11
WORK,E,26123,1892338160258,132609209665925
WORK,B,26123,1892338166132,132609209665925,11
WORK,E,26115,1892338182953,132609209665925
WORK,B,26115,1892338185766,132609209665925,11
WORK,E,26114,1892338220682,132609209665925
WORK,B,26114,1892338226952,132609209665925,11
WORK,E,26116,1892338240529,132609209665925
WORK,B,26116,1892338242849,132609209665925,11
WORK,E,26117,1892338377766,132609209665925
WORK,B,26117,1892338383306,132609209665925,11
WORK,E,26114,1892338418500,132609209665925
WORK,B,26114,1892338420360,132609209665925,11
WORK,E,26118,1892338491495,132609209665925
WORK,B,26118,1892338493859,132609209665925,11
WORK,E,26123,1892338618595,132609209665925
WORK,B,26123,1892338624603,132609209665925,11
WORK,E,26116,1892338628629,132609209665925
WORK,B,26116,1892338631055,132609209665925,11
WORK,E,26114,1892338634104,132609209665925
WORK,B,26114,1892338638419,132609209665925,11
WORK,E,26115,1892338653490,132609209665925
WORK,B,26115,1892338685844,132609209665925,11
WORK,E,26120,1892338693205,132609209665925
WORK,B,26120,1892338697967,132609209665925,11
WORK,E,26121,1892338743383,132609209665925
WORK,B,26121,1892338748413,132609209665925,11
WORK,E,26116,1892338796720,132609209665925
WORK,B,26116,1892338798799,132609209665925,11
WORK,E,26114,1892339029727,132609209665925
WORK,B,26114,1892339035347,132609209665925,11
WORK,E,26123,1892339076949,132609209665925
WORK,B,26123,1892339084214,132609209665925,11
WORK,E,26121,1892339100710,132609209665925
WORK,B,26121,1892339104268,132609209665925,11
WORK,E,26115,1892339179680,132609209665925
WORK,B,26115,1892339183841,132609209665925,11
WORK,E,26113,1892339248054,132609209665925
WORK,B,26113,1892339251477,132609209665925,11
WORK,E,26118,1892339383188,132609209665925
WORK,B,26118,1892339386160,132609209665925,11
WORK,E,26114,1892339420479,132609209665925
WORK,B,26114,1892339425228,132609209665925,11
WORK,E,26115,1892339438811,132609209665925
WORK,B,26115,1892339441170,132609209665925,11
WORK,E,26116,1892339486713,132609209665925
WORK,B,26116,1892339490335,132609209665925,11
WORK,E,26113,1892339629905,132609209665925
WORK,B,26113,1892339632318,132609209665925,11
WORK,E,26118,1892339703476,132609209665925
WORK,E,26115,1892339703715,132609209665925
WORK,B,26115,1892339705688,132609209665925,11
WORK,B,26118,1892339705702,132609209665925,11
WORK,E,26116,1892339710106,132609209665925
WORK,B,26116,1892339711706,132609209665925,11
WORK,E,26123,1892339744557,132609209665925
WORK,B,26123,1892339748690,132609209665925,11
WORK,E,26121,1892339780678,132609209665925
WORK,B,26121,1892339783717,132609209665925,11
WORK,E,26113,1892339802588,132609209665925
WORK,B,26113,1892339806318,132609209665925,11
WORK,E,26115,1892339863703,132609209665925
WORK,E,26114,1892339864045,132609209665925
WORK,B,26115,1892339865723,132609209665925,11
WORK,B,26114,1892339868416,132609209665925,11
WORK,E,26116,1892339870571,132609209665925
WORK,B,26116,1892339872963,132609209665925,11
WORK,E,26118,1892339886227,132609209665925
WORK,B,26118,1892339890177,132609209665925,11
WORK,E,26115,1892339941485,132609209665925
WORK,B,26115,1892339943397,132609209665925,11
WORK,E,26114,1892339993323,132609209665925
WORK,B,26114,1892339995425,132609209665925,11
WORK,E,26115,1892340077470,132609209665925
WORK,B,26115,1892340079308,132609209665925,11
WORK,E,26116,1892340165501,132609209665925
WORK,B,26116,1892340168078,132609209665925,11
WORK,E,26114,1892340208932,132609209665925
WORK,B,26114,1892340214226,132609209665925,11
WORK,E,26113,1892340259123,132609209665925
WORK,B,26113,1892340262141,132609209665925,11
WORK,E,26122,1892340270953,132609209665925
WORK,B,26122,1892340274697,132609209665925,11
WORK,E,26116,1892340295699,132609209665925
WORK,B,26116,1892340297577,132609209665925,11
WORK,E,26118,1892340339476,132609209665925
WORK,B,26118,1892340341780,132609209665925,11
WORK,E,26116,1892340404404,132609209665925
WORK,B,26116,1892340406209,132609209665925,11
WORK,E,26115,1892340440507,132609209665925
WORK,B,26115,1892340443055,132609209665925,11
WORK,E,26113,1892340453775,132609209665925
WORK,B,26113,1892340455943,132609209665925,11
WORK,E,26118,1892340476496,132609209665925
WORK,B,26118,1892340478587,132609209665925,11
WORK,E,26123,1892340523239,132609209665925
WORK,B,26123,1892340527409,132609209665925,11
WORK,E,26118,1892340582512,132609209665925
WORK,B,26118,1892340585307,132609209665925,11
WORK,E,26114,1892340587768,132609209665925
WORK,B,26114,1892340593405,132609209665925,11
WORK,E,26116,1892340623712,132609209665925
WORK,B,26116,1892340626922,132609209665925,11
WORK,E,26121,1892340657645,132609209665925
WORK,B,26121,1892340662676,132609209665925,11
WORK,E,26115,1892340676332,132609209665925
WORK,B,26115,1892340678800,132609209665925,11
WORK,E,26123,1892340707175,132609209665925
WORK,B,26123,1892340709680,132609209665925,11
WORK,E,26113,1892340821353,132609209665925
WORK,B,26113,1892340824091,132609209665925,11
WORK,E,26118,1892340836917,132609209665925
WORK,B,26118,1892340838849,132609209665925,11
WORK,E,26113,1892340902981,132609209665925
WORK,B,26113,1892340905236,132609209665925,11
WORK,E,26118,1892340940325,132609209665925
WORK,B,26118,1892340942228,132609209665925,11
WORK,E,26116,1892340999605,132609209665925
WORK,B,26116,1892341002752,132609209665925,11
WORK,E,26118,1892341032149,132609209665925
WORK,B,26118,1892341034294,132609209665925,11
WORK,E,26114,1892341122463,132609209665925
WORK,B,26114,1892341128093,132609209665925,11
WORK,E,26116,1892341131468,132609209665925
WORK,B,26116,1892341134005,132609209665925,11
WORK,E,26123,1892341324000,132609209665925
WORK,B,26123,1892341329239,132609209665925,11
WORK,E,26116,1892341330432,132609209665925
WORK,B,26116,1892341332982,132609209665925,11
WORK,E,26121,1892341519341,132609209665925
WORK,B,26121,1892341523613,132609209665925,11
WORK,E,26121,1892341629333,132609209665925
WORK,B,26121,1892341632986,132609209665925,11
WORK,E,26113,1892341665301,132609209665925
WORK,B,26113,1892341668768,132609209665925,11
WORK,E,26116,1892341674101,132609209665925
WORK,E,26118,1892341674100,132609209665925
WORK,B,26118,1892341676851,132609209665925,11
WORK,E,26115,1892341709619,132609209665925
WORK,E,26113,1892341837074,132609209665925
WORK,B,26113,1892341839157,132609209665925,11
WORK,E,26113,1892341969803,132609209665925
WORK,B,26113,1892341971894,132609209665925,11
WORK,E,26123,1892341986162,132609209665925
WORK,B,26123,1892341990105,132609209665925,11
WORK,E,26113,1892342109547,132609209665925
WORK,B,26113,1892342111135,132609209665925,11
WORK,E,26114,1892342114840,132609209665925
WORK,B,26114,1892342120464,132609209665925,11
WORK,E,26114,1892342280083,132609209665925
WORK,B,26114,1892342283210,132609209665925,11
WORK,E,26113,1892342329787,132609209665925
WORK,B,26113,1892342332288,132609209665925,11
WORK,E,26114,1892342517688,132609209665925
WORK,B,26114,1892342521031,132609209665925,11
WORK,E,26113,1892342557338,132609209665925
WORK,B,26113,1892342559188,132609209665925,11
WORK,E,26113,1892342688461,132609209665925
WORK,E,26123,1892342872177,132609209665925
WORK,E,26118,1892343188280,132609209665925
WORK,E,26114,1892343459085,132609209665925
WORK,E,26122,1892343618573,132609209665925
WORK,E,26120,1892354510477,132609209665925
WORK,E,26121,1892355718475,132609209665925
WORK,E,26119,1892356555553,132609209665925
WORK,B,26119,1892356582769,132609209665925,11
WORK,E,26119,1892356841669,132609209665925
WORK,B,26119,1892356856332,132609209665925,11
WORK,E,26119,1892357036611,132609209665925
WORK,E,26117,1892357779545,132609209665925
WORK,B,26117,1892357797573,132609209665925,11
WORK,E,26117,1892358081058,132609209665925
WORK,B,26117,1892358095847,132609209665925,11
WORK,E,26117,1892358253146,132609209665925
BUCKET_OPEN,i,26117,1892358271697,18
BUCKET_OPEN,i,26117,1892358272416,18
WORK,B,26120,1892358454255,132609209724486,7
WORK,E,26120,1892384546433,132609209724486
BUCKET_OPEN,i,26120,1892384574993,20
BUCKET_OPEN,i,26120,1892384575666,20
plan_end_of_gc,B,26120,1892384582413
plan_end_of_gc,E,26120,1892384583718
GC,E,26120,1892384586511
WORK,B,26123,1892385173794,132609209769154,11
WORK,B,26120,1892385173720,132609209769154,11
WORK,E,26123,1892385188686,132609209769154
WORK,B,26123,1892385190374,132609209769154,11
WORK,E,26123,1892385193463,132609209769154
WORK,B,26123,1892385194669,132609209769154,11
WORK,E,26120,1892385198187,132609209769154
WORK,B,26120,1892385200321,132609209769154,11
WORK,B,26121,1892385255577,132609209769154,11
WORK,E,26121,1892385308926,132609209769154
WORK,B,26121,1892385310643,132609209769154,11
WORK,E,26121,1892385336576,132609209769154
WORK,B,26121,1892385338217,132609209769154,11
WORK,E,26120,1892385353913,132609209769154
WORK,B,26120,1892385358720,132609209769154,11
WORK,E,26121,1892385371347,132609209769154
WORK,B,26121,1892385373200,132609209769154,11
WORK,E,26120,1892385412496,132609209769154
WORK,B,26120,1892385414571,132609209769154,11
WORK,E,26120,1892385436795,132609209769154
WORK,B,26120,1892385438631,132609209769154,11
WORK,E,26120,1892385490265,132609209769154
WORK,B,26120,1892385494887,132609209769154,11
WORK,E,26121,1892385523492,132609209769154
WORK,B,26121,1892385525366,132609209769154,11
WORK,E,26121,1892385573084,132609209769154
WORK,B,26121,1892385575666,132609209769154,11
WORK,E,26121,1892385578997,132609209769154
WORK,B,26121,1892385580143,132609209769154,11
WORK,E,26120,1892385579917,132609209769154
WORK,E,26121,1892385583346,132609209769154
WORK,B,26120,1892385583659,132609209769154,11
WORK,B,26121,1892385584642,132609209769154,11
WORK,E,26120,1892385615166,132609209769154
WORK,B,26120,1892385616538,132609209769154,11
WORK,E,26121,1892385630494,132609209769154
WORK,B,26121,1892385634092,132609209769154,11
WORK,E,26121,1892385662050,132609209769154
WORK,B,26121,1892385664346,132609209769154,11
WORK,E,26121,1892385667233,132609209769154
WORK,B,26121,1892385668466,132609209769154,11
WORK,E,26121,1892385672154,132609209769154
WORK,B,26121,1892385673349,132609209769154,11
WORK,E,26121,1892385675345,132609209769154
WORK,B,26121,1892385676718,132609209769154,11
WORK,E,26121,1892385678686,132609209769154
WORK,B,26121,1892385679951,132609209769154,11
WORK,E,26121,1892385681102,132609209769154
WORK,B,26121,1892385682173,132609209769154,11
WORK,E,26121,1892385683245,132609209769154
WORK,B,26121,1892385684494,132609209769154,11
WORK,E,26121,1892385685357,132609209769154
WORK,B,26121,1892385688655,132609209769154,11
WORK,E,26121,1892385690628,132609209769154
WORK,B,26121,1892385692222,132609209769154,11
WORK,E,26121,1892385693800,132609209769154
WORK,B,26121,1892385694977,132609209769154,11
WORK,E,26121,1892385698200,132609209769154
WORK,E,26120,1892386013980,132609209769154
WORK,B,26120,1892386026519,132609209769154,11
WORK,E,26123,1892386056140,132609209769154
WORK,E,26120,1892386131708,132609209769154
WORK,B,26113,1892386135441,132609209769154,11
WORK,B,26120,1892386144391,132609209769154,11
WORK,E,26120,1892386289355,132609209769154
WORK,E,26113,1892386314920,132609209769154
WORK,B,26113,1892386318414,132609209684752,20
WORK,E,26113,1892386321365,132609209684752
WORK,B,26113,1892386322741,132609209684752,20
WORK,B,26118,1892386322587,132609209684752,20
WORK,E,26113,1892386323857,132609209684752
WORK,B,26113,1892386325083,132609209684752,20
WORK,E,26113,1892386326192,132609209684752
WORK,E,26118,1892386327364,132609209684752
WORK,B,26113,1892386327655,132609209684752,20
WORK,B,26118,1892386328966,132609209684752,20
WORK,E,26113,1892386329401,132609209684752
WORK,E,26118,1892386330728,132609209684752
WORK,B,26113,1892386330817,132609209684752,20
WORK,B,26118,1892386331886,132609209684752,20
WORK,E,26113,1892386332147,132609209684752
WORK,E,26118,1892386333316,132609209684752
WORK,B,26113,1892386333863,132609209684752,20
WORK,B,26118,1892386334587,132609209684752,20
WORK,E,26113,1892386335312,132609209684752
WORK,E,26118,1892386336280,132609209684752
WORK,B,26113,1892386336653,132609209684752,20
WORK,E,26113,1892386338862,132609209684752
WORK,B,26118,1892386341795,132609209648742,14
WORK,E,26118,1892386346772,132609209648742
GC,B,26113,1893134665660
WORK,B,26113,1893134696065,132609209614824,18
WORK,E,26113,1893134751947,132609209614824
WORK,B,26116,1893134762320,132609209572369,12
WORK,B,26119,1893135317879,132609209596068,11
WORK,B,26123,1893135322848,132609209596068,11
WORK,B,26118,1893135334604,132609209596068,11
WORK,B,26114,1893135353524,132609209596068,11
WORK,B,26117,1893135359525,132609209664764,19
roots,meta,26117,1893135368045,0,15
WORK,B,26122,1893135371316,132609209757476,18
WORK,E,26117,1893135373068,132609209664764
WORK,B,26117,1893135375730,132609209765471,27
WORK,E,26117,1893135377195,132609209765471
WORK,B,26117,1893135379133,132609209583329,19
WORK,E,26117,1893135382795,132609209583329
WORK,B,26117,1893135384671,132609209597856,20
WORK,B,26120,1893135384859,132609209646046,22
WORK,E,26116,1893135385834,132609209572369
WORK,E,26117,1893135386751,132609209597856
WORK,B,26117,1893135388753,132609209616458,18
WORK,B,26116,1893135390087,132609209678144,23
WORK,E,26117,1893135390145,132609209616458
WORK,B,26117,1893135392398,132609209634082,25
roots,meta,26122,1893135395365,0,1024
roots,meta,26117,1893135397690,0,37
WORK,E,26117,1893135399344,132609209634082
WORK,B,26117,1893135401100,132609209678144,23
roots,meta,26120,1893135402598,0,873
WORK,B,26113,1893135405780,132609209678144,23
WORK,E,26120,1893135406137,132609209646046
WORK,B,26120,1893135408543,132609209713976,17
WORK,E,26120,1893135411445,132609209713976
WORK,B,26120,1893135413061,132609209678144,23
WORK,E,26113,1893135413215,132609209678144
roots,meta,26122,1893135414478,0,1024
WORK,B,26113,1893135415824,132609209596068,11
roots,meta,26122,1893135428771,0,1024
roots,meta,26122,1893135443221,0,1024
roots,meta,26122,1893135458268,0,1024
roots,meta,26122,1893135472672,0,1024
roots,meta,26122,1893135484732,0,1024
roots,meta,26122,1893135497652,0,1024
roots,meta,26122,1893135509781,0,1024
roots,meta,26122,1893135527936,0,1024
WORK,B,26121,1893135539556,132609209678144,23
roots,meta,26122,1893135555669,0,1024
WORK,E,26117,1893135580398,132609209678144
WORK,B,26117,1893135581937,132609209678144,23
roots,meta,26122,1893135586227,0,1024
roots,meta,26122,1893135617592,0,1024
roots,meta,26122,1893135647488,0,1024
roots,meta,26122,1893135662418,0,524
WORK,E,26122,1893135664032,132609209757476
WORK,B,26122,1893135666847,132609209683076,20
roots,meta,26122,1893135684552,0,1024
roots,meta,26122,1893135695035,0,1024
roots,meta,26122,1893135704152,0,1024
WORK,E,26121,1893135708227,132609209678144
WORK,B,26121,1893135709953,132609209678144,23
WORK,E,26117,1893135711285,132609209678144
WORK,B,26117,1893135712519,132609209678144,23
roots,meta,26122,1893135713846,0,1024
roots,meta,26122,1893135726348,0,1024
roots,meta,26122,1893135737602,0,1024
roots,meta,26122,1893135746795,0,1024
roots,meta,26122,1893135755125,0,1024
roots,meta,26122,1893135765021,0,1024
roots,meta,26122,1893135776419,0,1024
roots,meta,26122,1893135784395,0,1024
roots,meta,26122,1893135792401,0,1024
roots,meta,26122,1893135820426,0,1024
roots,meta,26122,1893135839346,0,1024
roots,meta,26122,1893135854776,0,900
WORK,E,26121,1893135859245,132609209678144
WORK,B,26121,1893135861817,132609209678144,23
WORK,E,26122,1893135862168,132609209683076
WORK,B,26122,1893135864890,132609209739855,29
WORK,E,26117,1893135876243,132609209678144
WORK,B,26117,1893135882281,132609209678144,23
roots,meta,26122,1893135908441,0,1024
WORK,E,26116,1893135922494,132609209678144
WORK,B,26116,1893135925681,132609209678144,23
roots,meta,26122,1893135927163,0,1024
roots,meta,26122,1893135940594,0,1024
WORK,E,26121,1893136018966,132609209678144
WORK,B,26121,1893136020991,132609209678144,23
roots,meta,26122,1893136022904,0,1024
WORK,E,26117,1893136056108,132609209678144
WORK,B,26117,1893136061538,132609209665925,11
roots,meta,26122,1893136079367,0,1024
WORK,E,26116,1893136079394,132609209678144
WORK,B,26116,1893136094028,132609209678144,23
roots,meta,26122,1893136125481,0,1024
roots,meta,26122,1893136143106,0,194
WORK,E,26122,1893136160010,132609209739855
WORK,B,26122,1893136162705,132609209665925,11
WORK,E,26121,1893136189566,132609209678144
WORK,B,26121,1893136191814,132609209678144,23
WORK,E,26116,1893136300635,132609209678144
WORK,B,26116,1893136302683,132609209678144,23
WORK,E,26121,1893136350847,132609209678144
WORK,B,26121,1893136353333,132609209665925,11
WORK,E,26122,1893136414376,132609209665925
WORK,B,26122,1893136416340,132609209665925,11
WORK,E,26116,1893136418131,132609209678144
WORK,B,26116,1893136419965,132609209678144,23
WORK,B,26115,1893136549551,132609209665925,11
WORK,E,26116,1893136554170,132609209678144
WORK,B,26116,1893136556043,132609209678144,23
WORK,E,26122,1893136667677,132609209665925
WORK,B,26122,1893136669641,132609209665925,11
WORK,E,26116,1893136679484,132609209678144
WORK,B,26116,1893136681272,132609209678144,23
WORK,E,26119,1893136730934,132609209596068
WORK,B,26119,1893136736291,132609209596068,11
WORK,E,26116,1893136742952,132609209678144
WORK,B,26116,1893136744822,132609209678144,23
WORK,E,26116,1893136773156,132609209678144
WORK,B,26116,1893136774262,132609209678144,23
WORK,E,26115,1893136796095,132609209665925
WORK,B,26115,1893136798640,132609209665925,11
WORK,E,26116,1893136804886,132609209678144
WORK,B,26116,1893136806651,132609209678144,23
WORK,E,26119,1893136811959,132609209596068
WORK,B,26119,1893136815774,132609209596068,11
WORK,E,26116,1893136848081,132609209678144
WORK,B,26116,1893136849895,132609209678144,23
WORK,E,26117,1893136856272,132609209665925
WORK,B,26117,1893136861972,132609209665925,11
WORK,E,26121,1893136871808,132609209665925
WORK,B,26121,1893136875955,132609209665925,11
WORK,E,26116,1893136884039,132609209678144
WORK,B,26116,1893136886017,132609209678144,23
WORK,E,26122,1893136895896,132609209665925
WORK,B,26122,1893136898049,132609209665925,11
WORK,E,26120,1893136906841,132609209678144
WORK,B,26120,1893136929489,132609209665925,11
WORK,E,26116,1893136966476,132609209678144
WORK,B,26116,1893136973024,132609209665925,11
WORK,E,26116,1893137029146,132609209665925
WORK,B,26116,1893137031321,132609209665925,11
WORK,E,26122,1893137036641,132609209665925
WORK,B,26122,1893137038677,132609209665925,11
WORK,E,26120,1893137064952,132609209665925
WORK,B,26120,1893137068134,132609209665925,11
WORK,E,26115,1893137069672,132609209665925
WORK,B,26115,1893137072004,132609209665925,11
WORK,E,26116,1893137077733,132609209665925
WORK,B,26116,1893137079656,132609209665925,11
WORK,E,26117,1893137121072,132609209665925
WORK,B,26117,1893137125243,132609209665925,11
WORK,E,26121,1893137135758,132609209665925
WORK,B,26121,1893137139171,132609209665925,11
WORK,E,26119,1893137183040,132609209596068
WORK,B,26119,1893137187297,132609209596068,11
WORK,E,26116,1893137246186,132609209665925
WORK,B,26116,1893137250549,132609209665925,11
WORK,E,26115,1893137263600,132609209665925
WORK,B,26115,1893137265907,132609209665925,11
WORK,E,26115,1893137371145,132609209665925
WORK,B,26115,1893137373530,132609209665925,11
WORK,E,26117,1893137373972,132609209665925
WORK,B,26117,1893137378037,132609209665925,11
WORK,E,26116,1893137393818,132609209665925
WORK,B,26116,1893137396338,132609209665925,11
WORK,E,26115,1893137462301,132609209665925
WORK,B,26115,1893137463674,132609209665925,11
WORK,E,26116,1893137506952,132609209665925
WORK,B,26116,1893137508338,132609209665925,11
WORK,E,26117,1893137511430,132609209665925
WORK,B,26117,1893137513081,132609209665925,11
WORK,E,26115,1893137557212,132609209665925
WORK,B,26115,1893137560099,132609209665925,11
WORK,E,26115,1893137620557,132609209665925
WORK,B,26115,1893137622630,132609209665925,11
WORK,E,26116,1893137647531,132609209665925
WORK,B,26116,1893137649955,132609209665925,11
WORK,E,26115,1893137659086,132609209665925
WORK,B,26115,1893137661186,132609209665925,11
WORK,E,26117,1893137663085,132609209665925
WORK,B,26117,1893137666508,132609209665925,11
WORK,E,26113,1893137684370,132609209596068
WORK,B,26113,1893137688108,132609209665925,11
WORK,E,26116,1893137758142,132609209665925
WORK,B,26116,1893137760126,132609209665925,11
WORK,E,26118,1893137799340,132609209596068
WORK,B,26118,1893137803002,132609209596068,11
WORK,E,26118,1893137857972,132609209596068
WORK,B,26118,1893137867440,132609209596068,11
WORK,E,26116,1893137877293,132609209665925
WORK,B,26116,1893137882427,132609209665925,11
WORK,E,26118,1893137927038,132609209596068
WORK,B,26118,1893137929024,132609209596068,11
WORK,E,26117,1893137979546,132609209665925
WORK,B,26117,1893137983350,132609209665925,11
WORK,E,26118,1893137992019,132609209596068
WORK,B,26118,1893137993956,132609209596068,11
WORK,E,26116,1893138012072,132609209665925
WORK,B,26116,1893138014531,132609209665925,11
WORK,E,26123,1893138017221,132609209596068
WORK,B,26123,1893138019852,132609209596068,11
WORK,E,26121,1893138045044,132609209665925
WORK,B,26121,1893138048359,132609209665925,11
WORK,E,26116,1893138138581,132609209665925
WORK,B,26116,1893138141816,132609209678144,23
WORK,E,26114,1893138147973,132609209596068
WORK,B,26114,1893138152615,132609209596068,11
WORK,E,26119,1893138163295,132609209596068
WORK,B,26119,1893138169132,132609209596068,11
WORK,E,26116,1893138194860,132609209678144
WORK,B,26116,1893138197217,132609209678144,23
WORK,E,26115,1893138207876,132609209665925
WORK,B,26115,1893138210909,132609209665925,11
WORK,E,26116,1893138247601,132609209678144
WORK,B,26116,1893138249633,132609209678144,23
WORK,E,26119,1893138261283,132609209596068
WORK,B,26119,1893138263516,132609209596068,11
WORK,E,26117,1893138285989,132609209665925
WORK,B,26117,1893138288274,132609209665925,11
WORK,E,26116,1893138298660,132609209678144
WORK,B,26116,1893138300879,132609209678144,23
WORK,E,26116,1893138343094,132609209678144
WORK,B,26116,1893138344199,132609209678144,23
WORK,E,26123,1893138345527,132609209596068
WORK,B,26123,1893138347883,132609209665925,11
WORK,E,26116,1893138396210,132609209678144
WORK,B,26116,1893138398522,132609209678144,23
WORK,E,26119,1893138440550,132609209596068
WORK,B,26119,1893138443936,132609209596068,11
WORK,E,26114,1893138448076,132609209596068
WORK,B,26114,1893138451443,132609209596068,11
WORK,E,26116,1893138498878,132609209678144
WORK,B,26116,1893138501262,132609209678144,23
WORK,E,26123,1893138526101,132609209665925
WORK,B,26123,1893138528151,132609209665925,11
WORK,E,26115,1893138574936,132609209665925
WORK,B,26115,1893138577908,132609209665925,11
WORK,E,26116,1893138772030,132609209678144
WORK,B,26116,1893138775070,132609209678144,23
WORK,E,26123,1893138823619,132609209665925
WORK,B,26123,1893138826366,132609209665925,11
WORK,E,26118,1893138848803,132609209596068
WORK,B,26118,1893138851504,132609209596068,11
WORK,E,26115,1893138854257,132609209665925
WORK,B,26115,1893138857416,132609209665925,11
WORK,E,26115,1893138985000,132609209665925
WORK,B,26115,1893138987040,132609209665925,11
WORK,E,26116,1893139029774,132609209678144
WORK,B,26116,1893139033331,132609209678144,23
WORK,E,26115,1893139166697,132609209665925
WORK,B,26115,1893139169141,132609209665925,11
WORK,E,26121,1893139322516,132609209665925
WORK,E,26113,1893139324975,132609209665925
WORK,B,26121,1893139325727,132609209665925,11
WORK,E,26116,1893139328090,132609209678144
WORK,B,26113,1893139329991,132609209665925,11
WORK,B,26116,1893139332087,132609209665925,11
WORK,E,26118,1893139356851,132609209596068
WORK,B,26118,1893139358781,132609209596068,11
WORK,E,26115,1893139382748,132609209665925
WORK,B,26115,1893139385666,132609209665925,11
WORK,E,26118,1893139411214,132609209596068
WORK,B,26118,1893139412513,132609209596068,11
WORK,E,26120,1893139460353,132609209665925
WORK,B,26120,1893139464938,132609209665925,11
WORK,E,26118,1893139474860,132609209596068
WORK,E,26121,1893139475052,132609209665925
WORK,B,26121,1893139476964,132609209665925,11
WORK,B,26118,1893139477059,132609209596068,11
WORK,E,26118,1893139535922,132609209596068
WORK,B,26118,1893139537954,132609209596068,11
WORK,E,26115,1893139587817,132609209665925
WORK,B,26115,1893139590190,132609209665925,11
WORK,E,26120,1893139618522,132609209665925
WORK,B,26120,1893139621388,132609209665925,11
WORK,E,26120,1893139650539,132609209665925
WORK,B,26120,1893139653269,132609209665925,11
WORK,E,26119,1893139713104,132609209596068
WORK,B,26119,1893139718579,132609209596068,11
WORK,E,26119,1893139734426,132609209596068
WORK,B,26119,1893139735600,132609209596068,11
WORK,E,26114,1893139820483,132609209596068
WORK,B,26114,1893139825961,132609209624258,18
WORK,E,26115,1893139834301,132609209665925
WORK,B,26115,1893139836775,132609209665925,11
roots,meta,26114,1893139885780,0,121
WORK,E,26114,1893139889522,132609209624258
WORK,B,26114,1893139891127,132609209624258,18
WORK,E,26118,1893139925231,132609209596068
WORK,B,26118,1893139927839,132609209596068,11
roots,meta,26114,1893139935818,0,8
WORK,E,26114,1893139942171,132609209624258
WORK,B,26114,1893139944921,132609209624258,18
WORK,E,26122,1893139949886,132609209665925
WORK,B,26122,1893139953470,132609209665925,11
roots,meta,26114,1893139955975,0,16
WORK,E,26114,1893139957938,132609209624258
WORK,B,26114,1893139959312,132609209624258,18
roots,meta,26114,1893139961290,0,1
WORK,E,26114,1893139963152,132609209624258
WORK,B,26114,1893139964338,132609209624258,18
roots,meta,26114,1893139966831,0,1
WORK,E,26114,1893139968485,132609209624258
WORK,B,26114,1893139969613,132609209624258,18
roots,meta,26114,1893139973050,0,24
WORK,E,26114,1893139974527,132609209624258
WORK,B,26114,1893139980071,132609209624258,18
roots,meta,26114,1893139984405,0,13
WORK,E,26114,1893139989641,132609209624258
WORK,B,26114,1893139993587,132609209624258,18
roots,meta,26114,1893139997707,0,1
WORK,E,26114,1893140006043,132609209624258
WORK,B,26114,1893140008025,132609209624258,18
roots,meta,26114,1893140017967,0,19
WORK,E,26114,1893140026531,132609209624258
WORK,B,26114,1893140028613,132609209624258,18
roots,meta,26114,1893140032277,0,42
WORK,E,26114,1893140038604,132609209624258
WORK,B,26114,1893140042624,132609209624258,18
roots,meta,26114,1893140047296,0,18
WORK,E,26114,1893140057752,132609209624258
WORK,B,26114,1893140060429,132609209624258,18
WORK,E,26123,1893140080905,132609209665925
WORK,B,26123,1893140084294,132609209665925,11
WORK,E,26122,1893140121628,132609209665925
WORK,B,26122,1893140124660,132609209665925,11
roots,meta,26114,1893140128318,0,110
WORK,E,26114,1893140148406,132609209624258
WORK,B,26114,1893140150996,132609209624258,18
WORK,E,26115,1893140185108,132609209665925
roots,meta,26114,1893140187090,0,79
WORK,E,26114,1893140196404,132609209624258
WORK,B,26114,1893140198578,132609209624258,18
roots,meta,26114,1893140256303,0,158
WORK,E,26123,1893140369492,132609209665925
WORK,B,26123,1893140372477,132609209665925,11
WORK,E,26122,1893140388603,132609209665925
WORK,B,26122,1893140391699,132609209665925,11
WORK,E,26117,1893140423563,132609209665925
WORK,B,26117,1893140429055,132609209665925,11
WORK,E,26123,1893140583833,132609209665925
WORK,B,26123,1893140586153,132609209665925,11
WORK,E,26119,1893140643837,132609209596068
WORK,E,26122,1893140648267,132609209665925
WORK,B,26119,1893140648969,132609209596068,11
WORK,B,26122,1893140651862,132609209665925,11
WORK,E,26123,1893140740853,132609209665925
WORK,B,26123,1893140767351,132609209665925,11
WORK,E,26123,1893140883629,132609209665925
WORK,B,26123,1893140902081,132609209665925,11
WORK,E,26113,1893140914126,132609209665925
WORK,B,26113,1893140917686,132609209665925,11
WORK,E,26119,1893140926093,132609209596068
WORK,B,26119,1893140933714,132609209596068,11
WORK,B,26115,1893141050249,132609209665925,11
WORK,E,26114,1893141067903,132609209624258
WORK,E,26120,1893141069976,132609209665925
WORK,B,26120,1893141074683,132609209665925,11
WORK,B,26114,1893141076078,132609209624258,18
WORK,E,26115,1893141194141,132609209665925
WORK,E,26123,1893141204726,132609209665925
WORK,B,26123,1893141206935,132609209665925,11
roots,meta,26114,1893141224765,0,100
WORK,B,26115,1893141225075,132609209665925,11
WORK,E,26114,1893141229376,132609209624258
WORK,B,26114,1893141232192,132609209624258,18
roots,meta,26114,1893141251419,0,88
WORK,E,26114,1893141267739,132609209624258
WORK,B,26114,1893141275471,132609209624258,18
roots,meta,26114,1893141304436,0,110
WORK,E,26113,1893141333001,132609209665925
WORK,B,26113,1893141335120,132609209665925,11
WORK,E,26114,1893141361884,132609209624258
WORK,B,26114,1893141366379,132609209624258,18
roots,meta,26114,1893141398018,0,112
WORK,E,26114,1893141406209,132609209624258
WORK,B,26114,1893141412664,132609209624258,18
roots,meta,26114,1893141424914,0,113
WORK,E,26114,1893141437814,132609209624258
WORK,B,26114,1893141439759,132609209624258,18
WORK,E,26118,1893141465456,132609209596068
WORK,B,26118,1893141468189,132609209596068,11
roots,meta,26114,1893141522590,0,89
WORK,E,26123,1893141537255,132609209665925
WORK,B,26123,1893141539196,132609209665925,11
WORK,E,26114,1893141564483,132609209624258
WORK,B,26114,1893141570480,132609209624258,18
roots,meta,26114,1893141593134,0,86
WORK,E,26114,1893141603226,132609209624258
WORK,E,26118,1893141606724,132609209596068
WORK,B,26118,1893141608845,132609209596068,11
WORK,B,26114,1893141615784,132609209624258,18
WORK,E,26121,1893141629759,132609209665925
WORK,E,26120,1893141632837,132609209665925
WORK,B,26121,1893141635030,132609209665925,11
WORK,B,26120,1893141635156,132609209665925,11
roots,meta,26114,1893141646418,0,119
WORK,E,26114,1893141654263,132609209624258
WORK,B,26114,1893141656026,132609209624258,18
roots,meta,26114,1893141674837,0,112
WORK,E,26114,1893141681789,132609209624258
WORK,B,26114,1893141683585,132609209624258,18
roots,meta,26114,1893141695464,0,93
WORK,E,26114,1893141702238,132609209624258
WORK,B,26114,1893141703975,132609209624258,18
roots,meta,26114,1893141746110,0,144
WORK,E,26114,1893141788999,132609209624258
WORK,B,26114,1893141793342,132609209770587,17
WORK,E,26118,1893141794168,132609209596068
WORK,B,26118,1893141796767,132609209596068,11
roots,meta,26114,1893141796879,0,36
WORK,E,26123,1893141801245,132609209665925
WORK,B,26123,1893141803233,132609209665925,11
WORK,E,26114,1893141804871,132609209770587
WORK,B,26114,1893141807867,132609209665925,11
WORK,E,26120,1893141841355,132609209665925
WORK,B,26120,1893141849400,132609209665925,11
WORK,E,26117,1893141866652,132609209665925
WORK,B,26117,1893141871682,132609209665925,11
WORK,E,26121,1893142091845,132609209665925
WORK,B,26121,1893142135264,132609209665925,11
WORK,E,26123,1893142222229,132609209665925
WORK,B,26123,1893142251148,132609209665925,11
WORK,E,26114,1893142570229,132609209665925
WORK,E,26123,1893142581588,132609209665925
WORK,B,26123,1893142585307,132609209665925,11
WORK,B,26114,1893142604839,132609209665925,11
WORK,E,26123,1893142748352,132609209665925
WORK,B,26123,1893142768125,132609209665925,11
WORK,E,26113,1893143029023,132609209665925
WORK,B,26113,1893143049521,132609209665925,11
WORK,E,26123,1893143137478,132609209665925
WORK,B,26123,1893143155782,132609209665925,11
WORK,E,26120,1893143163337,132609209665925
WORK,B,26120,1893143167283,132609209665925,11
WORK,E,26114,1893143181195,132609209665925
WORK,B,26114,1893143184764,132609209665925,11
WORK,E,26118,1893143213327,132609209596068
WORK,B,26118,1893143216573,132609209596068,11
WORK,E,26121,1893143500957,132609209665925
WORK,B,26121,1893143538310,132609209665925,11
WORK,E,26118,1893143606247,132609209596068
WORK,B,26118,1893143632174,132609209596068,11
WORK,E,26120,1893143671493,132609209665925
WORK,B,26120,1893143673793,132609209665925,11
WORK,E,26113,1893143803974,132609209665925
WORK,B,26113,1893143828568,132609209665925,11
WORK,E,26120,1893143870368,132609209665925
WORK,B,26120,1893143872477,132609209665925,11
WORK,E,26115,1893143919334,132609209665925
WORK,B,26115,1893143924424,132609209665925,11
WORK,E,26123,1893143953924,132609209665925
WORK,B,26123,1893143956074,132609209665925,11
WORK,E,26114,1893144107388,132609209665925
WORK,B,26114,1893144144799,132609209665925,11
WORK,E,26118,1893144356883,132609209596068
WORK,B,26118,1893144361116,132609209596068,11
WORK,E,26120,1893144408462,132609209665925
WORK,B,26120,1893144411318,132609209665925,11
WORK,E,26114,1893144530625,132609209665925
WORK,B,26114,1893144535186,132609209665925,11
WORK,E,26115,1893144573338,132609209665925
WORK,B,26115,1893144577757,132609209665925,11
WORK,E,26113,1893144617539,132609209665925
WORK,E,26119,1893144619336,132609209596068
WORK,B,26113,1893144620615,132609209665925,11
WORK,B,26119,1893144622665,132609209596068,11
WORK,E,26123,1893144709175,132609209665925
WORK,B,26123,1893144711498,132609209665925,11
WORK,E,26115,1893144792992,132609209665925
WORK,B,26115,1893144795665,132609209665925,11
WORK,E,26115,1893144911912,132609209665925
WORK,B,26115,1893144914149,132609209665925,11
WORK,E,26113,1893144914483,132609209665925
WORK,B,26113,1893144916932,132609209665925,11
WORK,E,26119,1893144940479,132609209596068
WORK,B,26119,1893144942941,132609209596068,11
WORK,E,26119,1893145022542,132609209596068
WORK,B,26119,1893145024580,132609209596068,11
WORK,E,26120,1893145077910,132609209665925
WORK,B,26120,1893145079948,132609209665925,11
WORK,E,26119,1893145216117,132609209596068
WORK,B,26119,1893145218506,132609209596068,11
WORK,E,26113,1893145292779,132609209665925
WORK,B,26113,1893145295644,132609209665925,11
WORK,E,26118,1893145315859,132609209596068
WORK,B,26118,1893145320177,132609209596068,11
WORK,E,26119,1893145480408,132609209596068
WORK,B,26119,1893145508804,132609209596068,11
WORK,E,26116,1893145526165,132609209665925
WORK,B,26116,1893145530923,132609209665925,11
WORK,E,26120,1893145545873,132609209665925
WORK,B,26120,1893145547990,132609209665925,11
WORK,E,26117,1893145729565,132609209665925
WORK,E,26114,1893145815782,132609209665925
WORK,B,26114,1893145823545,132609209665925,11
WORK,E,26121,1893145859613,132609209665925
WORK,E,26113,1893145885695,132609209665925
WORK,B,26113,1893145890937,132609209665925,11
WORK,B,26121,1893145898830,132609209665925,11
WORK,E,26113,1893145976411,132609209665925
WORK,E,26120,1893145978748,132609209665925
WORK,B,26113,1893145979185,132609209665925,11
WORK,B,26120,1893145981090,132609209665925,11
WORK,E,26119,1893146019182,132609209596068
WORK,B,26119,1893146021294,132609209596068,11
WORK,E,26123,1893146089046,132609209665925
WORK,B,26123,1893146092323,132609209665925,11
WORK,B,26117,1893146279970,132609209665925,11
WORK,E,26113,1893146434309,132609209665925
WORK,B,26113,1893146439412,132609209665925,11
WORK,E,26116,1893146458506,132609209665925
WORK,B,26116,1893146463693,132609209665925,11
WORK,E,26115,1893146488681,132609209665925
WORK,E,26120,1893146490416,132609209665925
WORK,B,26115,1893146492541,132609209665925,11
WORK,B,26120,1893146492941,132609209665925,11
WORK,E,26116,1893146635172,132609209665925
WORK,B,26116,1893146639221,132609209665925,11
WORK,E,26118,1893146734481,132609209596068
WORK,B,26118,1893146738555,132609209596068,11
WORK,E,26121,1893146756970,132609209665925
WORK,B,26121,1893146760028,132609209665925,11
WORK,E,26123,1893146868093,132609209665925
WORK,B,26123,1893146870578,132609209665925,11
WORK,E,26119,1893146948755,132609209596068
WORK,B,26119,1893146951232,132609209596068,11
WORK,E,26120,1893146996279,132609209665925
WORK,B,26120,1893146998140,132609209665925,11
WORK,E,26119,1893147045689,132609209596068
WORK,B,26119,1893147047534,132609209596068,11
WORK,E,26113,1893147309085,132609209665925
WORK,E,26114,1893147311636,132609209665925
WORK,B,26113,1893147312478,132609209665925,11
WORK,B,26114,1893147318599,132609209665925,11
WORK,E,26119,1893147565886,132609209596068
WORK,B,26119,1893147568433,132609209596068,11
WORK,E,26114,1893147578504,132609209665925
WORK,E,26113,1893147582013,132609209665925
WORK,B,26113,1893147584648,132609209665925,11
WORK,E,26123,1893147724655,132609209665925
WORK,E,26119,1893147725230,132609209596068
WORK,B,26123,1893147727392,132609209665925,11
WORK,B,26119,1893147728402,132609209596068,11
WORK,E,26115,1893147744798,132609209665925
WORK,B,26115,1893147751909,132609209665925,11
WORK,E,26119,1893147775120,132609209596068
WORK,B,26119,1893147777378,132609209596068,11
WORK,E,26119,1893147796376,132609209596068
WORK,B,26119,1893147797549,132609209596068,11
WORK,E,26119,1893147816286,132609209596068
WORK,E,26113,1893147816213,132609209665925
WORK,B,26119,1893147817742,132609209596068,11
WORK,B,26113,1893147823370,132609209665925,11
WORK,E,26117,1893147962730,132609209665925
WORK,B,26117,1893147988796,132609209665925,11
WORK,E,26121,1893148080811,132609209665925
WORK,B,26121,1893148121055,132609209665925,11
WORK,E,26119,1893148231919,132609209596068
WORK,B,26119,1893148251843,132609209596068,11
WORK,E,26117,1893148264568,132609209665925
WORK,B,26117,1893148266908,132609209665925,11
WORK,E,26119,1893148311347,132609209596068
WORK,B,26119,1893148327146,132609209596068,11
WORK,E,26115,1893148391864,132609209665925
WORK,E,26123,1893148394666,132609209665925
WORK,B,26123,1893148396934,132609209665925,11
WORK,B,26115,1893148431625,132609209665925,11
WORK,E,26119,1893148558367,132609209596068
WORK,E,26113,1893148564441,132609209665925
WORK,B,26113,1893148568718,132609209665925,11
WORK,B,26119,1893148577340,132609209596068,11
WORK,E,26121,1893148597663,132609209665925
WORK,B,26121,1893148600531,132609209665925,11
WORK,E,26118,1893148669797,132609209596068
WORK,B,26118,1893148709479,132609209596068,11
WORK,E,26123,1893148831148,132609209665925
WORK,B,26123,1893148855032,132609209665925,11
WORK,E,26121,1893148888107,132609209665925
WORK,E,26115,1893148891907,132609209665925
WORK,B,26115,1893148895855,132609209665925,11
WORK,B,26121,1893148919626,132609209665925,11
WORK,E,26119,1893148981073,132609209596068
WORK,E,26123,1893148987966,132609209665925
WORK,B,26123,1893148990097,132609209665925,11
WORK,B,26119,1893148999577,132609209596068,11
WORK,E,26119,1893149016232,132609209596068
WORK,B,26119,1893149017489,132609209596068,11
WORK,E,26119,1893149033476,132609209596068
WORK,B,26119,1893149035405,132609209596068,11
WORK,E,26118,1893149134064,132609209596068
WORK,E,26117,1893149154853,132609209665925
WORK,B,26117,1893149159323,132609209665925,11
WORK,B,26118,1893149168932,132609209685392,13
WORK,E,26118,1893149172495,132609209685392
WORK,B,26118,1893149174095,132609209596068,11
WORK,E,26118,1893149182205,132609209596068
WORK,B,26118,1893149183428,132609209596068,11
WORK,E,26118,1893149198620,132609209596068
WORK,B,26118,1893149199890,132609209596068,11
WORK,E,26117,1893149218476,132609209665925
WORK,B,26117,1893149245200,132609209665925,11
WORK,E,26117,1893149303298,132609209665925
WORK,E,26115,1893149305135,132609209665925
WORK,B,26115,1893149309016,132609209665925,11
WORK,B,26117,1893149323108,132609209665925,11
WORK,E,26121,1893149325227,132609209665925
WORK,B,26121,1893149328886,132609209665925,11
WORK,E,26119,1893149390900,132609209596068
WORK,B,26119,1893149408199,132609209596068,11
WORK,E,26119,1893149427705,132609209596068
WORK,B,26119,1893149429062,132609209596068,11
WORK,E,26119,1893149444448,132609209596068
WORK,B,26119,1893149459401,132609209596068,11
WORK,E,26119,1893149481319,132609209596068
WORK,B,26119,1893149484104,132609209665925,11
WORK,E,26123,1893149574771,132609209665925
WORK,B,26123,1893149595764,132609209665925,11
WORK,E,26118,1893149698793,132609209596068
WORK,B,26118,1893149731916,132609209596068,11
WORK,E,26115,1893149850910,132609209665925
WORK,B,26115,1893149885796,132609209665925,11
WORK,E,26119,1893150024286,132609209665925
WORK,B,26119,1893150042148,132609209665925,11
WORK,E,26117,1893150259762,132609209665925
WORK,B,26117,1893150280293,132609209665925,11
WORK,E,26121,1893150326095,132609209665925
WORK,B,26121,1893150357371,132609209665925,11
WORK,E,26119,1893150381844,132609209665925
WORK,B,26119,1893150389485,132609209665925,11
WORK,E,26123,1893150420939,132609209665925
WORK,B,26123,1893150423140,132609209665925,11
WORK,E,26118,1893150481543,132609209596068
WORK,E,26115,1893150511795,132609209665925
WORK,B,26118,1893150514369,132609209596068,11
WORK,B,26115,1893150515726,132609209665925,11
WORK,E,26116,1893150581911,132609209665925
WORK,B,26116,1893150617397,132609209665925,11
WORK,E,26117,1893150704703,132609209665925
WORK,B,26117,1893150724376,132609209665925,11
WORK,E,26118,1893150768577,132609209596068
WORK,B,26118,1893150797618,132609209596068,11
WORK,E,26113,1893150940919,132609209665925
WORK,B,26113,1893150977453,132609209665925,11
WORK,E,26117,1893151267843,132609209665925
WORK,B,26117,1893151286824,132609209665925,11
WORK,E,26118,1893151293280,132609209596068
WORK,B,26118,1893151297236,132609209596068,11
WORK,E,26115,1893151312521,132609209665925
WORK,B,26115,1893151315191,132609209665925,11
WORK,E,26118,1893151403909,132609209596068
WORK,B,26118,1893151434315,132609209596068,11
WORK,E,26116,1893151511518,132609209665925
WORK,B,26116,1893151515858,132609209665925,11
WORK,E,26123,1893151543356,132609209665925
WORK,B,26123,1893151546072,132609209665925,11
WORK,E,26118,1893151634173,132609209596068
WORK,B,26118,1893151664930,132609209596068,11
WORK,E,26117,1893151831397,132609209665925
WORK,B,26117,1893151853181,132609209665925,11
WORK,E,26123,1893151963510,132609209665925
WORK,B,26123,1893151986485,132609209665925,11
WORK,E,26113,1893151992800,132609209665925
WORK,B,26113,1893151997115,132609209665925,11
WORK,E,26117,1893151997627,132609209665925
WORK,B,26117,1893151999462,132609209665925,11
WORK,E,26118,1893152095212,132609209596068
WORK,B,26118,1893152130585,132609209596068,11
WORK,B,26114,1893152221804,132609209665925,11
WORK,E,26121,1893152223384,132609209665925
WORK,B,26121,1893152231579,132609209665925,11
WORK,E,26116,1893152241419,132609209665925
WORK,B,26116,1893152246341,132609209665925,11
WORK,E,26120,1893152294930,132609209665925
WORK,B,26120,1893152299405,132609209665925,11
WORK,E,26123,1893152442212,132609209665925
WORK,B,26123,1893152461979,132609209665925,11
WORK,E,26122,1893152482666,132609209665925
WORK,B,26122,1893152485445,132609209665925,11
WORK,E,26116,1893152552620,132609209665925
WORK,B,26116,1893152557847,132609209665925,11
WORK,E,26114,1893152583916,132609209665925
WORK,B,26114,1893152588109,132609209665925,11
WORK,E,26118,1893152645856,132609209596068
WORK,E,26119,1893152698501,132609209665925
WORK,B,26119,1893152703030,132609209665925,11
WORK,E,26113,1893152757877,132609209665925
WORK,B,26113,1893152771407,132609209665925,11
WORK,E,26116,1893152813401,132609209665925
WORK,B,26116,1893152817793,132609209665925,11
WORK,B,26118,1893152837909,132609209596068,11
WORK,E,26114,1893152877375,132609209665925
WORK,B,26114,1893152904227,132609209665925,11
WORK,E,26123,1893152920476,132609209665925
WORK,B,26123,1893152922953,132609209665925,11
WORK,E,26120,1893152924167,132609209665925
WORK,B,26120,1893152927274,132609209665925,11
WORK,E,26119,1893153146850,132609209665925
WORK,B,26119,1893153149984,132609209665925,11
WORK,E,26119,1893153169453,132609209665925
WORK,B,26119,1893153171047,132609209665925,11
WORK,E,26119,1893153205473,132609209665925
WORK,E,26121,1893153205557,132609209665925
WORK,B,26119,1893153206664,132609209665925,11
WORK,B,26121,1893153209918,132609209665925,11
WORK,E,26123,1893153210979,132609209665925
WORK,B,26123,1893153212927,132609209665925,11
WORK,E,26122,1893153226299,132609209665925
WORK,B,26122,1893153230625,132609209665925,11
WORK,E,26118,1893153288070,132609209596068
WORK,B,26118,1893153291710,132609209596068,11
WORK,E,26116,1893153294579,132609209665925
WORK,B,26116,1893153298248,132609209665925,11
WORK,E,26119,1893153303155,132609209665925
WORK,B,26119,1893153305303,132609209665925,11
WORK,E,26113,1893153333833,132609209665925
WORK,B,26113,1893153337460,132609209665925,11
WORK,E,26120,1893153558553,132609209665925
WORK,B,26120,1893153565546,132609209665925,11
WORK,E,26123,1893153573352,132609209665925
WORK,B,26123,1893153575430,132609209665925,11
WORK,E,26121,1893153635587,132609209665925
WORK,B,26121,1893153650776,132609209665925,11
WORK,E,26118,1893153747097,132609209596068
WORK,B,26118,1893153754367,132609209665925,11
WORK,E,26113,1893153824174,132609209665925
WORK,B,26113,1893153860195,132609209665925,11
WORK,E,26115,1893153892738,132609209665925
WORK,B,26115,1893153895725,132609209665925,11
WORK,E,26116,1893153934193,132609209665925
WORK,B,26116,1893153948179,132609209665925,11
WORK,E,26122,1893153959686,132609209665925
WORK,B,26122,1893153965010,132609209665925,11
WORK,E,26115,1893154105027,132609209665925
WORK,B,26115,1893154127779,132609209665925,11
WORK,E,26121,1893154143766,132609209665925
WORK,B,26121,1893154147613,132609209665925,11
WORK,E,26118,1893154154789,132609209665925
WORK,B,26118,1893154157843,132609209665925,11
WORK,E,26119,1893154160819,132609209665925
WORK,B,26119,1893154162761,132609209665925,11
WORK,E,26120,1893154200142,132609209665925
WORK,B,26120,1893154217136,132609209665925,11
WORK,E,26122,1893154311728,132609209665925
WORK,E,26115,1893154315081,132609209665925
WORK,B,26115,1893154318283,132609209665925,11
WORK,E,26114,1893154334388,132609209665925
WORK,B,26114,1893154338020,132609209665925,11
WORK,E,26116,1893154347270,132609209665925
WORK,B,26116,1893154350277,132609209665925,11
WORK,E,26113,1893154445907,132609209665925
WORK,B,26113,1893154449368,132609209665925,11
WORK,B,26122,1893154515656,132609209665925,11
WORK,E,26120,1893154593758,132609209665925
WORK,B,26120,1893154597774,132609209665925,11
WORK,E,26113,1893154742118,132609209665925
WORK,E,26122,1893154770047,132609209665925
WORK,B,26113,1893154772359,132609209665925,11
WORK,B,26122,1893154774054,132609209665925,11
WORK,E,26119,1893154818491,132609209665925
WORK,B,26119,1893154820395,132609209665925,11
WORK,E,26115,1893154825309,132609209665925
WORK,B,26115,1893154827063,132609209665925,11
WORK,E,26121,1893154830188,132609209665925
WORK,B,26121,1893154833383,132609209665925,11
WORK,E,26113,1893154974042,132609209665925
WORK,B,26113,1893154976292,132609209665925,11
WORK,E,26122,1893155033972,132609209665925
WORK,B,26122,1893155036745,132609209665925,11
WORK,E,26120,1893155050025,132609209665925
WORK,B,26120,1893155052267,132609209665925,11
WORK,E,26116,1893155056783,132609209665925
WORK,B,26116,1893155059995,132609209665925,11
WORK,E,26118,1893155069401,132609209665925
WORK,B,26118,1893155072472,132609209665925,11
WORK,E,26113,1893155150478,132609209665925
WORK,B,26113,1893155152000,132609209665925,11
WORK,E,26119,1893155198656,132609209665925
WORK,B,26119,1893155200705,132609209665925,11
WORK,E,26121,1893155294683,132609209665925
WORK,B,26121,1893155298233,132609209665925,11
WORK,E,26116,1893155319134,132609209665925
WORK,B,26116,1893155323007,132609209665925,11
WORK,E,26114,1893155327655,132609209665925
WORK,B,26114,1893155331281,132609209665925,11
WORK,E,26113,1893155365348,132609209665925
WORK,B,26113,1893155368573,132609209665925,11
WORK,E,26118,1893155393625,132609209665925
WORK,B,26118,1893155396837,132609209665925,11
WORK,E,26115,1893155435057,132609209665925
WORK,B,26115,1893155436960,132609209665925,11
WORK,E,26119,1893155559644,132609209665925
WORK,B,26119,1893155573916,132609209665925,11
WORK,E,26120,1893155590189,132609209665925
WORK,B,26120,1893155592480,132609209665925,11
WORK,E,26116,1893155597104,132609209665925
WORK,B,26116,1893155600743,132609209665925,11
WORK,E,26113,1893155692991,132609209665925
WORK,B,26113,1893155696387,132609209665925,11
WORK,E,26122,1893155733041,132609209665925
WORK,B,26122,1893155737348,132609209665925,11
WORK,E,26121,1893155745669,132609209665925
WORK,B,26121,1893155748446,132609209665925,11
WORK,E,26118,1893155912960,132609209665925
WORK,B,26118,1893155915575,132609209665925,11
WORK,E,26115,1893155931142,132609209665925
WORK,B,26115,1893155933250,132609209665925,11
WORK,E,26113,1893155945950,132609209665925
WORK,B,26113,1893155948306,132609209665925,11
WORK,E,26116,1893155954752,132609209665925
WORK,B,26116,1893155959203,132609209665925,11
WORK,E,26119,1893155963658,132609209665925
WORK,B,26119,1893155965719,132609209665925,11
WORK,E,26114,1893156067985,132609209665925
WORK,E,26122,1893156068977,132609209665925
WORK,B,26114,1893156073065,132609209665925,11
WORK,B,26122,1893156074071,132609209665925,11
WORK,E,26118,1893156126070,132609209665925
WORK,B,26118,1893156128458,132609209665925,11
WORK,E,26117,1893156197013,132609209665925
WORK,B,26117,1893156204165,132609209665925,11
WORK,E,26114,1893156313137,132609209665925
WORK,B,26114,1893156315534,132609209665925,11
WORK,E,26120,1893156342688,132609209665925
WORK,B,26120,1893156356764,132609209665925,11
WORK,E,26116,1893156401861,132609209665925
WORK,E,26119,1893156404932,132609209665925
WORK,B,26119,1893156407248,132609209665925,11
WORK,E,26117,1893156408511,132609209665925
WORK,B,26117,1893156412119,132609209665925,11
WORK,B,26116,1893156417063,132609209665925,11
WORK,E,26123,1893156435698,132609209665925
WORK,E,26113,1893156447340,132609209665925
WORK,B,26123,1893156447866,132609209665925,11
WORK,E,26115,1893156454795,132609209665925
WORK,B,26113,1893156455760,132609209665925,11
WORK,E,26121,1893156457156,132609209665925
WORK,B,26121,1893156460438,132609209665925,11
WORK,B,26115,1893156463993,132609209665925,11
WORK,E,26118,1893156497162,132609209665925
WORK,B,26118,1893156524720,132609209665925,11
WORK,E,26114,1893156583120,132609209665925
WORK,B,26114,1893156585349,132609209665925,11
WORK,E,26123,1893156881769,132609209665925
WORK,B,26123,1893156885192,132609209665925,11
WORK,E,26116,1893156916946,132609209665925
WORK,B,26116,1893156921383,132609209665925,11
WORK,E,26115,1893157007463,132609209665925
WORK,B,26115,1893157010604,132609209665925,11
WORK,E,26113,1893157016306,132609209665925
WORK,B,26113,1893157019270,132609209665925,11
WORK,E,26120,1893157045462,132609209665925
WORK,B,26120,1893157047766,132609209665925,11
WORK,E,26121,1893157079737,132609209665925
WORK,B,26121,1893157082917,132609209665925,11
WORK,E,26117,1893157115439,132609209665925
WORK,B,26117,1893157119217,132609209665925,11
WORK,E,26118,1893157264093,132609209665925
WORK,B,26118,1893157270559,132609209665925,11
WORK,E,26123,1893157327986,132609209665925
WORK,B,26123,1893157329883,132609209665925,11
WORK,E,26115,1893157364874,132609209665925
WORK,B,26115,1893157369447,132609209665925,11
WORK,E,26120,1893157407163,132609209665925
WORK,B,26120,1893157409442,132609209665925,11
WORK,E,26117,1893157417482,132609209665925
WORK,B,26117,1893157421294,132609209665925,11
WORK,E,26114,1893157488481,132609209665925
WORK,B,26114,1893157490452,132609209665925,11
WORK,E,26121,1893157511451,132609209665925
WORK,B,26121,1893157516395,132609209665925,11
WORK,E,26116,1893157551583,132609209665925
WORK,B,26116,1893157554051,132609209665925,11
WORK,E,26113,1893157591329,132609209665925
WORK,B,26113,1893157594673,132609209665925,11
WORK,E,26118,1893157706881,132609209665925
WORK,B,26118,1893157709904,132609209665925,11
WORK,E,26115,1893157712074,132609209665925
WORK,B,26115,1893157716515,132609209665925,11
WORK,E,26123,1893157736757,132609209665925
WORK,B,26123,1893157738888,132609209665925,11
WORK,E,26114,1893157747276,132609209665925
WORK,B,26114,1893157748985,132609209665925,11
WORK,E,26115,1893157900723,132609209665925
WORK,B,26115,1893157902722,132609209665925,11
WORK,E,26118,1893157941113,132609209665925
WORK,B,26118,1893157943391,132609209665925,11
WORK,E,26121,1893158018160,132609209665925
WORK,B,26121,1893158021428,132609209665925,11
WORK,E,26113,1893158029767,132609209665925
WORK,B,26113,1893158032906,132609209665925,11
WORK,E,26115,1893158034470,132609209665925
WORK,B,26115,1893158036751,132609209665925,11
WORK,E,26120,1893158057382,132609209665925
WORK,B,26120,1893158060495,132609209665925,11
WORK,E,26116,1893158143669,132609209665925
WORK,B,26116,1893158147524,132609209665925,11
WORK,E,26123,1893158203685,132609209665925
WORK,B,26123,1893158206013,132609209665925,11
WORK,E,26115,1893158470099,132609209665925
WORK,B,26115,1893158472699,132609209665925,11
WORK,E,26113,1893158504718,132609209665925
WORK,B,26113,1893158509001,132609209665925,11
WORK,E,26115,1893158517633,132609209665925
WORK,B,26115,1893158519057,132609209665925,11
WORK,E,26114,1893158523561,132609209665925
WORK,B,26114,1893158525467,132609209665925,11
WORK,E,26118,1893158528243,132609209665925
WORK,B,26118,1893158531472,132609209665925,11
WORK,E,26117,1893158555640,132609209665925
WORK,B,26117,1893158559640,132609209665925,11
WORK,E,26114,1893158587994,132609209665925
WORK,B,26114,1893158589977,132609209665925,11
WORK,E,26120,1893158596967,132609209665925
WORK,B,26120,1893158600092,132609209665925,11
WORK,E,26121,1893158683163,132609209665925
WORK,B,26121,1893158686510,132609209665925,11
WORK,E,26123,1893158755446,132609209665925
WORK,B,26123,1893158757601,132609209665925,11
WORK,E,26114,1893158850948,132609209665925
WORK,B,26114,1893158852886,132609209665925,11
WORK,E,26118,1893158876837,132609209665925
WORK,E,26116,1893158879610,132609209665925
WORK,B,26118,1893158880947,132609209665925,11
WORK,B,26116,1893158885022,132609209665925,11
WORK,E,26120,1893158915820,132609209665925
WORK,B,26120,1893158918848,132609209665925,11
WORK,E,26115,1893158932094,132609209665925
WORK,B,26115,1893158934772,132609209665925,11
WORK,E,26113,1893158960782,132609209665925
WORK,B,26113,1893158963286,132609209665925,11
WORK,E,26116,1893159110635,132609209665925
WORK,B,26116,1893159113446,132609209665925,11
WORK,E,26114,1893159200908,132609209665925
WORK,B,26114,1893159205969,132609209678144,23
WORK,E,26120,1893159222710,132609209665925
WORK,B,26120,1893159226571,132609209678144,23
WORK,E,26123,1893159230725,132609209665925
WORK,B,26123,1893159232518,132609209665925,11
WORK,E,26117,1893159252220,132609209665925
WORK,E,26120,1893159255594,132609209678144
WORK,B,26117,1893159256228,132609209665925,11
WORK,B,26120,1893159256994,132609209678144,23
WORK,E,26114,1893159264414,132609209678144
WORK,B,26114,1893159265809,132609209678144,23
WORK,E,26121,1893159278515,132609209665925
WORK,B,26121,1893159281919,132609209665925,11
WORK,E,26118,1893159356443,132609209665925
WORK,B,26118,1893159359508,132609209678144,23
WORK,E,26114,1893159385070,132609209678144
WORK,B,26114,1893159387382,132609209678144,23
WORK,E,26115,1893159391439,132609209665925
WORK,E,26113,1893159393073,132609209665925
WORK,B,26115,1893159394617,132609209665925,11
WORK,B,26113,1893159396520,132609209665925,11
WORK,E,26114,1893159427256,132609209678144
WORK,B,26114,1893159428542,132609209678144,23
WORK,E,26123,1893159479303,132609209665925
WORK,B,26123,1893159481197,132609209665925,11
WORK,E,26116,1893159627434,132609209665925
WORK,B,26116,1893159632330,132609209678144,23
WORK,E,26116,1893159658506,132609209678144
WORK,B,26116,1893159659829,132609209678144,23
WORK,E,26121,1893159724549,132609209665925
WORK,B,26121,1893159727383,132609209665925,11
WORK,E,26115,1893159740612,132609209665925
WORK,B,26115,1893159743106,132609209665925,11
WORK,E,26113,1893159795025,132609209665925
WORK,B,26113,1893159797637,132609209665925,11
WORK,E,26123,1893159806149,132609209665925
WORK,B,26123,1893159808191,132609209665925,11
WORK,E,26119,1893159933028,132609209665925
WORK,B,26119,1893159943827,132609209665925,11
WORK,E,26117,1893160080639,132609209665925
WORK,B,26117,1893160085284,132609209665925,11
WORK,E,26119,1893160232524,132609209665925
WORK,B,26119,1893160234538,132609209665925,11
WORK,E,26123,1893160239822,132609209665925
WORK,B,26123,1893160242159,132609209665925,11
WORK,E,26115,1893160243392,132609209665925
WORK,B,26115,1893160246243,132609209665925,11
WORK,E,26121,1893160283210,132609209665925
WORK,B,26121,1893160287233,132609209665925,11
WORK,E,26113,1893160318783,132609209665925
WORK,B,26113,1893160326600,132609209678144,23
WORK,E,26113,1893160336002,132609209678144
WORK,B,26113,1893160338990,132609209678144,23
WORK,E,26119,1893160453114,132609209665925
WORK,B,26119,1893160455030,132609209665925,11
WORK,E,26115,1893160506233,132609209665925
WORK,B,26115,1893160508620,132609209665925,11
WORK,E,26123,1893160535743,132609209665925
WORK,B,26123,1893160538406,132609209665925,11
WORK,E,26113,1893160608488,132609209678144
WORK,B,26113,1893160611941,132609209678144,23
WORK,E,26113,1893160667350,132609209678144
WORK,B,26113,1893160668719,132609209678144,23
WORK,E,26119,1893160696382,132609209665925
WORK,B,26119,1893160698207,132609209665925,11
WORK,E,26113,1893160721344,132609209678144
WORK,B,26113,1893160723855,132609209678144,23
WORK,E,26113,1893160733663,132609209678144
WORK,B,26113,1893160734942,132609209678144,23
WORK,E,26113,1893160746539,132609209678144
WORK,B,26113,1893160747735,132609209678144,23
WORK,E,26113,1893160750775,132609209678144
WORK,B,26113,1893160751913,132609209678144,23
WORK,E,26113,1893160755285,132609209678144
WORK,B,26113,1893160756390,132609209678144,23
WORK,E,26113,1893160758082,132609209678144
WORK,B,26113,1893160759622,132609209678144,23
WORK,E,26115,1893160759591,132609209665925
WORK,E,26113,1893160761690,132609209678144
WORK,B,26115,1893160761967,132609209665925,11
WORK,B,26113,1893160762993,132609209678144,23
WORK,E,26113,1893160767681,132609209678144
WORK,B,26113,1893160768811,132609209678144,23
WORK,E,26113,1893160771856,132609209678144
WORK,B,26113,1893160772974,132609209678144,23
WORK,E,26113,1893160774396,132609209678144
WORK,B,26113,1893160775520,132609209678144,23
WORK,E,26113,1893160778569,132609209678144
WORK,B,26113,1893160779678,132609209678144,23
WORK,E,26113,1893160797740,132609209678144
WORK,B,26113,1893160800852,132609209678144,23
WORK,E,26113,1893160804812,132609209678144
WORK,E,26122,1893160804930,132609209665925
WORK,B,26113,1893160806299,132609209678144,23
WORK,B,26122,1893160809512,132609209665925,11
WORK,E,26123,1893160830205,132609209665925
WORK,B,26123,1893160832007,132609209665925,11
WORK,E,26121,1893160853215,132609209665925
WORK,B,26121,1893160856600,132609209665925,11
WORK,E,26115,1893161015847,132609209665925
WORK,B,26115,1893161018722,132609209665925,11
WORK,E,26119,1893161049833,132609209665925
WORK,B,26119,1893161053555,132609209665925,11
WORK,E,26115,1893161251410,132609209665925
WORK,B,26115,1893161253438,132609209665925,11
WORK,E,26121,1893161310181,132609209665925
WORK,B,26121,1893161313137,132609209665925,11
WORK,E,26119,1893161323239,132609209665925
WORK,B,26119,1893161325083,132609209665925,11
WORK,E,26123,1893161335907,132609209665925
WORK,B,26123,1893161337767,132609209665925,11
WORK,E,26115,1893161499970,132609209665925
WORK,B,26115,1893161501930,132609209665925,11
WORK,E,26120,1893161550326,132609209678144
WORK,B,26120,1893161554686,132609209678144,23
WORK,E,26121,1893161568215,132609209665925
WORK,B,26121,1893161570280,132609209665925,11
WORK,E,26119,1893161668238,132609209665925
WORK,B,26119,1893161670125,132609209665925,11
WORK,E,26123,1893161732298,132609209665925
WORK,B,26123,1893161734003,132609209665925,11
WORK,E,26118,1893161771194,132609209678144
WORK,B,26118,1893161775413,132609209678144,23
WORK,E,26114,1893161793531,132609209678144
WORK,B,26114,1893161797918,132609209665925,11
WORK,E,26118,1893161880225,132609209678144
WORK,B,26118,1893161882809,132609209678144,23
WORK,E,26123,1893161883740,132609209665925
WORK,B,26123,1893161885569,132609209665925,11
WORK,E,26121,1893161961846,132609209665925
WORK,B,26121,1893161967456,132609209665925,11
WORK,E,26119,1893161994878,132609209665925
WORK,B,26119,1893161997060,132609209665925,11
WORK,E,26123,1893162023485,132609209665925
WORK,B,26123,1893162025265,132609209665925,11
WORK,E,26122,1893162053653,132609209665925
WORK,B,26122,1893162058480,132609209665925,11
WORK,E,26119,1893162197720,132609209665925
WORK,B,26119,1893162201476,132609209665925,11
WORK,E,26118,1893162282482,132609209678144
WORK,B,26118,1893162286999,132609209678144,23
WORK,E,26121,1893162293657,132609209665925
WORK,B,26121,1893162297655,132609209665925,11
WORK,E,26118,1893162315107,132609209678144
WORK,B,26118,1893162316732,132609209665925,11
WORK,E,26114,1893162323694,132609209665925
WORK,B,26114,1893162328376,132609209665925,11
WORK,E,26123,1893162396879,132609209665925
WORK,B,26123,1893162398919,132609209665925,11
WORK,E,26113,1893162485924,132609209678144
WORK,B,26113,1893162491494,132609209665925,11
WORK,E,26119,1893162518866,132609209665925
WORK,B,26119,1893162520910,132609209665925,11
WORK,E,26114,1893162528222,132609209665925
WORK,B,26114,1893162530540,132609209665925,11
WORK,E,26121,1893162541184,132609209665925
WORK,B,26121,1893162544348,132609209665925,11
WORK,E,26118,1893162599576,132609209665925
WORK,B,26118,1893162602705,132609209665925,11
WORK,E,26123,1893162670116,132609209665925
WORK,B,26123,1893162672166,132609209665925,11
WORK,E,26119,1893162704094,132609209665925
WORK,B,26119,1893162705797,132609209665925,11
WORK,E,26113,1893162748642,132609209665925
WORK,B,26113,1893162751961,132609209665925,11
WORK,E,26118,1893162772835,132609209665925
WORK,B,26118,1893162775324,132609209665925,11
WORK,E,26119,1893162788821,132609209665925
WORK,B,26119,1893162790705,132609209665925,11
WORK,E,26119,1893162901657,132609209665925
WORK,B,26119,1893162902783,132609209665925,11
WORK,E,26121,1893162906715,132609209665925
WORK,B,26121,1893162910304,132609209665925,11
WORK,E,26120,1893162931643,132609209678144
WORK,B,26120,1893162935473,132609209678144,23
WORK,E,26114,1893162968178,132609209665925
WORK,B,26114,1893162971467,132609209665925,11
WORK,E,26123,1893162984996,132609209665925
WORK,B,26123,1893162986799,132609209665925,11
WORK,E,26113,1893163122769,132609209665925
WORK,B,26113,1893163127998,132609209665925,11
WORK,E,26114,1893163152303,132609209665925
WORK,B,26114,1893163154756,132609209665925,11
WORK,E,26114,1893163209434,132609209665925
WORK,B,26114,1893163210634,132609209665925,11
WORK,E,26119,1893163231024,132609209665925
WORK,B,26119,1893163233754,132609209665925,11
WORK,E,26121,1893163233759,132609209665925
WORK,B,26121,1893163237562,132609209665925,11
WORK,E,26122,1893163259635,132609209665925
WORK,B,26122,1893163263898,132609209665925,11
WORK,E,26123,1893163277178,132609209665925
WORK,B,26123,1893163279047,132609209665925,11
WORK,E,26123,1893163486923,132609209665925
WORK,B,26123,1893163488719,132609209665925,11
WORK,E,26119,1893163510204,132609209665925
WORK,B,26119,1893163511813,132609209665925,11
WORK,E,26116,1893163673406,132609209678144
WORK,B,26116,1893163679300,132609209665925,11
WORK,E,26123,1893163697587,132609209665925
WORK,B,26123,1893163699650,132609209665925,11
WORK,E,26121,1893163759079,132609209665925
WORK,B,26121,1893163762936,132609209665925,11
WORK,E,26119,1893163813765,132609209665925
WORK,B,26119,1893163815662,132609209665925,11
WORK,E,26122,1893163829049,132609209665925
WORK,B,26122,1893163833122,132609209665925,11
WORK,E,26123,1893163870556,132609209665925
WORK,B,26123,1893163872504,132609209665925,11
WORK,E,26123,1893164012849,132609209665925
WORK,B,26123,1893164014803,132609209665925,11
WORK,E,26119,1893164064483,132609209665925
WORK,B,26119,1893164066377,132609209665925,11
WORK,E,26118,1893164124576,132609209665925
WORK,B,26118,1893164128947,132609209665925,11
WORK,E,26120,1893164174468,132609209678144
WORK,B,26120,1893164196709,132609209678144,23
WORK,E,26121,1893164197470,132609209665925
WORK,B,26121,1893164200041,132609209665925,11
WORK,E,26117,1893164276311,132609209665925
WORK,B,26117,1893164280231,132609209665925,11
WORK,E,26114,1893164566748,132609209665925
WORK,B,26114,1893164570595,132609209665925,11
WORK,E,26117,1893164604701,132609209665925
WORK,B,26117,1893164608874,132609209665925,11
WORK,E,26114,1893164773243,132609209665925
WORK,B,26114,1893164786519,132609209665925,11
WORK,E,26122,1893164872440,132609209665925
WORK,B,26122,1893164887399,132609209665925,11
WORK,E,26119,1893164958624,132609209665925
WORK,B,26119,1893164995788,132609209665925,11
WORK,E,26113,1893165098782,132609209665925
WORK,B,26113,1893165114706,132609209665925,11
WORK,E,26116,1893165178240,132609209665925
WORK,B,26116,1893165193197,132609209665925,11
WORK,E,26119,1893165437304,132609209665925
WORK,B,26119,1893165484515,132609209665925,11
WORK,E,26120,1893165496190,132609209678144
WORK,B,26120,1893165500991,132609209678144,23
WORK,E,26120,1893165530415,132609209678144
WORK,B,26120,1893165531760,132609209678144,23
WORK,E,26120,1893165553811,132609209678144
WORK,B,26120,1893165555281,132609209665925,11
WORK,E,26117,1893165576019,132609209665925
WORK,B,26117,1893165581527,132609209665925,11
WORK,E,26120,1893165714915,132609209665925
WORK,B,26120,1893165731449,132609209665925,11
WORK,E,26122,1893165893709,132609209665925
WORK,E,26119,1893165890168,132609209665925
WORK,B,26122,1893165922649,132609209665925,11
WORK,B,26119,1893165955357,132609209665925,11
WORK,E,26121,1893165985748,132609209665925
WORK,B,26121,1893165989828,132609209665925,11
WORK,E,26114,1893166049452,132609209665925
WORK,B,26114,1893166056913,132609209665925,11
WORK,E,26117,1893166113392,132609209665925
WORK,B,26117,1893166117204,132609209665925,11
WORK,E,26119,1893166187663,132609209665925
WORK,B,26119,1893166190151,132609209665925,11
WORK,E,26121,1893166285421,132609209665925
WORK,B,26121,1893166288388,132609209665925,11
WORK,E,26118,1893166357699,132609209665925
WORK,B,26118,1893166361971,132609209665925,11
WORK,E,26120,1893166402350,132609209665925
WORK,B,26120,1893166405868,132609209665925,11
WORK,E,26119,1893166423702,132609209665925
WORK,B,26119,1893166425862,132609209665925,11
WORK,E,26116,1893166446921,132609209665925
WORK,B,26116,1893166451999,132609209665925,11
WORK,E,26114,1893166510235,132609209665925
WORK,B,26114,1893166516380,132609209665925,11
WORK,E,26115,1893166599125,132609209665925
WORK,B,26115,1893166602703,132609209665925,11
WORK,E,26120,1893166619279,132609209665925
WORK,B,26120,1893166622847,132609209665925,11
WORK,E,26116,1893166624749,132609209665925
WORK,B,26116,1893166627063,132609209665925,11
WORK,E,26122,1893166806303,132609209665925
WORK,B,26122,1893166810487,132609209665925,11
WORK,E,26116,1893166868178,132609209665925
WORK,B,26116,1893166871384,132609209665925,11
WORK,E,26119,1893166992842,132609209665925
WORK,B,26119,1893167008533,132609209665925,11
WORK,E,26115,1893167072343,132609209665925
WORK,B,26115,1893167075157,132609209665925,11
WORK,E,26121,1893167118664,132609209665925
WORK,B,26121,1893167122772,132609209665925,11
WORK,E,26117,1893167166642,132609209665925
WORK,B,26117,1893167170662,132609209665925,11
WORK,E,26119,1893167242001,132609209665925
WORK,B,26119,1893167244452,132609209665925,11
WORK,E,26118,1893167325035,132609209665925
WORK,B,26118,1893167328808,132609209665925,11
WORK,E,26113,1893167407995,132609209665925
WORK,B,26113,1893167412375,132609209665925,11
WORK,E,26116,1893167492356,132609209665925
WORK,B,26116,1893167496351,132609209665925,11
WORK,E,26116,1893167618951,132609209665925
WORK,B,26116,1893167621080,132609209665925,11
WORK,E,26114,1893167621625,132609209665925
WORK,B,26114,1893167625647,132609209665925,11
WORK,E,26117,1893167658417,132609209665925
WORK,B,26117,1893167662613,132609209665925,11
WORK,E,26115,1893167681806,132609209665925
WORK,B,26115,1893167684439,132609209665925,11
WORK,E,26121,1893167751488,132609209665925
WORK,B,26121,1893167754949,132609209665925,11
WORK,E,26119,1893167865210,132609209665925
WORK,B,26119,1893167873831,132609209665925,11
WORK,E,26116,1893167959336,132609209665925
WORK,B,26116,1893167963135,132609209665925,11
WORK,E,26114,1893167985359,132609209665925
WORK,B,26114,1893167987664,132609209665925,11
WORK,E,26117,1893168016591,132609209665925
WORK,B,26117,1893168020531,132609209665925,11
WORK,E,26120,1893168022760,132609209665925
WORK,B,26120,1893168026918,132609209665925,11
WORK,E,26121,1893168078537,132609209665925
WORK,B,26121,1893168081715,132609209665925,11
WORK,E,26115,1893168166212,132609209665925
WORK,B,26115,1893168168697,132609209665925,11
WORK,E,26116,1893168218222,132609209665925
WORK,B,26116,1893168221470,132609209665925,11
WORK,E,26119,1893168284611,132609209665925
WORK,B,26119,1893168287434,132609209665925,11
WORK,E,26118,1893168303987,132609209665925
WORK,B,26118,1893168307803,132609209665925,11
WORK,E,26115,1893168379106,132609209665925
WORK,B,26115,1893168381782,132609209665925,11
WORK,E,26113,1893168446905,132609209665925
WORK,B,26113,1893168452385,132609209665925,11
WORK,E,26117,1893168473424,132609209665925
WORK,B,26117,1893168477202,132609209665925,11
WORK,E,26114,1893168486492,132609209665925
WORK,B,26114,1893168488921,132609209665925,11
WORK,E,26121,1893168549242,132609209665925
WORK,B,26121,1893168552416,132609209665925,11
WORK,E,26115,1893168570437,132609209665925
WORK,B,26115,1893168572487,132609209665925,11
WORK,E,26119,1893168592531,132609209665925
WORK,B,26119,1893168595458,132609209665925,11
WORK,E,26120,1893168616513,132609209665925
WORK,B,26120,1893168620038,132609209665925,11
WORK,E,26122,1893168632671,132609209665925
WORK,B,26122,1893168637100,132609209665925,11
WORK,E,26117,1893168713163,132609209665925
WORK,B,26117,1893168715935,132609209665925,11
WORK,E,26115,1893168731619,132609209665925
WORK,B,26115,1893168733548,132609209665925,11
WORK,E,26114,1893168761545,132609209665925
WORK,B,26114,1893168763575,132609209665925,11
WORK,E,26119,1893168904764,132609209665925
WORK,B,26119,1893168907930,132609209665925,11
WORK,E,26115,1893168920601,132609209665925
WORK,B,26115,1893168924126,132609209665925,11
WORK,E,26117,1893168965393,132609209665925
WORK,B,26117,1893168969425,132609209665925,11
WORK,E,26113,1893169021291,132609209665925
WORK,B,26113,1893169026611,132609209665925,11
WORK,E,26114,1893169074909,132609209665925
WORK,B,26114,1893169077547,132609209665925,11
WORK,E,26118,1893169120869,132609209665925
WORK,B,26118,1893169124618,132609209665925,11
WORK,E,26115,1893169148058,132609209665925
WORK,B,26115,1893169149950,132609209665925,11
WORK,E,26122,1893169153245,132609209665925
WORK,B,26122,1893169155914,132609209665925,11
WORK,E,26119,1893169159122,132609209665925
WORK,B,26119,1893169161934,132609209665925,11
WORK,E,26116,1893169453675,132609209665925
WORK,B,26116,1893169459419,132609209665925,11
WORK,E,26115,1893169474414,132609209665925
WORK,B,26115,1893169477704,132609209665925,11
WORK,E,26121,1893169556739,132609209665925
WORK,E,26113,1893169556739,132609209665925
WORK,E,26117,1893169560556,132609209665925
WORK,B,26113,1893169561876,132609209665925,11
WORK,B,26121,1893169561865,132609209665925,11
WORK,B,26117,1893169564846,132609209665925,11
WORK,E,26123,1893169579604,132609209665925
WORK,B,26123,1893169582901,132609209665925,11
WORK,E,26114,1893169711163,132609209665925
WORK,B,26114,1893169713658,132609209665925,11
WORK,E,26122,1893169726373,132609209665925
WORK,B,26122,1893169728765,132609209665925,11
WORK,E,26113,1893169732415,132609209665925
WORK,B,26113,1893169735590,132609209665925,11
WORK,E,26121,1893169804251,132609209665925
WORK,B,26121,1893169806444,132609209665925,11
WORK,E,26123,1893169861805,132609209665925
WORK,B,26123,1893169864006,132609209665925,11
WORK,E,26123,1893170020469,132609209665925
WORK,B,26123,1893170022965,132609209665925,11
WORK,E,26115,1893170031881,132609209665925
WORK,B,26115,1893170036261,132609209665925,11
WORK,E,26121,1893170062439,132609209665925
WORK,B,26121,1893170065908,132609209665925,11
WORK,E,26113,1893170070346,132609209665925
WORK,E,26122,1893170109085,132609209665925
WORK,E,26116,1893170137087,132609209665925
WORK,E,26118,1893170151072,132609209665925
WORK,E,26117,1893170176673,132609209665925
WORK,E,26121,1893170274106,132609209665925
WORK,E,26114,1893170505885,132609209665925
WORK,E,26120,1893170522359,132609209665925
WORK,E,26119,1893170529493,132609209665925
WORK,E,26115,1893170557609,132609209665925
WORK,E,26123,1893170603226,132609209665925
BUCKET_OPEN,i,26123,1893170609777,18
BUCKET_OPEN,i,26123,1893170610582,18
WORK,B,26114,1893170755067,132609209724486,7
WORK,E,26114,1893170776903,132609209724486
BUCKET_OPEN,i,26114,1893170780392,20
BUCKET_OPEN,i,26114,1893170781064,20
plan_end_of_gc,B,26114,1893170786725
plan_end_of_gc,E,26114,1893170788127
GC,E,26114,1893170789787
WORK,B,26114,1893171401533,132609209769154,11
WORK,B,26123,1893171408900,132609209769154,11
WORK,B,26122,1893171474488,132609209769154,11
WORK,E,26123,1893171481587,132609209769154
WORK,B,26123,1893171483124,132609209769154,11
WORK,E,26123,1893171536325,132609209769154
WORK,B,26123,1893171538521,132609209769154,11
WORK,E,26114,1893171638754,132609209769154
WORK,B,26114,1893171641480,132609209769154,11
WORK,E,26122,1893171654421,132609209769154
WORK,B,26122,1893171660047,132609209769154,11
WORK,E,26123,1893171756715,132609209769154
WORK,B,26123,1893171763527,132609209769154,11
WORK,E,26122,1893171787633,132609209769154
WORK,E,26114,1893171788479,132609209769154
WORK,B,26122,1893171790639,132609209769154,11
WORK,B,26114,1893171790744,132609209769154,11
WORK,E,26123,1893171807237,132609209769154
WORK,B,26123,1893171809733,132609209769154,11
WORK,E,26123,1893171851640,132609209769154
WORK,B,26123,1893171853668,132609209769154,11
WORK,E,26114,1893171872006,132609209769154
WORK,B,26114,1893171873955,132609209769154,11
WORK,E,26123,1893171918704,132609209769154
WORK,B,26123,1893171922800,132609209769154,11
WORK,E,26122,1893171945587,132609209769154
WORK,B,26122,1893171949412,132609209769154,11
WORK,E,26123,1893171995846,132609209769154
WORK,B,26123,1893171997918,132609209769154,11
WORK,E,26122,1893172063204,132609209769154
WORK,B,26122,1893172069881,132609209769154,11
WORK,E,26123,1893172072667,132609209769154
WORK,B,26123,1893172077218,132609209769154,11
WORK,E,26123,1893172145640,132609209769154
WORK,B,26123,1893172148266,132609209769154,11
WORK,E,26114,1893172189541,132609209769154
WORK,B,26114,1893172191949,132609209769154,11
WORK,E,26123,1893172202059,132609209769154
WORK,B,26123,1893172204265,132609209769154,11
WORK,E,26123,1893172254840,132609209769154
WORK,B,26123,1893172257590,132609209769154,11
WORK,E,26122,1893172288386,132609209769154
WORK,B,26122,1893172298831,132609209769154,11
WORK,E,26114,1893172303262,132609209769154
WORK,B,26114,1893172305505,132609209769154,11
WORK,E,26123,1893172307176,132609209769154
WORK,B,26123,1893172312097,132609209769154,11
WORK,E,26122,1893172333053,132609209769154
WORK,B,26122,1893172344793,132609209769154,11
WORK,B,26116,1893172350779,132609209769154,11
WORK,E,26123,1893172368360,132609209769154
WORK,B,26123,1893172370332,132609209769154,11
WORK,E,26114,1893172382595,132609209769154
WORK,B,26114,1893172384458,132609209769154,11
WORK,E,26122,1893172415208,132609209769154
WORK,B,26122,1893172417300,132609209769154,11
WORK,E,26123,1893172424368,132609209769154
WORK,B,26123,1893172426383,132609209769154,11
WORK,E,26122,1893172427334,132609209769154
WORK,B,26122,1893172429267,132609209769154,11
WORK,E,26122,1893172432553,132609209769154
WORK,B,26122,1893172433583,132609209769154,11
WORK,E,26123,1893172469910,132609209769154
WORK,B,26123,1893172471775,132609209769154,11
WORK,E,26114,1893172488589,132609209769154
WORK,B,26114,1893172490768,132609209769154,11
WORK,E,26122,1893172522098,132609209769154
WORK,E,26123,1893172525977,132609209769154
WORK,B,26122,1893172526559,132609209769154,11
WORK,B,26123,1893172529099,132609209769154,11
WORK,E,26122,1893172592859,132609209769154
WORK,B,26122,1893172597920,132609209769154,11
WORK,E,26122,1893172611673,132609209769154
WORK,B,26122,1893172612765,132609209769154,11
WORK,E,26122,1893172622496,132609209769154
WORK,B,26122,1893172624617,132609209769154,11
WORK,E,26123,1893172651203,132609209769154
WORK,B,26123,1893172654656,132609209769154,11
WORK,E,26123,1893172689305,132609209769154
WORK,B,26123,1893172691382,132609209769154,11
WORK,E,26123,1893172706687,132609209769154
WORK,B,26123,1893172709201,132609209769154,11
WORK,E,26123,1893172716041,132609209769154
WORK,B,26123,1893172717858,132609209769154,11
WORK,E,26123,1893172719645,132609209769154
WORK,B,26123,1893172720656,132609209769154,11
WORK,E,26123,1893172723627,132609209769154
WORK,B,26123,1893172724653,132609209769154,11
WORK,E,26123,1893172725629,132609209769154
WORK,B,26123,1893172726639,132609209769154,11
WORK,E,26123,1893172729310,132609209769154
WORK,B,26123,1893172730281,132609209769154,11
WORK,E,26123,1893172752320,132609209769154
WORK,E,26114,1893172753552,132609209769154
WORK,B,26123,1893172754371,132609209769154,11
WORK,B,26114,1893172757853,132609209769154,11
WORK,E,26122,1893172782884,132609209769154
WORK,E,26123,1893172786131,132609209769154
WORK,B,26122,1893172786845,132609209769154,11
WORK,B,26123,1893172788296,132609209769154,11
WORK,E,26123,1893172814338,132609209769154
WORK,B,26123,1893172818782,132609209769154,11
WORK,E,26116,1893172874035,132609209769154
WORK,B,26116,1893172881386,132609209769154,11
WORK,B,26118,1893172992007,132609209769154,11
WORK,E,26123,1893173059138,132609209769154
WORK,B,26123,1893173066091,132609209769154,11
WORK,E,26116,1893173080126,132609209769154
WORK,B,26116,1893173085104,132609209769154,11
WORK,E,26114,1893173097838,132609209769154
WORK,B,26114,1893173101976,132609209769154,11
WORK,E,26122,1893173120861,132609209769154
WORK,B,26122,1893173124331,132609209769154,11
WORK,E,26123,1893173149774,132609209769154
WORK,B,26123,1893173152154,132609209769154,11
WORK,E,26114,1893173188423,132609209769154
WORK,B,26114,1893173190630,132609209769154,11
WORK,E,26123,1893173228760,132609209769154
WORK,B,26123,1893173231426,132609209769154,11
WORK,E,26116,1893173271689,132609209769154
WORK,B,26116,1893173275163,132609209769154,11
WORK,E,26123,1893173305393,132609209769154
WORK,B,26123,1893173307690,132609209769154,11
WORK,E,26122,1893173329383,132609209769154
WORK,B,26122,1893173332617,132609209769154,11
WORK,E,26123,1893173371835,132609209769154
WORK,B,26123,1893173378573,132609209769154,11
WORK,E,26114,1893173439354,132609209769154
WORK,B,26114,1893173441798,132609209769154,11
WORK,E,26122,1893173482969,132609209769154
WORK,B,26122,1893173488527,132609209769154,11
WORK,E,26114,1893173502729,132609209769154
WORK,E,26118,1893173505064,132609209769154
WORK,B,26114,1893173505605,132609209769154,11
WORK,B,26118,1893173509573,132609209769154,11
WORK,E,26123,1893173534305,132609209769154
WORK,B,26123,1893173540493,132609209769154,11
WORK,E,26122,1893173587657,132609209769154
WORK,B,26122,1893173589970,132609209769154,11
WORK,E,26118,1893173595440,132609209769154
WORK,B,26118,1893173598296,132609209769154,11
WORK,E,26116,1893173610555,132609209769154
WORK,B,26116,1893173613936,132609209769154,11
WORK,B,26115,1893173641466,132609209769154,11
WORK,E,26114,1893173659432,132609209769154
WORK,B,26114,1893173661527,132609209769154,11
WORK,E,26118,1893173663879,132609209769154
WORK,B,26118,1893173666128,132609209769154,11
WORK,E,26122,1893173670056,132609209769154
WORK,B,26122,1893173675511,132609209769154,11
WORK,E,26123,1893173732878,132609209769154
WORK,E,26118,1893173736387,132609209769154
WORK,B,26123,1893173736676,132609209769154,11
WORK,B,26118,1893173738474,132609209769154,11
WORK,E,26115,1893173746733,132609209769154
WORK,B,26115,1893173749867,132609209769154,11
WORK,E,26115,1893173752644,132609209769154
WORK,B,26115,1893173753882,132609209769154,11
WORK,E,26115,1893173755725,132609209769154
WORK,B,26115,1893173756870,132609209769154,11
WORK,E,26115,1893173760156,132609209769154
WORK,B,26115,1893173761190,132609209769154,11
WORK,E,26115,1893173796350,132609209769154
WORK,B,26115,1893173802274,132609209769154,11
WORK,E,26118,1893173809251,132609209769154
WORK,B,26118,1893173811427,132609209769154,11
WORK,E,26115,1893173826667,132609209769154
WORK,E,26122,1893173827761,132609209769154
WORK,B,26115,1893173829827,132609209769154,11
WORK,B,26122,1893173831376,132609209769154,11
WORK,E,26115,1893173833232,132609209769154
WORK,B,26115,1893173834676,132609209769154,11
WORK,B,26117,1893173900774,132609209769154,11
WORK,E,26122,1893173916017,132609209769154
WORK,B,26122,1893173918598,132609209769154,11
WORK,E,26116,1893173934815,132609209769154
WORK,B,26116,1893173938178,132609209769154,11
WORK,E,26117,1893173951504,132609209769154
WORK,B,26117,1893173953941,132609209769154,11
WORK,E,26117,1893173986720,132609209769154
WORK,E,26122,1893173987322,132609209769154
WORK,B,26117,1893173989484,132609209769154,11
WORK,B,26122,1893173990083,132609209769154,11
WORK,E,26114,1893174014364,132609209769154
WORK,B,26114,1893174018693,132609209769154,11
WORK,E,26116,1893174042605,132609209769154
WORK,B,26116,1893174045072,132609209769154,11
WORK,E,26122,1893174053939,132609209769154
WORK,E,26117,1893174054806,132609209769154
WORK,B,26122,1893174056011,132609209769154,11
WORK,B,26117,1893174057264,132609209769154,11
WORK,E,26114,1893174062000,132609209769154
WORK,B,26114,1893174063519,132609209769154,11
WORK,E,26123,1893174063919,132609209769154
WORK,B,26123,1893174067652,132609209769154,11
WORK,E,26114,1893174093062,132609209769154
WORK,B,26114,1893174095044,132609209769154,11
WORK,E,26117,1893174097158,132609209769154
WORK,B,26117,1893174099718,132609209769154,11
WORK,E,26123,1893174100370,132609209769154
WORK,B,26123,1893174103314,132609209769154,11
WORK,E,26122,1893174115848,132609209769154
WORK,B,26122,1893174118846,132609209769154,11
WORK,E,26114,1893174144993,132609209769154
WORK,B,26114,1893174147918,132609209769154,11
WORK,E,26116,1893174186599,132609209769154
WORK,B,26116,1893174189072,132609209769154,11
WORK,E,26117,1893174267811,132609209769154
WORK,B,26117,1893174270420,132609209769154,11
WORK,E,26122,1893174390779,132609209769154
WORK,B,26122,1893174393731,132609209769154,11
WORK,E,26117,1893174401865,132609209769154
WORK,B,26117,1893174404491,132609209769154,11
WORK,E,26123,1893174404441,132609209769154
WORK,B,26123,1893174408493,132609209769154,11
WORK,E,26122,1893174491538,132609209769154
WORK,E,26118,1893174497032,132609209769154
WORK,B,26118,1893174501515,132609209769154,11
WORK,E,26116,1893174506051,132609209769154
WORK,E,26117,1893174507050,132609209769154
WORK,E,26114,1893174509221,132609209769154
WORK,E,26123,1893174512624,132609209769154
WORK,E,26115,1893174514691,132609209769154
WORK,E,26118,1893174643029,132609209769154
WORK,B,26122,1893174644585,132609209684752,20
WORK,E,26122,1893174651158,132609209684752
WORK,B,26117,1893174651974,132609209684752,20
WORK,B,26122,1893174652641,132609209684752,20
WORK,B,26118,1893174654969,132609209684752,20
WORK,E,26117,1893174656993,132609209684752
WORK,E,26122,1893174657383,132609209684752
WORK,B,26117,1893174658694,132609209684752,20
WORK,B,26122,1893174658894,132609209684752,20
WORK,E,26118,1893174659919,132609209684752
WORK,B,26118,1893174661399,132609209684752,20
WORK,E,26117,1893174662698,132609209684752
WORK,E,26122,1893174663124,132609209684752
WORK,B,26122,1893174664352,132609209684752,20
WORK,E,26118,1893174665261,132609209684752
WORK,B,26117,1893174665659,132609209684752,20
WORK,B,26123,1893174665772,132609209684752,20
WORK,E,26122,1893174667706,132609209684752
WORK,B,26118,1893174669088,132609209684752,20
WORK,E,26117,1893174669324,132609209684752
WORK,E,26123,1893174671520,132609209684752
WORK,E,26118,1893174676059,132609209684752
WORK,B,26115,1893174676252,132609209648742,14
WORK,E,26115,1893174682150,132609209648742
GC,B,26117,1893660079924
WORK,B,26117,1893660117299,132609209614824,18
WORK,E,26117,1893660220355,132609209614824
WORK,B,26117,1893660224141,132609209572369,12
WORK,B,26118,1893661831806,132609209596068,11
WORK,B,26116,1893661853368,132609209596068,11
WORK,B,26115,1893661874387,132609209596068,11
WORK,B,26122,1893661875245,132609209596068,11
WORK,B,26121,1893661878537,132609209624258,18
WORK,B,26120,1893661900766,132609209634082,25
WORK,B,26114,1893661905971,132609209739855,29
roots,meta,26120,1893661912055,0,37
WORK,B,26119,1893661912658,132609209713976,17
WORK,E,26120,1893661916514,132609209634082
WORK,B,26120,1893661919064,132609209757476,18
WORK,E,26117,1893661918938,132609209572369
WORK,E,26119,1893661920095,132609209713976
WORK,B,26123,1893661922486,132609209678144,23
WORK,B,26119,1893661924033,132609209646046,22
WORK,B,26117,1893661924721,132609209596068,11
roots,meta,26121,1893661929828,0,84
WORK,E,26123,1893661931100,132609209678144
WORK,B,26123,1893661932783,132609209678144,23
WORK,E,26121,1893661934106,132609209624258
WORK,B,26121,1893661936750,132609209770587,17
roots,meta,26121,1893661938961,0,36
WORK,E,26121,1893661940480,132609209770587
roots,meta,26119,1893661941604,0,908
WORK,B,26121,1893661942522,132609209664764,19
WORK,E,26119,1893661943854,132609209646046
roots,meta,26121,1893661944573,0,14
WORK,B,26119,1893661945926,132609209678144,23
WORK,E,26121,1893661946332,132609209664764
WORK,B,26121,1893661948415,132609209765471,27
WORK,E,26121,1893661950030,132609209765471
roots,meta,26120,1893661953566,0,1024
WORK,B,26121,1893661953779,132609209583329,19
WORK,E,26119,1893661954789,132609209678144
roots,meta,26114,1893661956085,0,1024
WORK,B,26119,1893661956482,132609209678144,23
WORK,E,26121,1893661957704,132609209583329
WORK,B,26121,1893661959626,132609209597856,20
WORK,E,26121,1893661961450,132609209597856
WORK,B,26121,1893661963023,132609209616458,18
WORK,E,26121,1893661964348,132609209616458
WORK,B,26121,1893661965912,132609209678144,23
roots,meta,26114,1893661967709,0,1024
roots,meta,26120,1893661974800,0,1024
roots,meta,26120,1893661994545,0,1024
roots,meta,26120,1893662008113,0,1024
roots,meta,26120,1893662024595,0,1024
roots,meta,26120,1893662049624,0,1024
roots,meta,26114,1893662057707,0,1024
roots,meta,26120,1893662071626,0,1024
WORK,E,26119,1893662073817,132609209678144
WORK,B,26119,1893662076544,132609209678144,23
WORK,E,26119,1893662080613,132609209678144
WORK,B,26119,1893662081966,132609209678144,23
roots,meta,26120,1893662088139,0,1024
roots,meta,26120,1893662101902,0,1024
roots,meta,26120,1893662125606,0,1024
roots,meta,26114,1893662151071,0,1024
roots,meta,26120,1893662155515,0,1024
roots,meta,26120,1893662178188,0,1024
roots,meta,26120,1893662195994,0,1024
WORK,E,26121,1893662197098,132609209678144
WORK,B,26121,1893662200922,132609209665925,11
roots,meta,26120,1893662211537,0,1024
roots,meta,26114,1893662226306,0,1024
roots,meta,26120,1893662257491,0,1024
roots,meta,26114,1893662280092,0,1024
roots,meta,26120,1893662288166,0,720
WORK,E,26120,1893662294249,132609209757476
WORK,E,26117,1893662302899,132609209596068
WORK,B,26117,1893662307026,132609209665925,11
roots,meta,26114,1893662307178,0,312
WORK,B,26120,1893662308621,132609209683076,20
WORK,E,26114,1893662333386,132609209739855
WORK,B,26114,1893662338814,132609209665925,11
WORK,B,26113,1893662344590,132609209665925,11
roots,meta,26120,1893662482165,0,1024
roots,meta,26120,1893662523321,0,1024
WORK,E,26119,1893662529720,132609209678144
WORK,B,26119,1893662533231,132609209678144,23
WORK,E,26119,1893662571899,132609209678144
WORK,B,26119,1893662574160,132609209678144,23
roots,meta,26120,1893662574907,0,1024
roots,meta,26120,1893662587698,0,1024
WORK,E,26123,1893662596286,132609209678144
WORK,B,26123,1893662600356,132609209665925,11
roots,meta,26120,1893662613018,0,1024
roots,meta,26120,1893662634948,0,1024
roots,meta,26120,1893662650984,0,1024
WORK,E,26116,1893662664573,132609209596068
roots,meta,26120,1893662670357,0,1024
WORK,B,26116,1893662678962,132609209596068,11
roots,meta,26120,1893662687102,0,1024
WORK,E,26121,1893662691834,132609209665925
WORK,B,26121,1893662696056,132609209665925,11
roots,meta,26120,1893662705255,0,1024
roots,meta,26120,1893662721636,0,1024
WORK,E,26113,1893662731323,132609209665925
WORK,B,26113,1893662736113,132609209665925,11
roots,meta,26120,1893662740580,0,1024
WORK,E,26116,1893662745180,132609209596068
WORK,B,26116,1893662748029,132609209596068,11
WORK,E,26122,1893662753113,132609209596068
WORK,B,26122,1893662757464,132609209596068,11
roots,meta,26120,1893662757990,0,1024
roots,meta,26120,1893662782643,0,1024
WORK,E,26121,1893662784369,132609209665925
WORK,B,26121,1893662786363,132609209665925,11
WORK,E,26119,1893662791796,132609209678144
WORK,B,26119,1893662794268,132609209678144,23
WORK,E,26121,1893662885174,132609209665925
WORK,B,26121,1893662887184,132609209665925,11
WORK,E,26119,1893662985059,132609209678144
WORK,B,26119,1893662988124,132609209678144,23
roots,meta,26120,1893662988693,0,1024
WORK,E,26118,1893663021818,132609209596068
WORK,B,26118,1893663026369,132609209596068,11
WORK,E,26122,1893663046728,132609209596068
WORK,B,26122,1893663050702,132609209596068,11
roots,meta,26120,1893663102577,0,1024
WORK,E,26121,1893663102842,132609209665925
WORK,E,26117,1893663106638,132609209665925
roots,meta,26120,1893663108427,0,170
WORK,B,26117,1893663121688,132609209665925,11
WORK,E,26120,1893663126702,132609209683076
WORK,E,26119,1893663130745,132609209678144
WORK,B,26120,1893663132484,132609209665925,11
WORK,B,26119,1893663133331,132609209665925,11
WORK,B,26121,1893663160070,132609209665925,11
WORK,E,26115,1893663288292,132609209596068
WORK,B,26115,1893663307069,132609209596068,11
WORK,E,26114,1893663308698,132609209665925
WORK,B,26114,1893663313037,132609209665925,11
WORK,E,26119,1893663340376,132609209665925
WORK,B,26119,1893663344857,132609209665925,11
WORK,E,26115,1893663357978,132609209596068
WORK,B,26115,1893663359405,132609209596068,11
WORK,E,26115,1893663413035,132609209596068
WORK,B,26115,1893663414794,132609209596068,11
WORK,E,26116,1893663424873,132609209596068
WORK,B,26116,1893663428451,132609209596068,11
WORK,E,26119,1893663430195,132609209665925
WORK,E,26114,1893663431405,132609209665925
WORK,B,26119,1893663433158,132609209665925,11
WORK,E,26118,1893663433910,132609209596068
WORK,B,26114,1893663434340,132609209665925,11
WORK,B,26118,1893663436878,132609209596068,11
WORK,E,26115,1893663468645,132609209596068
WORK,B,26115,1893663470542,132609209596068,11
WORK,E,26116,1893663488136,132609209596068
WORK,B,26116,1893663490176,132609209596068,11
WORK,E,26115,1893663524965,132609209596068
WORK,B,26115,1893663527054,132609209596068,11
WORK,E,26115,1893663584208,132609209596068
WORK,B,26115,1893663586087,132609209596068,11
WORK,E,26118,1893663663805,132609209596068
WORK,B,26118,1893663671735,132609209596068,11
WORK,E,26117,1893663687631,132609209665925
WORK,B,26117,1893663691413,132609209665925,11
WORK,E,26123,1893663848107,132609209665925
WORK,B,26123,1893663852836,132609209665925,11
WORK,E,26117,1893663855444,132609209665925
WORK,B,26117,1893663860065,132609209665925,11
WORK,E,26119,1893663879176,132609209665925
WORK,B,26119,1893663882540,132609209665925,11
WORK,E,26118,1893663943345,132609209596068
WORK,B,26118,1893663949374,132609209596068,11
WORK,E,26122,1893664006029,132609209596068
WORK,E,26123,1893664010403,132609209665925
WORK,B,26122,1893664011207,132609209596068,11
WORK,B,26123,1893664012702,132609209665925,11
WORK,E,26118,1893664013967,132609209596068
WORK,B,26118,1893664016849,132609209596068,11
WORK,E,26118,1893664081096,132609209596068
WORK,B,26118,1893664083465,132609209596068,11
WORK,E,26123,1893664088951,132609209665925
WORK,B,26123,1893664090711,132609209665925,11
WORK,E,26115,1893664111708,132609209596068
WORK,B,26115,1893664114829,132609209596068,11
WORK,E,26118,1893664173801,132609209596068
WORK,B,26118,1893664193091,132609209596068,11
WORK,E,26120,1893664344122,132609209665925
WORK,B,26120,1893664348580,132609209665925,11
WORK,E,26123,1893664374903,132609209665925
WORK,B,26123,1893664378558,132609209665925,11
WORK,E,26123,1893664439102,132609209665925
WORK,B,26123,1893664441067,132609209665925,11
WORK,E,26123,1893664541581,132609209665925
WORK,B,26123,1893664543553,132609209665925,11
WORK,E,26114,1893664551982,132609209665925
WORK,B,26114,1893664556119,132609209665925,11
WORK,E,26115,1893664581838,132609209596068
WORK,B,26115,1893664584250,132609209596068,11
WORK,E,26123,1893664611605,132609209665925
WORK,B,26123,1893664613512,132609209665925,11
WORK,E,26123,1893664686509,132609209665925
WORK,B,26123,1893664695746,132609209665925,11
WORK,E,26114,1893664696739,132609209665925
WORK,B,26114,1893664700344,132609209665925,11
WORK,E,26117,1893664768784,132609209665925
WORK,E,26123,1893664770393,132609209665925
WORK,B,26123,1893664772211,132609209665925,11
WORK,E,26114,1893664777771,132609209665925
WORK,B,26114,1893664780070,132609209665925,11
WORK,E,26123,1893664842336,132609209665925
WORK,B,26123,1893664844240,132609209665925,11
WORK,E,26114,1893664859455,132609209665925
WORK,E,26122,1893664859641,132609209596068
WORK,B,26114,1893664862290,132609209665925,11
WORK,B,26122,1893664863540,132609209596068,11
WORK,E,26114,1893664871861,132609209665925
WORK,B,26114,1893664876169,132609209665925,11
WORK,B,26117,1893664877305,132609209665925,11
WORK,E,26120,1893664885274,132609209665925
WORK,E,26121,1893664887281,132609209665925
WORK,E,26114,1893664887917,132609209665925
WORK,B,26120,1893664888630,132609209665925,11
WORK,B,26114,1893664892678,132609209665925,11
WORK,B,26121,1893664894529,132609209665925,11
WORK,E,26114,1893664897067,132609209665925
WORK,B,26114,1893664898710,132609209665925,11
WORK,E,26119,1893664900024,132609209665925
WORK,E,26116,1893664901746,132609209596068
WORK,E,26123,1893664903223,132609209665925
WORK,B,26119,1893664903645,132609209665925,11
WORK,B,26116,1893664904591,132609209596068,11
WORK,B,26123,1893664904856,132609209665925,11
WORK,E,26114,1893664905469,132609209665925
WORK,B,26114,1893664907059,132609209665925,11
WORK,E,26123,1893664955859,132609209665925
WORK,B,26123,1893664956997,132609209665925,11
WORK,E,26120,1893664993326,132609209665925
WORK,E,26121,1893664994835,132609209665925
WORK,B,26120,1893664995558,132609209665925,11
WORK,B,26121,1893664997092,132609209665925,11
WORK,E,26113,1893665134209,132609209665925
WORK,B,26113,1893665163607,132609209665925,11
WORK,E,26120,1893665167522,132609209665925
WORK,B,26120,1893665171512,132609209665925,11
WORK,E,26122,1893665199207,132609209596068
WORK,B,26122,1893665204990,132609209596068,11
WORK,E,26121,1893665208413,132609209665925
WORK,B,26121,1893665210763,132609209665925,11
WORK,E,26113,1893665253081,132609209665925
WORK,B,26113,1893665255806,132609209665925,11
WORK,E,26120,1893665270647,132609209665925
WORK,E,26116,1893665382129,132609209596068
WORK,B,26116,1893665384766,132609209596068,11
WORK,E,26116,1893665450112,132609209596068
WORK,B,26116,1893665451976,132609209596068,11
WORK,E,26115,1893665502690,132609209596068
WORK,B,26115,1893665506432,132609209596068,11
WORK,E,26117,1893665520231,132609209665925
WORK,B,26117,1893665522674,132609209665925,11
WORK,E,26118,1893665633301,132609209596068
WORK,B,26118,1893665677121,132609209596068,11
WORK,B,26120,1893665694543,132609209665925,11
WORK,E,26123,1893665703819,132609209665925
WORK,E,26114,1893665704114,132609209665925
WORK,B,26123,1893665705912,132609209665925,11
WORK,B,26114,1893665707984,132609209665925,11
WORK,E,26123,1893665776287,132609209665925
WORK,B,26123,1893665777955,132609209665925,11
WORK,E,26121,1893665851359,132609209665925
WORK,E,26115,1893665854838,132609209596068
WORK,B,26121,1893665855251,132609209665925,11
WORK,B,26115,1893665856884,132609209596068,11
WORK,E,26122,1893665870487,132609209596068
WORK,B,26122,1893665875292,132609209624258,18
WORK,E,26115,1893665915024,132609209596068
WORK,B,26115,1893665918464,132609209596068,11
WORK,E,26118,1893665920918,132609209596068
WORK,B,26118,1893665927997,132609209596068,11
WORK,E,26121,1893665930946,132609209665925
WORK,B,26121,1893665935930,132609209665925,11
WORK,E,26116,1893665946600,132609209596068
WORK,B,26116,1893665949224,132609209596068,11
roots,meta,26122,1893665999021,0,119
WORK,E,26122,1893666003940,132609209624258
WORK,B,26122,1893666006314,132609209624258,18
WORK,E,26116,1893666010474,132609209596068
WORK,B,26116,1893666012463,132609209596068,11
roots,meta,26122,1893666013759,0,8
WORK,E,26122,1893666016102,132609209624258
WORK,B,26122,1893666017398,132609209624258,18
WORK,E,26115,1893666019383,132609209596068
WORK,B,26115,1893666021269,132609209596068,11
roots,meta,26122,1893666023069,0,16
WORK,E,26122,1893666024465,132609209624258
WORK,B,26122,1893666025610,132609209624258,18
roots,meta,26122,1893666027766,0,1
WORK,E,26122,1893666029222,132609209624258
WORK,B,26122,1893666030344,132609209624258,18
roots,meta,26122,1893666032451,0,1
WORK,E,26122,1893666035505,132609209624258
WORK,B,26122,1893666036597,132609209624258,18
roots,meta,26122,1893666039063,0,18
WORK,E,26122,1893666040448,132609209624258
WORK,B,26122,1893666041554,132609209624258,18
roots,meta,26122,1893666043618,0,5
WORK,E,26122,1893666045134,132609209624258
WORK,B,26122,1893666046197,132609209624258,18
roots,meta,26122,1893666048204,0,1
WORK,E,26122,1893666049281,132609209624258
WORK,B,26122,1893666050369,132609209624258,18
roots,meta,26122,1893666057341,0,19
WORK,E,26122,1893666058988,132609209624258
WORK,B,26122,1893666060211,132609209624258,18
roots,meta,26122,1893666064282,0,88
WORK,E,26122,1893666065400,132609209624258
WORK,B,26122,1893666066470,132609209624258,18
WORK,E,26115,1893666073792,132609209596068
WORK,B,26115,1893666074926,132609209596068,11
roots,meta,26122,1893666081573,0,181
WORK,E,26122,1893666086046,132609209624258
WORK,B,26122,1893666087599,132609209624258,18
WORK,E,26121,1893666095538,132609209665925
WORK,B,26121,1893666098999,132609209665925,11
roots,meta,26122,1893666149609,0,121
WORK,E,26122,1893666151994,132609209624258
WORK,B,26122,1893666153496,132609209624258,18
roots,meta,26122,1893666187483,0,123
WORK,E,26122,1893666189807,132609209624258
WORK,B,26122,1893666191281,132609209624258,18
WORK,E,26121,1893666211856,132609209665925
WORK,B,26121,1893666213828,132609209665925,11
roots,meta,26122,1893666227004,0,95
WORK,E,26113,1893666228630,132609209665925
WORK,E,26122,1893666229632,132609209624258
WORK,B,26122,1893666231185,132609209624258,18
WORK,B,26113,1893666232481,132609209665925,11
roots,meta,26122,1893666276491,0,83
WORK,E,26122,1893666279018,132609209624258
WORK,B,26122,1893666280551,132609209624258,18
WORK,E,26121,1893666297869,132609209665925
WORK,B,26121,1893666300220,132609209665925,11
roots,meta,26122,1893666302583,0,77
WORK,E,26122,1893666303811,132609209624258
WORK,B,26122,1893666305218,132609209624258,18
roots,meta,26122,1893666370087,0,95
WORK,E,26122,1893666372104,132609209624258
WORK,B,26122,1893666373745,132609209624258,18
roots,meta,26122,1893666400715,0,99
WORK,E,26122,1893666403193,132609209624258
WORK,B,26122,1893666404736,132609209624258,18
WORK,E,26120,1893666414432,132609209665925
roots,meta,26122,1893666414862,0,70
WORK,E,26122,1893666416710,132609209624258
WORK,B,26120,1893666418191,132609209665925,11
WORK,B,26122,1893666418255,132609209624258,18
roots,meta,26122,1893666431588,0,99
WORK,E,26122,1893666433000,132609209624258
WORK,B,26122,1893666434148,132609209624258,18
roots,meta,26122,1893666456643,0,74
WORK,E,26122,1893666464302,132609209624258
WORK,B,26122,1893666466155,132609209624258,18
WORK,E,26115,1893666474354,132609209596068
WORK,B,26115,1893666476929,132609209596068,11
roots,meta,26122,1893666477743,0,70
WORK,E,26122,1893666479939,132609209624258
WORK,B,26122,1893666481450,132609209624258,18
roots,meta,26122,1893666500649,0,103
WORK,E,26122,1893666502664,132609209624258
WORK,B,26122,1893666504166,132609209624258,18
roots,meta,26122,1893666509139,0,74
WORK,E,26122,1893666510480,132609209624258
WORK,B,26122,1893666512593,132609209665925,11
WORK,E,26115,1893666554379,132609209596068
WORK,B,26115,1893666556718,132609209596068,11
WORK,E,26115,1893666619679,132609209596068
WORK,B,26115,1893666621457,132609209596068,11
WORK,E,26121,1893666644831,132609209665925
WORK,B,26121,1893666647313,132609209665925,11
WORK,E,26118,1893666677274,132609209596068
WORK,B,26118,1893666682981,132609209596068,11
WORK,E,26117,1893666774935,132609209665925
WORK,B,26117,1893666777373,132609209665925,11
WORK,E,26118,1893666931188,132609209596068
WORK,B,26118,1893666935758,132609209596068,11
WORK,E,26118,1893667042005,132609209596068
WORK,B,26118,1893667045056,132609209596068,11
WORK,E,26121,1893667067679,132609209665925
WORK,E,26123,1893667079924,132609209665925
WORK,B,26123,1893667083250,132609209665925,11
WORK,B,26121,1893667085463,132609209665925,11
WORK,E,26116,1893667125673,132609209596068
WORK,E,26115,1893667126691,132609209596068
WORK,B,26116,1893667128010,132609209596068,11
WORK,B,26115,1893667129247,132609209596068,11
WORK,E,26114,1893667152639,132609209665925
WORK,B,26114,1893667158161,132609209665925,11
WORK,E,26123,1893667167028,132609209665925
WORK,B,26123,1893667168786,132609209665925,11
WORK,E,26120,1893667177410,132609209665925
WORK,B,26120,1893667189248,132609209665925,11
WORK,E,26118,1893667191286,132609209596068
WORK,B,26118,1893667193811,132609209596068,11
WORK,E,26115,1893667211717,132609209596068
WORK,B,26115,1893667213701,132609209596068,11
WORK,E,26116,1893667230755,132609209596068
WORK,B,26116,1893667233011,132609209596068,11
WORK,E,26123,1893667236146,132609209665925
WORK,B,26123,1893667237974,132609209665925,11
WORK,E,26123,1893667329785,132609209665925
WORK,E,26122,1893667365230,132609209665925
WORK,E,26117,1893667367041,132609209665925
WORK,B,26117,1893667369752,132609209665925,11
WORK,B,26122,1893667369984,132609209665925,11
WORK,B,26123,1893667375833,132609209665925,11
WORK,E,26123,1893667440468,132609209665925
WORK,B,26123,1893667444333,132609209665925,11
WORK,E,26118,1893667464875,132609209596068
WORK,B,26118,1893667468142,132609209596068,11
WORK,E,26123,1893667518562,132609209665925
WORK,B,26123,1893667520581,132609209665925,11
WORK,E,26123,1893667592952,132609209665925
WORK,B,26123,1893667595434,132609209665925,11
WORK,E,26123,1893667651883,132609209665925
WORK,B,26123,1893667653275,132609209665925,11
WORK,E,26121,1893667673498,132609209665925
WORK,B,26121,1893667677051,132609209665925,11
WORK,E,26117,1893667708853,132609209665925
WORK,B,26117,1893667711232,132609209665925,11
WORK,E,26123,1893667751253,132609209665925
WORK,B,26123,1893667754785,132609209665925,11
WORK,E,26123,1893667817762,132609209665925
WORK,B,26123,1893667819492,132609209665925,11
WORK,E,26120,1893667859264,132609209665925
WORK,B,26120,1893667863238,132609209665925,11
WORK,E,26119,1893667970405,132609209665925
WORK,B,26119,1893667976204,132609209665925,11
WORK,E,26117,1893668027733,132609209665925
WORK,B,26117,1893668032175,132609209665925,11
WORK,E,26116,1893668095257,132609209596068
WORK,B,26116,1893668097895,132609209596068,11
WORK,E,26114,1893668246608,132609209665925
WORK,B,26114,1893668250620,132609209665925,11
WORK,E,26120,1893668336403,132609209665925
WORK,B,26120,1893668338778,132609209665925,11
WORK,E,26123,1893668720449,132609209665925
WORK,E,26117,1893668721681,132609209665925
WORK,B,26117,1893668724330,132609209665925,11
WORK,E,26114,1893668738072,132609209665925
WORK,B,26114,1893668741683,132609209665925,11
WORK,B,26123,1893668748615,132609209665925,11
WORK,E,26123,1893668814001,132609209665925
WORK,B,26123,1893668815365,132609209665925,11
WORK,E,26120,1893668854333,132609209665925
WORK,B,26120,1893668856723,132609209665925,11
WORK,E,26113,1893668868796,132609209665925
WORK,B,26113,1893668876302,132609209665925,11
WORK,E,26123,1893668883770,132609209665925
WORK,B,26123,1893668886021,132609209665925,11
WORK,E,26119,1893668953170,132609209665925
WORK,B,26119,1893668957015,132609209665925,11
WORK,E,26123,1893668957562,132609209665925
WORK,B,26123,1893668959697,132609209665925,11
WORK,E,26118,1893668987963,132609209596068
WORK,B,26118,1893668991419,132609209596068,11
WORK,E,26123,1893669027082,132609209665925
WORK,B,26123,1893669028942,132609209665925,11
WORK,E,26117,1893669105391,132609209665925
WORK,B,26117,1893669107745,132609209665925,11
WORK,E,26116,1893669133481,132609209596068
WORK,B,26116,1893669135867,132609209596068,11
WORK,E,26114,1893669178163,132609209665925
WORK,B,26114,1893669188897,132609209665925,11
WORK,E,26120,1893669226416,132609209665925
WORK,B,26120,1893669238791,132609209665925,11
WORK,E,26117,1893669430158,132609209665925
WORK,B,26117,1893669432268,132609209665925,11
WORK,E,26114,1893669443195,132609209665925
WORK,B,26114,1893669446855,132609209665925,11
WORK,E,26116,1893669467604,132609209596068
WORK,B,26116,1893669469955,132609209596068,11
WORK,E,26122,1893669482860,132609209665925
WORK,B,26122,1893669487191,132609209665925,11
WORK,E,26123,1893669505521,132609209665925
WORK,B,26123,1893669507668,132609209665925,11
WORK,E,26115,1893669594037,132609209596068
WORK,B,26115,1893669597721,132609209596068,11
WORK,E,26116,1893669624093,132609209596068
WORK,B,26116,1893669626000,132609209596068,11
WORK,E,26113,1893669629780,132609209665925
WORK,B,26113,1893669633681,132609209665925,11
WORK,E,26120,1893669637061,132609209665925
WORK,B,26120,1893669641422,132609209665925,11
WORK,E,26114,1893669738390,132609209665925
WORK,E,26117,1893669783606,132609209665925
WORK,B,26117,1893669785596,132609209665925,11
WORK,E,26116,1893669813356,132609209596068
WORK,B,26116,1893669815610,132609209665925,11
WORK,E,26115,1893669826883,132609209596068
WORK,B,26115,1893669829070,132609209596068,11
WORK,E,26123,1893669881431,132609209665925
WORK,B,26123,1893669883472,132609209665925,11
WORK,E,26116,1893669922720,132609209665925
WORK,B,26116,1893669924558,132609209665925,11
WORK,E,26121,1893669982961,132609209665925
WORK,B,26121,1893669988191,132609209665925,11
WORK,E,26118,1893670206468,132609209596068
WORK,B,26118,1893670210700,132609209596068,11
WORK,E,26113,1893670215942,132609209665925
WORK,B,26113,1893670220405,132609209665925,11
WORK,E,26117,1893670222666,132609209665925
WORK,B,26117,1893670225077,132609209665925,11
WORK,E,26123,1893670253997,132609209665925
WORK,B,26123,1893670256101,132609209665925,11
WORK,E,26115,1893670279446,132609209596068
WORK,B,26115,1893670282518,132609209685392,13
WORK,E,26115,1893670285513,132609209685392
WORK,B,26115,1893670286738,132609209596068,11
WORK,E,26115,1893670293779,132609209596068
WORK,B,26115,1893670294975,132609209596068,11
WORK,E,26115,1893670303152,132609209596068
WORK,B,26115,1893670304173,132609209596068,11
WORK,E,26117,1893670310402,132609209665925
WORK,B,26117,1893670311592,132609209665925,11
WORK,E,26120,1893670333585,132609209665925
WORK,B,26120,1893670336542,132609209665925,11
WORK,E,26116,1893670401334,132609209665925
WORK,B,26116,1893670405321,132609209665925,11
WORK,E,26119,1893670415208,132609209665925
WORK,B,26119,1893670418970,132609209665925,11
WORK,E,26123,1893670439870,132609209665925
WORK,B,26123,1893670444386,132609209665925,11
WORK,E,26120,1893670586345,132609209665925
WORK,B,26120,1893670589108,132609209665925,11
WORK,E,26117,1893670626683,132609209665925
WORK,B,26117,1893670630483,132609209665925,11
WORK,E,26116,1893670742527,132609209665925
WORK,B,26116,1893670745615,132609209665925,11
WORK,E,26120,1893670797859,132609209665925
WORK,B,26120,1893670803621,132609209665925,11
WORK,E,26121,1893670827146,132609209665925
WORK,B,26121,1893670832341,132609209665925,11
WORK,E,26115,1893670837018,132609209596068
WORK,B,26115,1893670839213,132609209596068,11
WORK,E,26119,1893670881046,132609209665925
WORK,B,26119,1893670885215,132609209665925,11
WORK,E,26117,1893670913122,132609209665925
WORK,B,26117,1893670914995,132609209665925,11
WORK,B,26114,1893670930633,132609209665925,11
WORK,E,26121,1893671000228,132609209665925
WORK,B,26121,1893671004421,132609209665925,11
WORK,E,26118,1893671010381,132609209596068
WORK,B,26118,1893671013994,132609209596068,11
WORK,E,26117,1893671054390,132609209665925
WORK,B,26117,1893671058377,132609209665925,11
WORK,E,26115,1893671064884,132609209596068
WORK,B,26115,1893671066542,132609209596068,11
WORK,E,26113,1893671096131,132609209665925
WORK,B,26113,1893671099695,132609209665925,11
WORK,E,26116,1893671100854,132609209665925
WORK,B,26116,1893671103121,132609209665925,11
WORK,E,26123,1893671138269,132609209665925
WORK,B,26123,1893671140264,132609209665925,11
WORK,E,26117,1893671261066,132609209665925
WORK,B,26117,1893671263912,132609209665925,11
WORK,E,26116,1893671274268,132609209665925
WORK,B,26116,1893671278109,132609209665925,11
WORK,E,26115,1893671352314,132609209596068
WORK,B,26115,1893671354432,132609209596068,11
WORK,E,26116,1893671452560,132609209665925
WORK,B,26116,1893671455520,132609209665925,11
WORK,E,26122,1893671548267,132609209665925
WORK,B,26122,1893671553702,132609209665925,11
WORK,E,26115,1893671578416,132609209596068
WORK,B,26115,1893671580785,132609209596068,11
WORK,E,26115,1893671799845,132609209596068
WORK,B,26115,1893671801988,132609209596068,11
WORK,E,26122,1893671831018,132609209665925
WORK,B,26122,1893671835184,132609209665925,11
WORK,E,26113,1893671855911,132609209665925
WORK,B,26113,1893671860457,132609209665925,11
WORK,E,26122,1893671864327,132609209665925
WORK,B,26122,1893671866472,132609209665925,11
WORK,E,26122,1893671894923,132609209665925
WORK,B,26122,1893671896045,132609209665925,11
WORK,E,26117,1893671902250,132609209665925
WORK,B,26117,1893671904538,132609209665925,11
WORK,E,26122,1893671927508,132609209665925
WORK,B,26122,1893671928823,132609209665925,11
WORK,E,26122,1893671952003,132609209665925
WORK,B,26122,1893671953130,132609209665925,11
WORK,E,26116,1893672038797,132609209665925
WORK,B,26116,1893672050823,132609209665925,11
WORK,E,26121,1893672072485,132609209665925
WORK,B,26121,1893672076122,132609209665925,11
WORK,E,26115,1893672100865,132609209596068
WORK,B,26115,1893672103241,132609209596068,11
WORK,E,26122,1893672136802,132609209665925
WORK,B,26122,1893672140191,132609209665925,11
WORK,E,26123,1893672172437,132609209665925
WORK,B,26123,1893672174714,132609209665925,11
WORK,E,26117,1893672233025,132609209665925
WORK,B,26117,1893672235300,132609209665925,11
WORK,E,26113,1893672301781,132609209665925
WORK,B,26113,1893672305884,132609209665925,11
WORK,E,26118,1893672316356,132609209596068
WORK,B,26118,1893672320201,132609209596068,11
WORK,E,26120,1893672374768,132609209665925
WORK,E,26116,1893672378292,132609209665925
WORK,B,26120,1893672378468,132609209665925,11
WORK,B,26116,1893672380759,132609209665925,11
WORK,E,26122,1893672423956,132609209665925
WORK,E,26117,1893672424154,132609209665925
WORK,B,26117,1893672427012,132609209665925,11
WORK,B,26122,1893672427248,132609209665925,11
WORK,E,26123,1893672438566,132609209665925
WORK,B,26123,1893672440562,132609209665925,11
WORK,E,26122,1893672459570,132609209665925
WORK,B,26122,1893672460796,132609209665925,11
WORK,E,26122,1893672464751,132609209665925
WORK,B,26122,1893672465764,132609209665925,11
WORK,E,26122,1893672469429,132609209665925
WORK,B,26122,1893672470388,132609209665925,11
WORK,E,26118,1893672489420,132609209596068
WORK,B,26118,1893672492190,132609209596068,11
WORK,E,26116,1893672577487,132609209665925
WORK,B,26116,1893672579714,132609209665925,11
WORK,E,26122,1893672723996,132609209665925
WORK,B,26122,1893672728479,132609209665925,11
WORK,E,26118,1893672735731,132609209596068
WORK,B,26118,1893672741257,132609209596068,11
WORK,E,26113,1893672772504,132609209665925
WORK,B,26113,1893672776009,132609209665925,11
WORK,E,26117,1893672795112,132609209665925
WORK,B,26117,1893672797345,132609209665925,11
WORK,E,26118,1893672947515,132609209596068
WORK,B,26118,1893672951575,132609209596068,11
WORK,E,26121,1893672987620,132609209665925
WORK,B,26121,1893672990968,132609209665925,11
WORK,E,26115,1893672996548,132609209596068
WORK,B,26115,1893672999140,132609209596068,11
WORK,E,26114,1893673077818,132609209665925
WORK,E,26115,1893673079271,132609209596068
WORK,B,26115,1893673081203,132609209665925,11
WORK,B,26114,1893673081789,132609209665925,11
WORK,E,26118,1893673174497,132609209596068
WORK,E,26119,1893673176516,132609209665925
WORK,B,26118,1893673176989,132609209596068,11
WORK,B,26119,1893673180380,132609209665925,11
WORK,E,26116,1893673195594,132609209665925
WORK,E,26117,1893673196551,132609209665925
WORK,B,26116,1893673198240,132609209665925,11
WORK,B,26117,1893673198725,132609209665925,11
WORK,E,26118,1893673209966,132609209596068
WORK,B,26118,1893673211431,132609209596068,11
WORK,E,26118,1893673302349,132609209596068
WORK,B,26118,1893673304346,132609209596068,11
WORK,E,26122,1893673329389,132609209665925
WORK,B,26122,1893673333968,132609209665925,11
WORK,E,26115,1893673374571,132609209665925
WORK,B,26115,1893673376731,132609209665925,11
WORK,E,26113,1893673380291,132609209665925
WORK,B,26113,1893673383775,132609209665925,11
WORK,E,26117,1893673396087,132609209665925
WORK,B,26117,1893673398096,132609209665925,11
WORK,E,26118,1893673435949,132609209596068
WORK,B,26118,1893673438351,132609209596068,11
WORK,E,26116,1893673481710,132609209665925
WORK,E,26118,1893673511807,132609209596068
WORK,B,26118,1893673513948,132609209596068,11
WORK,E,26115,1893673550394,132609209665925
WORK,B,26115,1893673552155,132609209665925,11
WORK,E,26113,1893673751709,132609209665925
WORK,B,26113,1893673756595,132609209665925,11
WORK,E,26115,1893673757623,132609209665925
WORK,B,26115,1893673759861,132609209665925,11
WORK,E,26117,1893673765595,132609209665925
WORK,B,26117,1893673767229,132609209665925,11
WORK,B,26116,1893673823197,132609209665925,11
WORK,E,26117,1893673886289,132609209665925
WORK,B,26117,1893673899138,132609209665925,11
WORK,E,26122,1893673938291,132609209665925
WORK,B,26122,1893673955604,132609209665925,11
WORK,E,26117,1893674120703,132609209665925
WORK,B,26117,1893674127955,132609209665925,11
WORK,E,26117,1893674318367,132609209665925
WORK,B,26117,1893674325464,132609209665925,11
WORK,E,26121,1893674329570,132609209665925
WORK,B,26121,1893674334429,132609209665925,11
WORK,E,26116,1893674382776,132609209665925
WORK,E,26113,1893674383165,132609209665925
WORK,B,26113,1893674387508,132609209665925,11
WORK,B,26116,1893674407400,132609209665925,11
WORK,E,26115,1893674432510,132609209665925
WORK,B,26115,1893674485318,132609209665925,11
WORK,E,26117,1893674501085,132609209665925
WORK,B,26117,1893674509682,132609209665925,11
WORK,E,26116,1893674679807,132609209665925
WORK,B,26116,1893674689147,132609209665925,11
WORK,E,26113,1893674792251,132609209665925
WORK,B,26113,1893674809353,132609209665925,11
WORK,E,26115,1893674834691,132609209665925
WORK,B,26115,1893674852156,132609209665925,11
WORK,E,26116,1893675002416,132609209665925
WORK,B,26116,1893675012737,132609209665925,11
WORK,E,26122,1893675031103,132609209665925
WORK,B,26122,1893675035627,132609209665925,11
WORK,E,26121,1893675069739,132609209665925
WORK,B,26121,1893675118965,132609209665925,11
WORK,E,26117,1893675199465,132609209665925
WORK,E,26116,1893675216081,132609209665925
WORK,B,26116,1893675218054,132609209665925,11
WORK,B,26117,1893675230279,132609209665925,11
WORK,E,26123,1893675230708,132609209665925
WORK,E,26115,1893675231238,132609209665925
WORK,B,26115,1893675232952,132609209665925,11
WORK,B,26123,1893675233997,132609209665925,11
WORK,E,26118,1893675266517,132609209596068
WORK,B,26118,1893675271186,132609209596068,11
WORK,E,26113,1893675343549,132609209665925
WORK,B,26113,1893675382543,132609209665925,11
WORK,E,26116,1893675392883,132609209665925
WORK,B,26116,1893675394990,132609209665925,11
WORK,E,26117,1893675397826,132609209665925
WORK,B,26117,1893675399670,132609209665925,11
WORK,E,26118,1893675507580,132609209596068
WORK,E,26119,1893675599419,132609209665925
WORK,B,26119,1893675604282,132609209665925,11
WORK,E,26116,1893675626912,132609209665925
WORK,B,26118,1893675629116,132609209596068,11
WORK,B,26116,1893675629411,132609209665925,11
WORK,E,26118,1893675720709,132609209596068
WORK,B,26118,1893675723112,132609209596068,11
WORK,E,26122,1893675729585,132609209665925
WORK,B,26122,1893675733391,132609209665925,11
WORK,E,26113,1893675797590,132609209665925
WORK,B,26113,1893675800764,132609209665925,11
WORK,E,26115,1893675804794,132609209665925
WORK,B,26115,1893675809452,132609209665925,11
WORK,E,26121,1893675833606,132609209665925
WORK,B,26121,1893675837262,132609209665925,11
WORK,E,26118,1893676019399,132609209596068
WORK,B,26118,1893676022933,132609209596068,11
WORK,E,26113,1893676102971,132609209665925
WORK,B,26113,1893676105319,132609209665925,11
WORK,E,26121,1893676198080,132609209665925
WORK,B,26121,1893676200744,132609209665925,11
WORK,E,26115,1893676235013,132609209665925
WORK,B,26115,1893676237253,132609209665925,11
WORK,E,26113,1893676306131,132609209665925
WORK,B,26113,1893676308388,132609209665925,11
WORK,E,26122,1893676382266,132609209665925
WORK,B,26122,1893676386754,132609209665925,11
WORK,E,26123,1893676460523,132609209665925
WORK,B,26123,1893676462997,132609209665925,11
WORK,E,26119,1893676487265,132609209665925
WORK,B,26119,1893676492151,132609209665925,11
WORK,E,26113,1893676677851,132609209665925
WORK,E,26122,1893676677836,132609209665925
WORK,B,26122,1893676680850,132609209665925,11
WORK,B,26113,1893676682275,132609209665925,11
WORK,E,26120,1893676781771,132609209665925
WORK,B,26120,1893676786287,132609209665925,11
WORK,E,26115,1893676799147,132609209665925
WORK,B,26115,1893676801387,132609209665925,11
WORK,E,26119,1893676811178,132609209665925
WORK,B,26119,1893676813905,132609209665925,11
WORK,E,26121,1893676832573,132609209665925
WORK,B,26121,1893676835053,132609209665925,11
WORK,E,26115,1893676839109,132609209665925
WORK,B,26115,1893676840400,132609209665925,11
WORK,E,26116,1893676887041,132609209665925
WORK,B,26116,1893676889591,132609209665925,11
WORK,E,26120,1893677005531,132609209665925
WORK,B,26120,1893677007888,132609209665925,11
WORK,E,26117,1893677037624,132609209665925
WORK,B,26117,1893677039658,132609209665925,11
WORK,E,26123,1893677042193,132609209665925
WORK,B,26123,1893677044248,132609209665925,11
WORK,E,26118,1893677137512,132609209596068
WORK,B,26118,1893677141561,132609209596068,11
WORK,E,26120,1893677204934,132609209665925
WORK,B,26120,1893677207150,132609209665925,11
WORK,E,26115,1893677238176,132609209665925
WORK,B,26115,1893677240279,132609209665925,11
WORK,E,26121,1893677347243,132609209665925
WORK,B,26121,1893677351035,132609209665925,11
WORK,E,26115,1893677395266,132609209665925
WORK,B,26115,1893677397614,132609209665925,11
WORK,E,26120,1893677468422,132609209665925
WORK,B,26120,1893677472260,132609209665925,11
WORK,E,26117,1893677482683,132609209665925
WORK,B,26117,1893677484454,132609209665925,11
WORK,E,26119,1893677557593,132609209665925
WORK,B,26119,1893677561435,132609209665925,11
WORK,E,26123,1893677753739,132609209665925
WORK,B,26123,1893677755978,132609209665925,11
WORK,E,26119,1893677800746,132609209665925
WORK,B,26119,1893677803330,132609209665925,11
WORK,E,26116,1893677830085,132609209665925
WORK,B,26116,1893677832348,132609209665925,11
WORK,E,26115,1893677853397,132609209665925
WORK,B,26115,1893677855324,132609209665925,11
WORK,E,26118,1893677901676,132609209596068
WORK,B,26118,1893677906820,132609209596068,11
WORK,E,26113,1893677932182,132609209665925
WORK,B,26113,1893677935558,132609209665925,11
WORK,E,26121,1893677968825,132609209665925
WORK,B,26121,1893677971108,132609209665925,11
WORK,E,26116,1893678018492,132609209665925
WORK,B,26116,1893678020519,132609209665925,11
WORK,E,26118,1893678022748,132609209596068
WORK,B,26118,1893678024432,132609209665925,11
WORK,E,26113,1893678043462,132609209665925
WORK,B,26113,1893678044814,132609209665925,11
WORK,E,26123,1893678046136,132609209665925
WORK,B,26123,1893678048056,132609209665925,11
WORK,E,26113,1893678130942,132609209665925
WORK,B,26113,1893678133303,132609209665925,11
WORK,E,26113,1893678206704,132609209665925
WORK,B,26113,1893678208687,132609209665925,11
WORK,E,26123,1893678261196,132609209665925
WORK,B,26123,1893678263146,132609209665925,11
WORK,E,26113,1893678273315,132609209665925
WORK,B,26113,1893678275607,132609209665925,11
WORK,E,26117,1893678348850,132609209665925
WORK,B,26117,1893678351093,132609209665925,11
WORK,E,26115,1893678436034,132609209665925
WORK,B,26115,1893678444347,132609209665925,11
WORK,E,26117,1893678493914,132609209665925
WORK,B,26117,1893678517208,132609209665925,11
WORK,E,26118,1893678577017,132609209665925
WORK,B,26118,1893678580603,132609209665925,11
WORK,E,26121,1893678610569,132609209665925
WORK,B,26121,1893678612621,132609209665925,11
WORK,E,26114,1893678626112,132609209665925
WORK,B,26114,1893678631130,132609209665925,11
WORK,E,26123,1893678655050,132609209665925
WORK,B,26123,1893678657139,132609209665925,11
WORK,E,26114,1893678910582,132609209665925
WORK,B,26114,1893678913472,132609209665925,11
WORK,E,26117,1893678930063,132609209665925
WORK,B,26117,1893678931950,132609209665925,11
WORK,E,26118,1893678938022,132609209665925
WORK,B,26118,1893678940356,132609209665925,11
WORK,E,26123,1893678943757,132609209665925
WORK,B,26123,1893678945634,132609209665925,11
WORK,E,26116,1893678961010,132609209665925
WORK,B,26116,1893678962984,132609209665925,11
WORK,E,26120,1893679099658,132609209665925
WORK,B,26120,1893679106955,132609209665925,11
WORK,E,26121,1893679113189,132609209665925
WORK,B,26121,1893679115381,132609209665925,11
WORK,E,26117,1893679250028,132609209665925
WORK,B,26117,1893679252017,132609209665925,11
WORK,E,26123,1893679329025,132609209665925
WORK,B,26123,1893679331103,132609209665925,11
WORK,E,26113,1893679364274,132609209665925
WORK,B,26113,1893679367496,132609209665925,11
WORK,E,26115,1893679464351,132609209665925
WORK,B,26115,1893679466392,132609209665925,11
WORK,E,26117,1893679568016,132609209665925
WORK,B,26117,1893679569950,132609209665925,11
WORK,E,26113,1893679778461,132609209665925
WORK,B,26113,1893679782453,132609209665925,11
WORK,E,26117,1893679836358,132609209665925
WORK,B,26117,1893679856969,132609209665925,11
WORK,E,26123,1893679889306,132609209665925
WORK,B,26123,1893679892032,132609209665925,11
WORK,E,26116,1893679937798,132609209665925
WORK,B,26116,1893679939869,132609209665925,11
WORK,E,26113,1893680000466,132609209665925
WORK,B,26113,1893680003068,132609209665925,11
WORK,E,26121,1893680025149,132609209665925
WORK,B,26121,1893680028720,132609209665925,11
WORK,E,26123,1893680143456,132609209665925
WORK,B,26123,1893680146126,132609209665925,11
WORK,E,26115,1893680165199,132609209665925
WORK,B,26115,1893680167227,132609209665925,11
WORK,E,26118,1893680276222,132609209665925
WORK,B,26118,1893680280353,132609209665925,11
WORK,E,26121,1893680416326,132609209665925
WORK,B,26121,1893680419187,132609209665925,11
WORK,E,26123,1893680472211,132609209665925
WORK,B,26123,1893680474303,132609209665925,11
WORK,E,26113,1893680565741,132609209665925
WORK,B,26113,1893680569012,132609209665925,11
WORK,E,26119,1893680613615,132609209665925
WORK,B,26119,1893680617229,132609209665925,11
WORK,E,26115,1893680631080,132609209665925
WORK,B,26115,1893680633115,132609209665925,11
WORK,E,26114,1893680650780,132609209665925
WORK,B,26114,1893680655326,132609209665925,11
WORK,E,26121,1893680655916,132609209665925
WORK,B,26121,1893680659167,132609209665925,11
WORK,E,26123,1893680751227,132609209665925
WORK,B,26123,1893680753359,132609209665925,11
WORK,E,26117,1893680783005,132609209665925
WORK,B,26117,1893680784974,132609209665925,11
WORK,E,26115,1893680808209,132609209665925
WORK,B,26115,1893680809901,132609209665925,11
WORK,E,26120,1893681235402,132609209665925
WORK,B,26120,1893681240077,132609209665925,11
WORK,E,26123,1893681295303,132609209665925
WORK,B,26123,1893681297222,132609209665925,11
WORK,E,26121,1893681502902,132609209665925
WORK,B,26121,1893681506977,132609209665925,11
WORK,E,26119,1893681574088,132609209665925
WORK,B,26119,1893681579306,132609209665925,11
WORK,E,26123,1893681599155,132609209665925
WORK,B,26123,1893681602275,132609209665925,11
WORK,E,26115,1893681615309,132609209665925
WORK,B,26115,1893681617594,132609209665925,11
WORK,E,26117,1893681702183,132609209665925
WORK,B,26117,1893681704125,132609209665925,11
WORK,E,26118,1893681722749,132609209665925
WORK,B,26118,1893681726011,132609209665925,11
WORK,E,26114,1893681761984,132609209665925
WORK,B,26114,1893681766799,132609209665925,11
WORK,E,26117,1893681962174,132609209665925
WORK,B,26117,1893681984513,132609209665925,11
WORK,E,26121,1893682076252,132609209665925
WORK,B,26121,1893682078560,132609209665925,11
WORK,E,26122,1893682241290,132609209665925
WORK,E,26115,1893682275144,132609209665925
WORK,B,26122,1893682275421,132609209665925,11
WORK,B,26115,1893682277330,132609209665925,11
WORK,E,26117,1893682309159,132609209665925
WORK,B,26117,1893682310840,132609209665925,11
WORK,E,26120,1893682326577,132609209665925
WORK,B,26120,1893682331190,132609209665925,11
WORK,E,26118,1893682369609,132609209665925
WORK,B,26118,1893682372705,132609209665925,11
WORK,E,26123,1893682391785,132609209665925
WORK,B,26123,1893682393866,132609209665925,11
WORK,E,26121,1893682578535,132609209665925
WORK,B,26121,1893682580929,132609209665925,11
WORK,E,26116,1893682637968,132609209665925
WORK,B,26116,1893682640662,132609209665925,11
WORK,E,26119,1893682723086,132609209665925
WORK,B,26119,1893682726783,132609209665925,11
WORK,E,26123,1893682751074,132609209665925
WORK,B,26123,1893682753208,132609209665925,11
WORK,E,26118,1893682785630,132609209665925
WORK,B,26118,1893682788722,132609209665925,11
WORK,E,26121,1893682825959,132609209665925
WORK,B,26121,1893682827930,132609209665925,11
WORK,E,26117,1893682874989,132609209665925
WORK,B,26117,1893682876856,132609209665925,11
WORK,E,26120,1893682883158,132609209665925
WORK,B,26120,1893682885913,132609209665925,11
WORK,E,26113,1893683072191,132609209665925
WORK,B,26113,1893683076386,132609209665925,11
WORK,E,26121,1893683120768,132609209665925
WORK,B,26121,1893683122968,132609209665925,11
WORK,E,26115,1893683124186,132609209665925
WORK,B,26115,1893683126234,132609209665925,11
WORK,E,26116,1893683145430,132609209665925
WORK,B,26116,1893683147404,132609209665925,11
WORK,E,26123,1893683230642,132609209665925
WORK,E,26122,1893683232586,132609209665925
WORK,B,26123,1893683232888,132609209665925,11
WORK,E,26117,1893683237984,132609209665925
WORK,B,26122,1893683238625,132609209665925,11
WORK,E,26120,1893683239566,132609209665925
WORK,B,26117,1893683239983,132609209665925,11
WORK,B,26120,1893683242029,132609209665925,11
WORK,E,26118,1893683254849,132609209665925
WORK,B,26118,1893683258062,132609209665925,11
WORK,E,26116,1893683288708,132609209665925
WORK,B,26116,1893683290519,132609209665925,11
WORK,E,26118,1893683324211,132609209665925
WORK,B,26118,1893683326306,132609209665925,11
WORK,E,26113,1893683372633,132609209665925
WORK,B,26113,1893683375159,132609209665925,11
WORK,E,26121,1893683424593,132609209665925
WORK,B,26121,1893683427214,132609209665925,11
WORK,E,26117,1893683563777,132609209665925
WORK,B,26117,1893683565844,132609209665925,11
WORK,E,26122,1893683670897,132609209665925
WORK,B,26122,1893683675301,132609209665925,11
WORK,E,26114,1893683690764,132609209665925
WORK,B,26114,1893683694923,132609209665925,11
WORK,E,26123,1893683705544,132609209665925
WORK,B,26123,1893683707969,132609209665925,11
WORK,E,26115,1893683738386,132609209665925
WORK,B,26115,1893683740622,132609209665925,11
WORK,E,26116,1893683782685,132609209665925
WORK,B,26116,1893683784919,132609209665925,11
WORK,E,26117,1893683852948,132609209665925
WORK,B,26117,1893683854974,132609209665925,11
WORK,E,26113,1893683918805,132609209665925
WORK,B,26113,1893683923297,132609209665925,11
WORK,E,26121,1893683969768,132609209665925
WORK,B,26121,1893683973650,132609209665925,11
WORK,E,26120,1893683988014,132609209665925
WORK,B,26120,1893683991633,132609209665925,11
WORK,E,26123,1893684016025,132609209665925
WORK,B,26123,1893684018070,132609209665925,11
WORK,E,26115,1893684056923,132609209665925
WORK,B,26115,1893684059065,132609209665925,11
WORK,E,26122,1893684116669,132609209665925
WORK,B,26122,1893684120312,132609209665925,11
WORK,E,26117,1893684240307,132609209665925
WORK,B,26117,1893684242384,132609209665925,11
WORK,E,26122,1893684275570,132609209665925
WORK,B,26122,1893684278720,132609209665925,11
WORK,E,26123,1893684281244,132609209665925
WORK,B,26123,1893684283079,132609209665925,11
WORK,E,26121,1893684315497,132609209665925
WORK,B,26121,1893684317857,132609209665925,11
WORK,E,26113,1893684444646,132609209665925
WORK,B,26113,1893684449246,132609209665925,11
WORK,E,26117,1893684604214,132609209665925
WORK,B,26117,1893684606401,132609209665925,11
WORK,E,26123,1893684609136,132609209665925
WORK,B,26123,1893684610979,132609209665925,11
WORK,E,26115,1893684667437,132609209665925
WORK,B,26115,1893684669369,132609209665925,11
WORK,E,26122,1893684698548,132609209665925
WORK,B,26122,1893684702189,132609209665925,11
WORK,E,26119,1893684760293,132609209665925
WORK,B,26119,1893684763663,132609209665925,11
WORK,E,26121,1893684797213,132609209665925
WORK,B,26121,1893684799341,132609209665925,11
WORK,E,26117,1893684848450,132609209665925
WORK,B,26117,1893684855687,132609209665925,11
WORK,E,26116,1893684910442,132609209665925
WORK,B,26116,1893684956735,132609209665925,11
WORK,E,26123,1893684981766,132609209665925
WORK,B,26123,1893684983613,132609209665925,11
WORK,E,26115,1893684993477,132609209665925
WORK,B,26115,1893684995290,132609209665925,11
WORK,E,26113,1893685223544,132609209665925
WORK,B,26113,1893685227489,132609209665925,11
WORK,E,26117,1893685267125,132609209665925
WORK,B,26117,1893685269029,132609209665925,11
WORK,E,26121,1893685284964,132609209665925
WORK,B,26121,1893685287393,132609209665925,11
WORK,E,26122,1893685354688,132609209665925
WORK,B,26122,1893685356901,132609209665925,11
WORK,E,26123,1893685375236,132609209665925
WORK,B,26123,1893685377221,132609209665925,11
WORK,E,26116,1893685487336,132609209665925
WORK,B,26116,1893685489155,132609209665925,11
WORK,E,26119,1893685517571,132609209665925
WORK,B,26119,1893685520256,132609209665925,11
WORK,E,26115,1893685582691,132609209665925
WORK,B,26115,1893685584662,132609209665925,11
WORK,E,26122,1893685634630,132609209665925
WORK,B,26122,1893685636634,132609209665925,11
WORK,E,26123,1893685695171,132609209665925
WORK,B,26123,1893685697572,132609209665925,11
WORK,E,26121,1893685760659,132609209665925
WORK,B,26121,1893685764487,132609209665925,11
WORK,E,26117,1893685833295,132609209665925
WORK,B,26117,1893685838521,132609209665925,11
WORK,E,26123,1893685942485,132609209665925
WORK,B,26123,1893685967951,132609209665925,11
WORK,E,26113,1893686184798,132609209665925
WORK,E,26116,1893686189827,132609209665925
WORK,B,26116,1893686192035,132609209665925,11
WORK,E,26119,1893686197372,132609209665925
WORK,B,26119,1893686200423,132609209665925,11
WORK,B,26113,1893686223464,132609209665925,11
WORK,E,26115,1893686238168,132609209665925
WORK,B,26115,1893686242022,132609209665925,11
WORK,E,26117,1893686252135,132609209665925
WORK,B,26117,1893686253894,132609209665925,11
WORK,E,26123,1893686303618,132609209665925
WORK,B,26123,1893686309784,132609209665925,11
WORK,E,26122,1893686427169,132609209665925
WORK,B,26122,1893686461985,132609209665925,11
WORK,E,26121,1893686479229,132609209665925
WORK,B,26121,1893686483912,132609209665925,11
WORK,E,26116,1893686634038,132609209665925
WORK,B,26116,1893686635939,132609209665925,11
WORK,E,26113,1893686648565,132609209665925
WORK,B,26113,1893686650936,132609209665925,11
WORK,E,26117,1893686658121,132609209665925
WORK,B,26117,1893686660423,132609209665925,11
WORK,E,26123,1893686686810,132609209665925
WORK,E,26114,1893686686834,132609209665925
WORK,B,26123,1893686688649,132609209665925,11
WORK,B,26114,1893686691468,132609209665925,11
WORK,E,26121,1893686983675,132609209665925
WORK,B,26121,1893687016729,132609209665925,11
WORK,E,26123,1893687072896,132609209665925
WORK,B,26123,1893687093876,132609209665925,11
WORK,E,26122,1893687163774,132609209665925
WORK,B,26122,1893687193501,132609209665925,11
WORK,E,26119,1893687283380,132609209665925
WORK,B,26119,1893687318291,132609209665925,11
WORK,E,26122,1893687330826,132609209665925
WORK,B,26122,1893687333598,132609209665925,11
WORK,E,26115,1893687383350,132609209665925
WORK,E,26121,1893687386953,132609209665925
WORK,B,26121,1893687389210,132609209665925,11
WORK,B,26115,1893687391618,132609209665925,11
WORK,E,26116,1893687469892,132609209665925
WORK,B,26116,1893687493754,132609209665925,11
WORK,E,26120,1893687504192,132609209665925
WORK,B,26120,1893687508418,132609209665925,11
WORK,E,26119,1893687716808,132609209665925
WORK,E,26122,1893687735627,132609209665925
WORK,B,26122,1893687737962,132609209665925,11
WORK,B,26119,1893687755979,132609209665925,11
WORK,E,26115,1893687957091,132609209665925
WORK,E,26116,1893687982767,132609209665925
WORK,B,26116,1893687984814,132609209665925,11
WORK,B,26115,1893687985696,132609209665925,11
WORK,E,26121,1893688032874,132609209665925
WORK,B,26121,1893688035049,132609209665925,11
WORK,E,26113,1893688065210,132609209665925
WORK,B,26113,1893688077713,132609209665925,11
WORK,E,26117,1893688402770,132609209665925
WORK,E,26118,1893688406809,132609209665925
WORK,B,26118,1893688413003,132609209665925,11
WORK,B,26117,1893688431866,132609209665925,11
WORK,E,26120,1893688492630,132609209665925
WORK,B,26120,1893688497632,132609209665925,11
WORK,E,26123,1893688513503,132609209665925
WORK,E,26113,1893688519844,132609209665925
WORK,B,26123,1893688520789,132609209678144,23
WORK,B,26113,1893688523607,132609209665925,11
WORK,E,26114,1893688532481,132609209665925
WORK,B,26114,1893688537679,132609209665925,11
WORK,E,26116,1893688561952,132609209665925
WORK,E,26122,1893688583672,132609209665925
WORK,B,26116,1893688586785,132609209665925,11
WORK,B,26122,1893688586772,132609209665925,11
WORK,E,26121,1893688622633,132609209665925
WORK,B,26121,1893688632400,132609209665925,11
WORK,E,26120,1893688658564,132609209665925
WORK,B,26120,1893688661641,132609209665925,11
WORK,E,26119,1893688842508,132609209665925
WORK,E,26116,1893688864774,132609209665925
WORK,B,26116,1893688866841,132609209665925,11
WORK,E,26117,1893688873648,132609209665925
WORK,B,26117,1893688875718,132609209665925,11
WORK,B,26119,1893688895749,132609209665925,11
WORK,E,26115,1893688921496,132609209665925
WORK,B,26115,1893688923595,132609209665925,11
WORK,E,26121,1893689052389,132609209665925
WORK,E,26123,1893689065033,132609209678144
WORK,B,26123,1893689070030,132609209678144,23
WORK,B,26121,1893689092972,132609209665925,11
WORK,E,26113,1893689107709,132609209665925
WORK,B,26113,1893689110775,132609209665925,11
WORK,E,26123,1893689312974,132609209678144
WORK,E,26117,1893689326960,132609209665925
WORK,B,26117,1893689331333,132609209678144,23
WORK,E,26115,1893689334292,132609209665925
WORK,B,26115,1893689336217,132609209665925,11
WORK,E,26114,1893689337658,132609209665925
WORK,B,26114,1893689340803,132609209665925,11
WORK,B,26123,1893689345771,132609209678144,23
WORK,E,26116,1893689346699,132609209665925
WORK,B,26116,1893689349060,132609209665925,11
WORK,E,26117,1893689352548,132609209678144
WORK,B,26117,1893689353803,132609209678144,23
WORK,E,26117,1893689466501,132609209678144
WORK,B,26117,1893689486929,132609209678144,23
WORK,E,26117,1893689491392,132609209678144
WORK,B,26117,1893689492653,132609209678144,23
WORK,E,26122,1893689496076,132609209665925
WORK,E,26117,1893689497507,132609209678144
WORK,B,26117,1893689498709,132609209678144,23
WORK,B,26122,1893689500292,132609209665925,11
WORK,E,26117,1893689500313,132609209678144
WORK,B,26117,1893689501671,132609209678144,23
WORK,E,26117,1893689503839,132609209678144
WORK,B,26117,1893689505635,132609209678144,23
WORK,E,26117,1893689510508,132609209678144
WORK,B,26117,1893689511640,132609209678144,23
WORK,E,26117,1893689514960,132609209678144
WORK,B,26117,1893689516022,132609209678144,23
WORK,E,26117,1893689517499,132609209678144
WORK,B,26117,1893689518531,132609209678144,23
WORK,E,26117,1893689523135,132609209678144
WORK,B,26117,1893689524117,132609209678144,23
WORK,E,26117,1893689537248,132609209678144
WORK,B,26117,1893689538395,132609209678144,23
WORK,E,26117,1893689560093,132609209678144
WORK,B,26117,1893689561303,132609209678144,23
WORK,E,26117,1893689589694,132609209678144
WORK,B,26117,1893689590756,132609209678144,23
WORK,E,26115,1893689595925,132609209665925
WORK,B,26115,1893689598074,132609209665925,11
WORK,E,26123,1893689599738,132609209678144
WORK,B,26123,1893689603652,132609209678144,23
WORK,E,26121,1893689625505,132609209665925
WORK,B,26121,1893689628645,132609209665925,11
WORK,E,26117,1893689658873,132609209678144
WORK,B,26117,1893689660905,132609209678144,23
WORK,E,26117,1893689679073,132609209678144
WORK,B,26117,1893689680141,132609209678144,23
WORK,E,26119,1893689681845,132609209665925
WORK,B,26119,1893689684040,132609209665925,11
WORK,E,26113,1893689701742,132609209665925
WORK,B,26113,1893689705132,132609209665925,11
WORK,E,26120,1893689853804,132609209665925
WORK,E,26123,1893689858427,132609209678144
WORK,B,26123,1893689860575,132609209678144,23
WORK,E,26116,1893689865237,132609209665925
WORK,B,26116,1893689867086,132609209665925,11
WORK,B,26120,1893689890673,132609209665925,11
WORK,E,26115,1893689901884,132609209665925
WORK,B,26115,1893689903776,132609209665925,11
WORK,E,26122,1893689910965,132609209665925
WORK,B,26122,1893689913476,132609209665925,11
WORK,E,26121,1893689953957,132609209665925
WORK,B,26121,1893689956156,132609209665925,11
WORK,E,26116,1893690121504,132609209665925
WORK,E,26123,1893690137446,132609209678144
WORK,B,26123,1893690141475,132609209678144,23
WORK,B,26116,1893690147811,132609209665925,11
WORK,E,26118,1893690198885,132609209665925
WORK,B,26118,1893690202896,132609209665925,11
WORK,E,26113,1893690259574,132609209665925
WORK,B,26113,1893690297176,132609209678144,23
WORK,E,26119,1893690300409,132609209665925
WORK,B,26119,1893690302498,132609209665925,11
WORK,E,26123,1893690343462,132609209678144
WORK,B,26123,1893690345791,132609209678144,23
WORK,E,26120,1893690372528,132609209665925
WORK,E,26121,1893690375691,132609209665925
WORK,E,26114,1893690375437,132609209665925
WORK,B,26121,1893690379594,132609209665925,11
WORK,B,26114,1893690380255,132609209665925,11
WORK,B,26120,1893690380983,132609209665925,11
WORK,E,26113,1893690396244,132609209678144
WORK,B,26113,1893690399615,132609209678144,23
WORK,E,26115,1893690421970,132609209665925
WORK,B,26115,1893690444610,132609209665925,11
WORK,E,26122,1893690453855,132609209665925
WORK,B,26122,1893690457726,132609209678144,23
WORK,E,26116,1893690464061,132609209665925
WORK,B,26116,1893690466008,132609209665925,11
WORK,E,26117,1893690473560,132609209678144
WORK,B,26117,1893690476040,132609209678144,23
WORK,E,26117,1893690496998,132609209678144
WORK,B,26117,1893690501552,132609209678144,23
WORK,E,26123,1893690576265,132609209678144
WORK,B,26123,1893690611323,132609209678144,23
WORK,E,26120,1893690618093,132609209665925
WORK,B,26120,1893690620687,132609209665925,11
WORK,E,26119,1893690661394,132609209665925
WORK,B,26119,1893690663245,132609209665925,11
WORK,E,26123,1893690753949,132609209678144
WORK,E,26115,1893690783166,132609209665925
WORK,B,26115,1893690785443,132609209665925,11
WORK,B,26123,1893690787864,132609209678144,23
WORK,E,26121,1893690849288,132609209665925
WORK,B,26121,1893690885191,132609209665925,11
WORK,E,26120,1893690887273,132609209665925
WORK,E,26116,1893691084178,132609209665925
WORK,E,26117,1893691084791,132609209678144
WORK,E,26119,1893691085610,132609209665925
WORK,E,26123,1893691085844,132609209678144
WORK,B,26120,1893691086182,132609209665925,11
WORK,B,26119,1893691088166,132609209665925,11
WORK,B,26123,1893691089320,132609209678144,23
WORK,B,26117,1893691090028,132609209678144,23
WORK,B,26116,1893691103995,132609209665925,11
WORK,E,26114,1893691106015,132609209665925
WORK,B,26114,1893691111603,132609209665925,11
WORK,E,26115,1893691180109,132609209665925
WORK,B,26115,1893691184105,132609209665925,11
WORK,E,26116,1893691316683,132609209665925
WORK,B,26116,1893691338043,132609209665925,11
WORK,E,26118,1893691369877,132609209665925
WORK,B,26118,1893691375983,132609209665925,11
WORK,E,26123,1893691389981,132609209678144
WORK,E,26119,1893691420417,132609209665925
WORK,B,26119,1893691422287,132609209665925,11
WORK,B,26123,1893691423069,132609209678144,23
WORK,E,26115,1893691508349,132609209665925
WORK,B,26115,1893691532085,132609209665925,11
WORK,E,26121,1893691632634,132609209665925
WORK,E,26116,1893691674541,132609209665925
WORK,B,26116,1893691676404,132609209665925,11
WORK,E,26122,1893691690149,132609209678144
WORK,B,26122,1893691696957,132609209678144,23
WORK,E,26114,1893691742288,132609209665925
WORK,B,26114,1893691745351,132609209665925,11
WORK,E,26115,1893691748811,132609209665925
WORK,E,26122,1893691749968,132609209678144
WORK,B,26115,1893691750671,132609209665925,11
WORK,B,26122,1893691753346,132609209665925,11
WORK,B,26121,1893691757375,132609209665925,11
WORK,E,26123,1893691765500,132609209678144
WORK,B,26123,1893691768738,132609209678144,23
WORK,E,26118,1893691825505,132609209665925
WORK,B,26118,1893691828422,132609209665925,11
WORK,E,26120,1893691838651,132609209665925
WORK,B,26120,1893691841972,132609209665925,11
WORK,E,26116,1893691912412,132609209665925
WORK,B,26116,1893691933317,132609209665925,11
WORK,E,26113,1893691979627,132609209678144
WORK,E,26115,1893691981588,132609209665925
WORK,B,26115,1893691984426,132609209665925,11
WORK,B,26113,1893691986573,132609209678144,23
WORK,E,26119,1893692011389,132609209665925
WORK,B,26119,1893692013651,132609209665925,11
WORK,E,26113,1893692033528,132609209678144
WORK,B,26113,1893692036892,132609209678144,23
WORK,E,26113,1893692059004,132609209678144
WORK,B,26113,1893692095626,132609209665925,11
WORK,E,26123,1893692130212,132609209678144
WORK,B,26123,1893692134520,132609209678144,23
WORK,E,26116,1893692190068,132609209665925
WORK,B,26116,1893692192204,132609209665925,11
WORK,E,26118,1893692199462,132609209665925
WORK,B,26118,1893692202032,132609209665925,11
WORK,E,26118,1893692206200,132609209665925
WORK,B,26118,1893692207415,132609209665925,11
WORK,E,26123,1893692225594,132609209678144
WORK,B,26123,1893692227912,132609209678144,23
WORK,E,26116,1893692346496,132609209665925
WORK,B,26116,1893692348373,132609209665925,11
WORK,E,26122,1893692361835,132609209665925
WORK,B,26122,1893692367344,132609209665925,11
WORK,E,26115,1893692385025,132609209665925
WORK,B,26115,1893692387065,132609209665925,11
WORK,E,26113,1893692411647,132609209665925
WORK,B,26113,1893692415055,132609209665925,11
WORK,E,26123,1893692463912,132609209678144
WORK,E,26114,1893692473856,132609209665925
WORK,B,26114,1893692477239,132609209665925,11
WORK,E,26119,1893692477581,132609209665925
WORK,B,26119,1893692479640,132609209665925,11
WORK,B,26123,1893692495641,132609209678144,23
WORK,E,26123,1893692548729,132609209678144
WORK,B,26123,1893692549944,132609209678144,23
WORK,E,26116,1893692593389,132609209665925
WORK,B,26116,1893692595270,132609209665925,11
WORK,E,26118,1893692602307,132609209665925
WORK,B,26118,1893692605786,132609209665925,11
WORK,E,26123,1893692655443,132609209678144
WORK,B,26123,1893692658371,132609209678144,23
WORK,E,26123,1893692675989,132609209678144
WORK,B,26123,1893692677339,132609209678144,23
WORK,E,26115,1893692677769,132609209665925
WORK,B,26115,1893692679853,132609209665925,11
WORK,E,26123,1893692720242,132609209678144
WORK,B,26123,1893692721429,132609209678144,23
WORK,E,26121,1893692745487,132609209665925
WORK,B,26121,1893692749265,132609209665925,11
WORK,E,26113,1893692831747,132609209665925
WORK,B,26113,1893692834881,132609209665925,11
WORK,E,26115,1893692862151,132609209665925
WORK,E,26123,1893692874616,132609209678144
WORK,B,26123,1893692878178,132609209678144,23
WORK,B,26115,1893692884453,132609209665925,11
WORK,E,26116,1893692931978,132609209665925
WORK,B,26116,1893692935017,132609209665925,11
WORK,E,26123,1893692940815,132609209678144
WORK,B,26123,1893692943040,132609209678144,23
WORK,E,26118,1893692962945,132609209665925
WORK,B,26118,1893692965411,132609209665925,11
WORK,E,26120,1893692981272,132609209665925
WORK,E,26123,1893692987189,132609209678144
WORK,B,26123,1893692988519,132609209678144,23
WORK,E,26119,1893693015496,132609209665925
WORK,B,26120,1893693016371,132609209665925,11
WORK,B,26119,1893693017816,132609209665925,11
WORK,E,26123,1893693046518,132609209678144
WORK,B,26123,1893693049645,132609209678144,23
WORK,E,26123,1893693094938,132609209678144
WORK,B,26123,1893693096097,132609209678144,23
WORK,E,26123,1893693147604,132609209678144
WORK,E,26113,1893693149592,132609209665925
WORK,B,26113,1893693152201,132609209665925,11
WORK,B,26123,1893693178412,132609209678144,23
WORK,E,26115,1893693180667,132609209665925
WORK,B,26115,1893693182768,132609209665925,11
WORK,E,26121,1893693226260,132609209665925
WORK,B,26121,1893693229607,132609209665925,11
WORK,E,26123,1893693229950,132609209678144
WORK,B,26123,1893693232196,132609209678144,23
WORK,E,26117,1893693272625,132609209678144
WORK,E,26123,1893693274558,132609209678144
WORK,B,26123,1893693275833,132609209678144,23
WORK,B,26117,1893693294728,132609209665925,11
WORK,E,26118,1893693301816,132609209665925
WORK,B,26118,1893693305225,132609209665925,11
WORK,E,26123,1893693324412,132609209678144
WORK,B,26123,1893693325654,132609209678144,23
WORK,E,26116,1893693338016,132609209665925
WORK,B,26116,1893693340350,132609209665925,11
WORK,E,26122,1893693348931,132609209665925
WORK,B,26122,1893693353632,132609209665925,11
WORK,E,26123,1893693380364,132609209678144
WORK,B,26123,1893693382550,132609209678144,23
WORK,E,26123,1893693428793,132609209678144
WORK,B,26123,1893693455659,132609209678144,23
WORK,E,26123,1893693498673,132609209678144
WORK,B,26123,1893693500134,132609209678144,23
WORK,E,26115,1893693533382,132609209665925
WORK,E,26123,1893693540521,132609209678144
WORK,B,26123,1893693541864,132609209678144,23
WORK,B,26115,1893693551309,132609209665925,11
WORK,E,26121,1893693567702,132609209665925
WORK,B,26121,1893693570556,132609209665925,11
WORK,E,26123,1893693602303,132609209678144
WORK,B,26123,1893693603512,132609209678144,23
WORK,E,26123,1893693666117,132609209678144
WORK,B,26123,1893693699574,132609209665925,11
WORK,E,26117,1893693739799,132609209665925
WORK,B,26117,1893693743121,132609209665925,11
WORK,E,26116,1893693818057,132609209665925
WORK,E,26114,1893693832334,132609209665925
WORK,B,26114,1893693835944,132609209665925,11
WORK,B,26116,1893693843139,132609209665925,11
WORK,E,26121,1893693887470,132609209665925
WORK,B,26121,1893693889954,132609209665925,11
WORK,E,26119,1893693909243,132609209665925
WORK,B,26119,1893693911538,132609209665925,11
WORK,E,26117,1893693934064,132609209665925
WORK,E,26123,1893693946370,132609209665925
WORK,B,26123,1893693952688,132609209665925,11
WORK,B,26117,1893693954868,132609209665925,11
WORK,E,26115,1893693964506,132609209665925
WORK,B,26115,1893693967210,132609209665925,11
WORK,E,26118,1893694034020,132609209665925
WORK,B,26118,1893694037382,132609209665925,11
WORK,E,26113,1893694055750,132609209665925
WORK,B,26113,1893694066235,132609209665925,11
WORK,E,26121,1893694239111,132609209665925
WORK,B,26121,1893694273992,132609209665925,11
WORK,E,26120,1893694296573,132609209665925
WORK,B,26120,1893694300430,132609209665925,11
WORK,E,26119,1893694345023,132609209665925
WORK,B,26119,1893694366746,132609209665925,11
WORK,E,26118,1893694451315,132609209665925
WORK,B,26118,1893694483043,132609209665925,11
WORK,E,26115,1893694506955,132609209665925
WORK,B,26115,1893694508981,132609209665925,11
WORK,E,26122,1893694543477,132609209665925
WORK,B,26122,1893694547157,132609209665925,11
WORK,E,26119,1893694701003,132609209665925
WORK,B,26119,1893694720059,132609209665925,11
WORK,E,26114,1893694825116,132609209665925
WORK,E,26117,1893694852723,132609209665925
WORK,B,26117,1893694855732,132609209665925,11
WORK,B,26114,1893694860171,132609209665925,11
WORK,E,26116,1893694868554,132609209665925
WORK,B,26116,1893694871031,132609209665925,11
WORK,E,26120,1893694910014,132609209665925
WORK,B,26120,1893694912518,132609209665925,11
WORK,E,26119,1893694943758,132609209665925
WORK,B,26119,1893694961766,132609209665925,11
WORK,E,26113,1893694973975,132609209665925
WORK,B,26113,1893694979011,132609209665925,11
WORK,E,26123,1893694994735,132609209665925
WORK,B,26123,1893694998879,132609209665925,11
WORK,E,26121,1893695049474,132609209665925
WORK,B,26121,1893695052599,132609209665925,11
WORK,E,26115,1893695058802,132609209665925
WORK,B,26115,1893695061307,132609209665925,11
WORK,E,26122,1893695094207,132609209665925
WORK,B,26122,1893695162829,132609209665925,11
WORK,E,26118,1893695219571,132609209665925
WORK,B,26118,1893695248191,132609209665925,11
WORK,E,26120,1893695252812,132609209665925
WORK,B,26120,1893695254943,132609209665925,11
WORK,E,26117,1893695263254,132609209665925
WORK,B,26117,1893695265993,132609209665925,11
WORK,E,26114,1893695290014,132609209665925
WORK,B,26114,1893695293861,132609209665925,11
WORK,E,26121,1893695384998,132609209665925
WORK,B,26121,1893695417315,132609209665925,11
WORK,E,26120,1893695466090,132609209665925
WORK,B,26120,1893695497863,132609209665925,11
WORK,E,26118,1893695514927,132609209665925
WORK,B,26118,1893695518607,132609209665925,11
WORK,E,26119,1893695562333,132609209665925
WORK,B,26119,1893695564732,132609209665925,11
WORK,E,26116,1893695577149,132609209665925
WORK,B,26116,1893695579742,132609209665925,11
WORK,E,26115,1893695679883,132609209665925
WORK,E,26113,1893695695931,132609209665925
WORK,B,26113,1893695700806,132609209665925,11
WORK,B,26115,1893695713059,132609209665925,11
WORK,E,26120,1893695823726,132609209665925
WORK,B,26120,1893695852258,132609209665925,11
WORK,E,26122,1893695867219,132609209665925
WORK,B,26122,1893695872224,132609209665925,11
WORK,E,26123,1893695902722,132609209665925
WORK,B,26123,1893695906222,132609209665925,11
WORK,E,26116,1893695931359,132609209665925
WORK,B,26116,1893695935808,132609209665925,11
WORK,E,26117,1893695986850,132609209665925
WORK,E,26114,1893695990047,132609209665925
WORK,B,26114,1893695993996,132609209665925,11
WORK,B,26117,1893696006524,132609209665925,11
WORK,E,26120,1893696059802,132609209665925
WORK,B,26120,1893696062857,132609209665925,11
WORK,E,26115,1893696069032,132609209665925
WORK,B,26115,1893696071625,132609209665925,11
WORK,E,26117,1893696140253,132609209665925
WORK,E,26122,1893696149887,132609209665925
WORK,B,26122,1893696152294,132609209665925,11
WORK,B,26117,1893696156908,132609209665925,11
WORK,E,26119,1893696220477,132609209665925
WORK,B,26119,1893696223169,132609209665925,11
WORK,E,26121,1893696246746,132609209665925
WORK,B,26121,1893696251967,132609209665925,11
WORK,E,26115,1893696255696,132609209665925
WORK,B,26115,1893696257944,132609209665925,11
WORK,E,26120,1893696268362,132609209665925
WORK,B,26120,1893696271630,132609209665925,11
WORK,E,26117,1893696293102,132609209665925
WORK,B,26117,1893696297392,132609209665925,11
WORK,E,26118,1893696350167,132609209665925
WORK,B,26118,1893696353779,132609209665925,11
WORK,E,26116,1893696365927,132609209665925
WORK,B,26116,1893696368488,132609209665925,11
WORK,E,26114,1893696376153,132609209665925
WORK,B,26114,1893696379739,132609209665925,11
WORK,E,26123,1893696458398,132609209665925
WORK,E,26119,1893696461944,132609209665925
WORK,B,26123,1893696462249,132609209665925,11
WORK,B,26119,1893696463697,132609209665925,11
WORK,E,26113,1893696566500,132609209665925
WORK,E,26115,1893696566576,132609209665925
WORK,B,26115,1893696568666,132609209665925,11
WORK,B,26113,1893696588692,132609209665925,11
WORK,E,26122,1893696656262,132609209665925
WORK,B,26122,1893696661293,132609209665925,11
WORK,E,26121,1893696690093,132609209665925
WORK,E,26119,1893696712224,132609209665925
WORK,E,26116,1893696751521,132609209665925
WORK,E,26120,1893696799180,132609209665925
WORK,E,26123,1893696828727,132609209665925
WORK,E,26115,1893696837320,132609209665925
WORK,E,26117,1893696861842,132609209665925
WORK,E,26114,1893696924906,132609209665925
WORK,E,26113,1893697011134,132609209665925
WORK,E,26118,1893697063137,132609209665925
WORK,E,26122,1893697166643,132609209665925
BUCKET_OPEN,i,26122,1893697198175,18
BUCKET_OPEN,i,26122,1893697199094,18
WORK,B,26118,1893697398756,132609209724486,7
WORK,E,26118,1893697429344,132609209724486
BUCKET_OPEN,i,26118,1893697432449,20
BUCKET_OPEN,i,26118,1893697433153,20
plan_end_of_gc,B,26118,1893697437523
plan_end_of_gc,E,26118,1893697438829
GC,E,26118,1893697440515
WORK,B,26118,1893697639903,132609209769154,11
WORK,B,26119,1893697647840,132609209769154,11
WORK,B,26116,1893697665700,132609209769154,11
WORK,E,26116,1893697671956,132609209769154
WORK,B,26116,1893697673108,132609209769154,11
WORK,E,26116,1893697679648,132609209769154
WORK,B,26116,1893697680893,132609209769154,11
WORK,E,26116,1893697683024,132609209769154
WORK,B,26116,1893697684069,132609209769154,11
WORK,E,26116,1893697685417,132609209769154
WORK,B,26116,1893697686484,132609209769154,11
WORK,B,26120,1893697687166,132609209769154,11
WORK,E,26116,1893697690046,132609209769154
WORK,B,26116,1893697691159,132609209769154,11
WORK,E,26116,1893697696695,132609209769154
WORK,B,26116,1893697697579,132609209769154,11
WORK,E,26116,1893697701128,132609209769154
WORK,B,26116,1893697702253,132609209769154,11
WORK,E,26116,1893697746769,132609209769154
WORK,B,26116,1893697750964,132609209769154,11
WORK,E,26120,1893697768480,132609209769154
WORK,B,26120,1893697770789,132609209769154,11
WORK,E,26120,1893697779051,132609209769154
WORK,B,26120,1893697781868,132609209769154,11
WORK,E,26116,1893697815414,132609209769154
WORK,B,26116,1893697817847,132609209769154,11
WORK,E,26116,1893697850639,132609209769154
WORK,B,26116,1893697851842,132609209769154,11
WORK,E,26116,1893697870266,132609209769154
WORK,E,26120,1893697872267,132609209769154
WORK,B,26116,1893697872517,132609209769154,11
WORK,B,26120,1893697874472,132609209769154,11
WORK,E,26116,1893697900011,132609209769154
WORK,B,26116,1893697901961,132609209769154,11
WORK,E,26116,1893697917372,132609209769154
WORK,B,26116,1893697918491,132609209769154,11
WORK,E,26116,1893697935666,132609209769154
WORK,B,26116,1893697937337,132609209769154,11
WORK,E,26116,1893697955864,132609209769154
WORK,B,26116,1893697957592,132609209769154,11
WORK,E,26116,1893697973844,132609209769154
WORK,B,26116,1893697976235,132609209769154,11
WORK,E,26120,1893698074673,132609209769154
WORK,B,26120,1893698077718,132609209769154,11
WORK,E,26116,1893698200003,132609209769154
WORK,B,26116,1893698203896,132609209769154,11
WORK,E,26120,1893698312517,132609209769154
WORK,B,26120,1893698315916,132609209769154,11
WORK,E,26116,1893698358109,132609209769154
WORK,B,26116,1893698360448,132609209769154,11
WORK,E,26116,1893698514245,132609209769154
WORK,B,26116,1893698525057,132609209769154,11
WORK,E,26119,1893698531143,132609209769154
WORK,E,26120,1893698533188,132609209769154
WORK,B,26119,1893698535513,132609209769154,11
WORK,B,26120,1893698536000,132609209769154,11
WORK,E,26118,1893698543760,132609209769154
WORK,B,26118,1893698549083,132609209769154,11
WORK,E,26119,1893698591263,132609209769154
WORK,B,26119,1893698593581,132609209769154,11
WORK,E,26118,1893698616545,132609209769154
WORK,B,26118,1893698618543,132609209769154,11
WORK,E,26119,1893698649585,132609209769154
WORK,B,26119,1893698651668,132609209769154,11
WORK,E,26119,1893698702569,132609209769154
WORK,B,26119,1893698706904,132609209769154,11
WORK,E,26119,1893698759639,132609209769154
WORK,B,26119,1893698764380,132609209769154,11
WORK,E,26118,1893698796992,132609209769154
WORK,B,26118,1893698798962,132609209769154,11
WORK,E,26120,1893698801862,132609209769154
WORK,B,26120,1893698804866,132609209769154,11
WORK,E,26119,1893698821993,132609209769154
WORK,B,26119,1893698825292,132609209769154,11
WORK,E,26116,1893698858550,132609209769154
WORK,B,26116,1893698860364,132609209769154,11
WORK,E,26119,1893698875168,132609209769154
WORK,B,26119,1893698879086,132609209769154,11
WORK,E,26120,1893698906709,132609209769154
WORK,B,26120,1893698909065,132609209769154,11
WORK,E,26119,1893698928500,132609209769154
WORK,B,26119,1893698930662,132609209769154,11
WORK,E,26118,1893698935365,132609209769154
WORK,B,26118,1893698937246,132609209769154,11
WORK,E,26118,1893698984604,132609209769154
WORK,B,26118,1893698986906,132609209769154,11
WORK,E,26119,1893698986948,132609209769154
WORK,B,26119,1893698989453,132609209769154,11
WORK,E,26119,1893699041708,132609209769154
WORK,E,26116,1893699042615,132609209769154
WORK,B,26119,1893699044649,132609209769154,11
WORK,B,26116,1893699044911,132609209769154,11
WORK,E,26120,1893699061300,132609209769154
WORK,B,26120,1893699063963,132609209769154,11
WORK,E,26119,1893699091336,132609209769154
WORK,B,26119,1893699093415,132609209769154,11
WORK,E,26119,1893699141406,132609209769154
WORK,B,26119,1893699143629,132609209769154,11
WORK,E,26118,1893699165605,132609209769154
WORK,B,26118,1893699167544,132609209769154,11
WORK,E,26119,1893699213076,132609209769154
WORK,B,26119,1893699217230,132609209769154,11
WORK,E,26119,1893699259574,132609209769154
WORK,B,26119,1893699262152,132609209769154,11
WORK,E,26116,1893699262564,132609209769154
WORK,B,26116,1893699266330,132609209769154,11
WORK,E,26118,1893699289347,132609209769154
WORK,B,26118,1893699291034,132609209769154,11
WORK,E,26116,1893699299054,132609209769154
WORK,B,26116,1893699302470,132609209769154,11
WORK,E,26119,1893699315175,132609209769154
WORK,B,26119,1893699317508,132609209769154,11
WORK,E,26116,1893699349904,132609209769154
WORK,B,26116,1893699351839,132609209769154,11
WORK,E,26119,1893699353395,132609209769154
WORK,B,26119,1893699355545,132609209769154,11
WORK,E,26118,1893699394220,132609209769154
WORK,B,26118,1893699396524,132609209769154,11
WORK,E,26119,1893699410053,132609209769154
WORK,B,26119,1893699412847,132609209769154,11
WORK,E,26119,1893699434717,132609209769154
WORK,B,26119,1893699436042,132609209769154,11
WORK,E,26116,1893699460638,132609209769154
WORK,B,26116,1893699463012,132609209769154,11
WORK,E,26119,1893699514997,132609209769154
WORK,B,26119,1893699519705,132609209769154,11
WORK,E,26119,1893699579594,132609209769154
WORK,B,26119,1893699582505,132609209769154,11
WORK,E,26119,1893699637142,132609209769154
WORK,B,26119,1893699642371,132609209769154,11
WORK,E,26119,1893699655106,132609209769154
WORK,B,26119,1893699657122,132609209769154,11
WORK,E,26118,1893699658087,132609209769154
WORK,B,26118,1893699661733,132609209769154,11
WORK,E,26116,1893699710950,132609209769154
WORK,B,26116,1893699713018,132609209769154,11
WORK,E,26120,1893699714601,132609209769154
WORK,E,26119,1893699717663,132609209769154
WORK,B,26120,1893699718592,132609209769154,11
WORK,B,26119,1893699719968,132609209769154,11
WORK,E,26118,1893699759043,132609209769154
WORK,B,26118,1893699760874,132609209769154,11
WORK,E,26119,1893699769665,132609209769154
WORK,B,26119,1893699771830,132609209769154,11
WORK,E,26116,1893699772605,132609209769154
WORK,B,26116,1893699774447,132609209769154,11
WORK,E,26119,1893699814142,132609209769154
WORK,B,26119,1893699815292,132609209769154,11
WORK,E,26119,1893699825690,132609209769154
WORK,B,26119,1893699826793,132609209769154,11
WORK,E,26116,1893699833405,132609209769154
WORK,B,26116,1893699834682,132609209769154,11
WORK,E,26119,1893699836520,132609209769154
WORK,B,26119,1893699837817,132609209769154,11
WORK,E,26119,1893699840084,132609209769154
WORK,B,26119,1893699841102,132609209769154,11
WORK,E,26119,1893699847147,132609209769154
WORK,B,26119,1893699849198,132609209769154,11
WORK,E,26119,1893699851919,132609209769154
WORK,B,26119,1893699853741,132609209769154,11
WORK,E,26120,1893699883173,132609209769154
WORK,E,26118,1893699885768,132609209769154
WORK,B,26120,1893699887157,132609209769154,11
WORK,B,26118,1893699887756,132609209769154,11
WORK,E,26116,1893699900251,132609209769154
WORK,B,26116,1893699902186,132609209769154,11
WORK,E,26119,1893699921322,132609209769154
WORK,B,26119,1893699923735,132609209769154,11
WORK,E,26116,1893699961747,132609209769154
WORK,B,26116,1893699963586,132609209769154,11
WORK,E,26120,1893699988838,132609209769154
WORK,E,26119,1893699991033,132609209769154
WORK,B,26120,1893699992284,132609209769154,11
WORK,B,26119,1893699993411,132609209769154,11
WORK,E,26116,1893700022232,132609209769154
WORK,B,26116,1893700024012,132609209769154,11
WORK,E,26120,1893700055238,132609209769154
WORK,B,26120,1893700057358,132609209769154,11
WORK,E,26119,1893700063391,132609209769154
WORK,B,26119,1893700066497,132609209769154,11
WORK,E,26116,1893700083027,132609209769154
WORK,B,26116,1893700084996,132609209769154,11
WORK,E,26118,1893700112823,132609209769154
WORK,B,26118,1893700114606,132609209769154,11
WORK,E,26120,1893700117195,132609209769154
WORK,B,26120,1893700119526,132609209769154,11
WORK,E,26119,1893700143001,132609209769154
WORK,B,26119,1893700144659,132609209769154,11
WORK,E,26116,1893700144990,132609209769154
WORK,B,26116,1893700146466,132609209769154,11
WORK,E,26120,1893700179036,132609209769154
WORK,B,26120,1893700180271,132609209769154,11
WORK,E,26116,1893700198655,132609209769154
WORK,B,26116,1893700200603,132609209769154,11
WORK,E,26119,1893700207130,132609209769154
WORK,B,26119,1893700209814,132609209769154,11
WORK,E,26118,1893700239004,132609209769154
WORK,B,26118,1893700240933,132609209769154,11
WORK,E,26120,1893700250816,132609209769154
WORK,B,26120,1893700253093,132609209769154,11
WORK,E,26116,1893700256549,132609209769154
WORK,B,26116,1893700257871,132609209769154,11
WORK,E,26119,1893700259562,132609209769154
WORK,B,26119,1893700266868,132609209769154,11
WORK,E,26116,1893700304357,132609209769154
WORK,B,26116,1893700306717,132609209769154,11
WORK,E,26120,1893700327570,132609209769154
WORK,B,26120,1893700330031,132609209769154,11
WORK,E,26118,1893700383596,132609209769154
WORK,B,26118,1893700385662,132609209769154,11
WORK,E,26120,1893700385926,132609209769154
WORK,B,26120,1893700387117,132609209769154,11
WORK,E,26118,1893700388831,132609209769154
WORK,B,26118,1893700390056,132609209769154,11
WORK,E,26116,1893700405291,132609209769154
WORK,B,26116,1893700407478,132609209769154,11
WORK,E,26119,1893700410851,132609209769154
WORK,B,26119,1893700417074,132609209769154,11
WORK,E,26118,1893700466505,132609209769154
WORK,B,26118,1893700468529,132609209769154,11
WORK,E,26120,1893700481097,132609209769154
WORK,B,26120,1893700483772,132609209769154,11
WORK,E,26119,1893700513276,132609209769154
WORK,B,26119,1893700518474,132609209769154,11
WORK,E,26118,1893700546553,132609209769154
WORK,B,26118,1893700548552,132609209769154,11
WORK,E,26120,1893700557870,132609209769154
WORK,B,26120,1893700559986,132609209769154,11
WORK,E,26119,1893700614997,132609209769154
WORK,B,26119,1893700617685,132609209769154,11
WORK,E,26119,1893700620779,132609209769154
WORK,B,26119,1893700621958,132609209769154,11
WORK,E,26118,1893700623289,132609209769154
WORK,B,26118,1893700625201,132609209769154,11
WORK,E,26120,1893700627554,132609209769154
WORK,B,26120,1893700629862,132609209769154,11
WORK,E,26118,1893700684455,132609209769154
WORK,B,26118,1893700685712,132609209769154,11
WORK,E,26120,1893700685818,132609209769154
WORK,B,26120,1893700688249,132609209769154,11
WORK,E,26119,1893700696027,132609209769154
WORK,B,26119,1893700697427,132609209769154,11
WORK,E,26118,1893700769322,132609209769154
WORK,B,26118,1893700770861,132609209769154,11
WORK,E,26120,1893700784037,132609209769154
WORK,B,26120,1893700785580,132609209769154,11
WORK,E,26119,1893700798234,132609209769154
WORK,B,26119,1893700799861,132609209769154,11
WORK,E,26118,1893700856592,132609209769154
WORK,B,26118,1893700857939,132609209769154,11
WORK,E,26116,1893700866995,132609209769154
WORK,B,26116,1893700869855,132609209769154,11
WORK,E,26120,1893700871358,132609209769154
WORK,B,26120,1893700872920,132609209769154,11
WORK,E,26119,1893700895317,132609209769154
WORK,B,26119,1893700896785,132609209769154,11
WORK,E,26116,1893700910464,132609209769154
WORK,E,26120,1893700919254,132609209769154
WORK,E,26118,1893700922002,132609209769154
WORK,E,26119,1893700999642,132609209769154
WORK,B,26119,1893701004933,132609209684752,20
WORK,B,26120,1893701014961,132609209684752,20
WORK,E,26120,1893701022037,132609209684752
WORK,B,26120,1893701023412,132609209684752,20
WORK,E,26120,1893701027401,132609209684752
WORK,B,26120,1893701028697,132609209684752,20
WORK,E,26120,1893701032344,132609209684752
WORK,B,26120,1893701033610,132609209684752,20
WORK,E,26120,1893701036361,132609209684752
WORK,B,26120,1893701037521,132609209684752,20
WORK,E,26120,1893701039515,132609209684752
WORK,B,26120,1893701041546,132609209684752,20
WORK,E,26120,1893701045985,132609209684752
WORK,B,26120,1893701047431,132609209684752,20
WORK,E,26120,1893701051254,132609209684752
WORK,B,26120,1893701052443,132609209684752,20
WORK,E,26120,1893701055709,132609209684752
WORK,B,26120,1893701056923,132609209684752,20
WORK,E,26120,1893701060109,132609209684752
WORK,B,26120,1893701061278,132609209684752,20
WORK,E,26120,1893701064267,132609209684752
WORK,E,26119,1893701618113,132609209684752
WORK,B,26119,1893701715859,132609209648742,14
WORK,E,26119,1893715816661,132609209648742
GC,B,26116,1894152001345
WORK,B,26116,1894152027278,132609209614824,18
WORK,E,26116,1894152065067,132609209614824
WORK,B,26116,1894152067826,132609209572369,12
WORK,B,26118,1894152824269,132609209596068,11
WORK,B,26123,1894152830161,132609209596068,11
WORK,B,26115,1894152847044,132609209596068,11
WORK,B,26117,1894152860465,132609209624258,18
roots,meta,26117,1894152872464,0,18
WORK,B,26114,1894152877273,132609209624258,18
WORK,E,26117,1894152877758,132609209624258
WORK,B,26117,1894152879409,132609209624258,18
roots,meta,26117,1894152883321,0,181
WORK,E,26117,1894152885065,132609209624258
WORK,B,26117,1894152886164,132609209624258,18
WORK,B,26113,1894152898483,132609209616458,18
WORK,E,26113,1894152902710,132609209616458
roots,meta,26114,1894152903228,0,60
WORK,B,26113,1894152905078,132609209634082,25
WORK,E,26114,1894152906573,132609209624258
WORK,B,26114,1894152908289,132609209624258,18
WORK,B,26121,1894152908699,132609209646046,22
roots,meta,26113,1894152911092,0,37
WORK,E,26113,1894152912877,132609209634082
WORK,B,26113,1894152915088,132609209757476,18
WORK,E,26116,1894152918599,132609209572369
WORK,B,26116,1894152923886,132609209678144,23
roots,meta,26121,1894152924014,0,938
WORK,E,26121,1894152926361,132609209646046
WORK,B,26121,1894152928811,132609209713976,17
WORK,E,26121,1894152930949,132609209713976
WORK,B,26121,1894152932463,132609209678144,23
WORK,E,26121,1894152940054,132609209678144
roots,meta,26113,1894152940178,0,1024
WORK,B,26121,1894152941628,132609209678144,23
WORK,E,26121,1894152944799,132609209678144
WORK,B,26121,1894152947158,132609209678144,23
WORK,E,26116,1894152954733,132609209678144
WORK,B,26116,1894152956287,132609209678144,23
roots,meta,26113,1894152960335,0,1024
roots,meta,26114,1894152968963,0,124
WORK,E,26114,1894152972829,132609209624258
WORK,B,26114,1894152976017,132609209770587,17
roots,meta,26113,1894152977305,0,1024
roots,meta,26114,1894152978453,0,36
WORK,E,26114,1894152979780,132609209770587
WORK,B,26114,1894152982049,132609209664764,19
roots,meta,26114,1894152984182,0,14
WORK,E,26114,1894152985614,132609209664764
WORK,B,26114,1894152987452,132609209765471,27
WORK,E,26114,1894152988822,132609209765471
roots,meta,26113,1894152989219,0,1024
WORK,B,26114,1894152990712,132609209583329,19
roots,meta,26117,1894152991083,0,129
WORK,E,26114,1894152994200,132609209583329
WORK,E,26117,1894152995636,132609209624258
WORK,B,26114,1894152995986,132609209597856,20
WORK,E,26114,1894152998071,132609209597856
WORK,B,26117,1894152998718,132609209624258,18
WORK,B,26114,1894152999955,132609209678144,23
WORK,B,26120,1894153004198,132609209678144,23
roots,meta,26113,1894153005132,0,1024
WORK,E,26114,1894153005917,132609209678144
WORK,B,26114,1894153007149,132609209678144,23
roots,meta,26113,1894153022231,0,1024
roots,meta,26117,1894153031199,0,130
WORK,E,26117,1894153034645,132609209624258
WORK,B,26117,1894153036850,132609209624258,18
roots,meta,26113,1894153042907,0,1024
roots,meta,26117,1894153052659,0,72
WORK,E,26117,1894153054899,132609209624258
WORK,B,26117,1894153056590,132609209624258,18
roots,meta,26113,1894153059319,0,1024
roots,meta,26117,1894153069546,0,91
WORK,E,26117,1894153071605,132609209624258
WORK,B,26117,1894153072852,132609209624258,18
roots,meta,26113,1894153075017,0,1024
roots,meta,26113,1894153090174,0,1024
roots,meta,26117,1894153093438,0,116
WORK,E,26117,1894153099852,132609209624258
WORK,B,26117,1894153101865,132609209624258,18
roots,meta,26113,1894153108710,0,1024
WORK,E,26115,1894153109968,132609209596068
WORK,B,26115,1894153113444,132609209596068,11
WORK,E,26121,1894153120022,132609209678144
WORK,B,26121,1894153122216,132609209678144,23
roots,meta,26113,1894153123292,0,1024
roots,meta,26113,1894153137111,0,1024
roots,meta,26113,1894153151788,0,1024
roots,meta,26117,1894153152976,0,76
WORK,E,26117,1894153155070,132609209624258
WORK,B,26117,1894153156376,132609209624258,18
WORK,E,26115,1894153156892,132609209596068
WORK,B,26115,1894153158265,132609209596068,11
roots,meta,26113,1894153165215,0,1024
roots,meta,26117,1894153176638,0,81
WORK,E,26117,1894153178358,132609209624258
WORK,B,26117,1894153179661,132609209624258,18
WORK,E,26114,1894153187100,132609209678144
roots,meta,26113,1894153191848,0,1024
WORK,B,26114,1894153193921,132609209665925,11
WORK,E,26115,1894153198674,132609209596068
WORK,B,26115,1894153205040,132609209685392,13
WORK,E,26115,1894153207823,132609209685392
WORK,B,26115,1894153209084,132609209596068,11
roots,meta,26113,1894153214055,0,509
WORK,E,26113,1894153218610,132609209757476
WORK,E,26115,1894153220471,132609209596068
WORK,E,26120,1894153221282,132609209678144
WORK,B,26113,1894153222688,132609209683076,20
WORK,B,26115,1894153222676,132609209596068,11
WORK,B,26120,1894153226275,132609209678144,23
roots,meta,26113,1894153235403,0,1024
WORK,E,26115,1894153238463,132609209596068
WORK,B,26115,1894153242744,132609209596068,11
roots,meta,26113,1894153250351,0,1024
roots,meta,26117,1894153254638,0,152
WORK,E,26117,1894153257626,132609209624258
WORK,B,26117,1894153263939,132609209624258,18
WORK,E,26114,1894153269344,132609209665925
WORK,B,26114,1894153271978,132609209665925,11
roots,meta,26113,1894153272637,0,1024
roots,meta,26113,1894153284061,0,1024
roots,meta,26117,1894153284763,0,103
WORK,E,26117,1894153286904,132609209624258
WORK,B,26117,1894153288359,132609209624258,18
roots,meta,26113,1894153293891,0,1024
roots,meta,26117,1894153301732,0,102
WORK,E,26121,1894153303725,132609209678144
roots,meta,26113,1894153304565,0,1024
WORK,B,26121,1894153306821,132609209665925,11
WORK,E,26117,1894153309218,132609209624258
WORK,B,26117,1894153310597,132609209624258,18
roots,meta,26113,1894153314784,0,1024
roots,meta,26113,1894153324655,0,1024
roots,meta,26117,1894153328642,0,121
WORK,E,26117,1894153330415,132609209624258
WORK,B,26117,1894153331684,132609209624258,18
roots,meta,26113,1894153337814,0,1024
roots,meta,26117,1894153342821,0,118
WORK,E,26117,1894153347402,132609209624258
WORK,B,26117,1894153349507,132609209665925,11
roots,meta,26113,1894153350450,0,1024
roots,meta,26113,1894153359792,0,1024
WORK,E,26114,1894153364057,132609209665925
WORK,B,26114,1894153365270,132609209665925,11
WORK,B,26122,1894153372561,132609209665925,11
roots,meta,26113,1894153375124,0,1024
roots,meta,26113,1894153385416,0,1024
roots,meta,26113,1894153398375,0,1024
roots,meta,26113,1894153417526,0,1024
WORK,E,26121,1894153433729,132609209665925
WORK,B,26121,1894153435663,132609209665925,11
WORK,E,26114,1894153456762,132609209665925
WORK,B,26114,1894153459428,132609209665925,11
roots,meta,26113,1894153490709,0,1024
WORK,E,26122,1894153519048,132609209665925
WORK,B,26122,1894153522834,132609209678144,23
WORK,E,26120,1894153531081,132609209678144
roots,meta,26113,1894153531533,0,909
WORK,E,26121,1894153539474,132609209665925
WORK,E,26114,1894153540780,132609209665925
WORK,B,26121,1894153543347,132609209665925,11
WORK,B,26114,1894153546236,132609209665925,11
WORK,B,26120,1894153553228,132609209678144,23
WORK,E,26113,1894153558251,132609209683076
WORK,B,26113,1894153562095,132609209739855,29
WORK,E,26114,1894153614518,132609209665925
WORK,B,26114,1894153616986,132609209665925,11
roots,meta,26113,1894153620571,0,1024
WORK,E,26121,1894153650415,132609209665925
WORK,B,26121,1894153652186,132609209665925,11
roots,meta,26113,1894153661036,0,1024
WORK,E,26117,1894153678564,132609209665925
WORK,B,26117,1894153683783,132609209678144,23
roots,meta,26113,1894153688621,0,1024
WORK,E,26114,1894153701371,132609209665925
WORK,B,26114,1894153703584,132609209665925,11
roots,meta,26113,1894153736314,0,1024
WORK,E,26120,1894153742233,132609209678144
WORK,E,26121,1894153743368,132609209665925
WORK,B,26121,1894153747049,132609209665925,11
WORK,B,26120,1894153747463,132609209678144,23
WORK,E,26120,1894153754512,132609209678144
WORK,B,26120,1894153756214,132609209665925,11
roots,meta,26113,1894153757099,0,1024
roots,meta,26113,1894153771229,0,1024
WORK,E,26118,1894153772780,132609209596068
WORK,B,26118,1894153777488,132609209596068,11
roots,meta,26113,1894153784428,0,507
WORK,E,26113,1894153789382,132609209739855
WORK,B,26113,1894153792288,132609209665925,11
WORK,E,26121,1894153848955,132609209665925
WORK,B,26121,1894153850939,132609209665925,11
WORK,B,26119,1894153866887,132609209665925,11
WORK,E,26114,1894153911744,132609209665925
WORK,B,26114,1894153915957,132609209665925,11
WORK,E,26121,1894153932109,132609209665925
WORK,B,26121,1894153933971,132609209665925,11
WORK,E,26114,1894153990978,132609209665925
WORK,B,26114,1894153993577,132609209665925,11
WORK,E,26122,1894153997390,132609209678144
WORK,B,26122,1894154000415,132609209678144,23
WORK,E,26121,1894154025615,132609209665925
WORK,B,26121,1894154029637,132609209665925,11
WORK,E,26113,1894154035606,132609209665925
WORK,B,26113,1894154039092,132609209665925,11
WORK,E,26120,1894154076342,132609209665925
WORK,B,26120,1894154078807,132609209665925,11
WORK,E,26114,1894154095287,132609209665925
WORK,B,26114,1894154097385,132609209665925,11
WORK,E,26114,1894154101170,132609209665925
WORK,B,26114,1894154102829,132609209665925,11
WORK,E,26121,1894154108130,132609209665925
WORK,B,26121,1894154112027,132609209665925,11
WORK,E,26117,1894154123864,132609209678144
WORK,B,26117,1894154127355,132609209678144,23
WORK,E,26117,1894154168918,132609209678144
WORK,B,26117,1894154170192,132609209678144,23
WORK,E,26122,1894154181601,132609209678144
WORK,B,26122,1894154184615,132609209678144,23
WORK,E,26121,1894154200789,132609209665925
WORK,E,26113,1894154201509,132609209665925
WORK,B,26121,1894154202655,132609209665925,11
WORK,B,26113,1894154204200,132609209665925,11
WORK,E,26117,1894154230366,132609209678144
WORK,B,26117,1894154232715,132609209678144,23
WORK,E,26117,1894154276073,132609209678144
WORK,B,26117,1894154277434,132609209678144,23
WORK,E,26118,1894154279066,132609209596068
WORK,B,26118,1894154283009,132609209596068,11
WORK,E,26121,1894154289087,132609209665925
WORK,B,26121,1894154292470,132609209665925,11
WORK,E,26118,1894154317473,132609209596068
WORK,B,26118,1894154319623,132609209596068,11
WORK,E,26116,1894154348898,132609209678144
WORK,E,26122,1894154350746,132609209678144
WORK,B,26122,1894154352897,132609209678144,23
WORK,B,26116,1894154356049,132609209665925,11
WORK,E,26121,1894154411769,132609209665925
WORK,B,26121,1894154413768,132609209665925,11
WORK,E,26113,1894154435708,132609209665925
WORK,B,26113,1894154440989,132609209665925,11
WORK,E,26120,1894154475878,132609209665925
WORK,B,26120,1894154479645,132609209665925,11
WORK,E,26121,1894154505801,132609209665925
WORK,B,26121,1894154507550,132609209665925,11
WORK,E,26114,1894154510929,132609209665925
WORK,B,26114,1894154513805,132609209665925,11
WORK,E,26117,1894154522395,132609209678144
WORK,B,26117,1894154525557,132609209678144,23
WORK,E,26116,1894154553296,132609209665925
WORK,B,26116,1894154555623,132609209665925,11
WORK,E,26117,1894154578787,132609209678144
WORK,B,26117,1894154581098,132609209678144,23
WORK,E,26121,1894154581137,132609209665925
WORK,B,26121,1894154582880,132609209665925,11
WORK,E,26123,1894154645924,132609209596068
WORK,B,26123,1894154650188,132609209596068,11
WORK,E,26121,1894154677811,132609209665925
WORK,B,26121,1894154680748,132609209665925,11
WORK,E,26116,1894154706267,132609209665925
WORK,B,26116,1894154708465,132609209665925,11
WORK,E,26117,1894154772609,132609209678144
WORK,B,26117,1894154775151,132609209678144,23
WORK,E,26113,1894154892700,132609209665925
WORK,B,26113,1894154896237,132609209665925,11
WORK,E,26116,1894155004916,132609209665925
WORK,B,26116,1894155007662,132609209665925,11
WORK,E,26114,1894155069107,132609209665925
WORK,B,26114,1894155073730,132609209665925,11
WORK,E,26118,1894155119980,132609209596068
WORK,B,26118,1894155122578,132609209596068,11
WORK,E,26121,1894155202287,132609209665925
WORK,B,26121,1894155205626,132609209665925,11
WORK,E,26116,1894155312035,132609209665925
WORK,B,26116,1894155314534,132609209665925,11
WORK,E,26119,1894155337741,132609209665925
WORK,B,26119,1894155343844,132609209665925,11
WORK,E,26113,1894155451052,132609209665925
WORK,B,26113,1894155454661,132609209665925,11
WORK,E,26123,1894155532880,132609209596068
WORK,B,26123,1894155539790,132609209596068,11
WORK,E,26116,1894155539972,132609209665925
WORK,B,26116,1894155543351,132609209665925,11
WORK,E,26121,1894155562304,132609209665925
WORK,B,26121,1894155565390,132609209665925,11
WORK,E,26113,1894155696303,132609209665925
WORK,B,26113,1894155699372,132609209665925,11
WORK,E,26120,1894155736423,132609209665925
WORK,B,26120,1894155741787,132609209665925,11
WORK,E,26117,1894155746321,132609209678144
WORK,B,26117,1894155749171,132609209678144,23
WORK,E,26116,1894155762167,132609209665925
WORK,B,26116,1894155764201,132609209665925,11
WORK,E,26117,1894155795138,132609209678144
WORK,B,26117,1894155797715,132609209678144,23
WORK,E,26118,1894155805237,132609209596068
WORK,B,26118,1894155807586,132609209596068,11
WORK,E,26117,1894155834691,132609209678144
WORK,B,26117,1894155836615,132609209678144,23
WORK,E,26121,1894155891314,132609209665925
WORK,B,26121,1894155893900,132609209665925,11
WORK,E,26113,1894155939515,132609209665925
WORK,B,26113,1894155942760,132609209665925,11
WORK,E,26116,1894156054462,132609209665925
WORK,B,26116,1894156057267,132609209665925,11
WORK,E,26117,1894156091240,132609209678144
WORK,B,26117,1894156093291,132609209678144,23
WORK,E,26117,1894156129760,132609209678144
WORK,B,26117,1894156131227,132609209665925,11
WORK,E,26113,1894156162056,132609209665925
WORK,B,26113,1894156164865,132609209665925,11
WORK,E,26121,1894156170364,132609209665925
WORK,B,26121,1894156172507,132609209665925,11
WORK,E,26119,1894156235961,132609209665925
WORK,B,26119,1894156242413,132609209665925,11
WORK,E,26121,1894156422454,132609209665925
WORK,B,26121,1894156425018,132609209665925,11
WORK,E,26118,1894156428683,132609209596068
WORK,B,26118,1894156433089,132609209596068,11
WORK,E,26113,1894156501411,132609209665925
WORK,B,26113,1894156503902,132609209665925,11
WORK,E,26119,1894156582006,132609209665925
WORK,B,26119,1894156587019,132609209665925,11
WORK,E,26116,1894156595961,132609209665925
WORK,B,26116,1894156599315,132609209665925,11
WORK,E,26118,1894156690433,132609209596068
WORK,B,26118,1894156692478,132609209596068,11
WORK,E,26113,1894156719262,132609209665925
WORK,B,26113,1894156721908,132609209665925,11
WORK,E,26121,1894156743341,132609209665925
WORK,B,26121,1894156747102,132609209665925,11
WORK,E,26116,1894156816405,132609209665925
WORK,B,26116,1894156819519,132609209665925,11
WORK,E,26114,1894156826853,132609209665925
WORK,B,26114,1894156831295,132609209665925,11
WORK,E,26121,1894157029034,132609209665925
WORK,B,26121,1894157033262,132609209665925,11
WORK,E,26120,1894157059978,132609209665925
WORK,B,26120,1894157066692,132609209665925,11
WORK,E,26116,1894157124044,132609209665925
WORK,B,26116,1894157127452,132609209665925,11
WORK,E,26113,1894157188026,132609209665925
WORK,B,26113,1894157190897,132609209665925,11
WORK,E,26121,1894157359248,132609209665925
WORK,B,26121,1894157361648,132609209665925,11
WORK,E,26118,1894157479592,132609209596068
WORK,B,26118,1894157484775,132609209596068,11
WORK,E,26113,1894157496157,132609209665925
WORK,B,26113,1894157498599,132609209665925,11
WORK,E,26121,1894157501354,132609209665925
WORK,B,26121,1894157503585,132609209665925,11
WORK,E,26115,1894157536586,132609209596068
WORK,B,26115,1894157540490,132609209596068,11
WORK,E,26118,1894157732270,132609209596068
WORK,B,26118,1894157734414,132609209596068,11
WORK,E,26113,1894157739215,132609209665925
WORK,B,26113,1894157741665,132609209665925,11
WORK,E,26121,1894157824668,132609209665925
WORK,B,26121,1894157826920,132609209665925,11
WORK,E,26113,1894157979359,132609209665925
WORK,B,26113,1894157983727,132609209665925,11
WORK,E,26123,1894158000817,132609209596068
WORK,B,26123,1894158005706,132609209596068,11
WORK,E,26114,1894158010574,132609209665925
WORK,B,26114,1894158014238,132609209665925,11
WORK,E,26121,1894158044944,132609209665925
WORK,B,26121,1894158047563,132609209665925,11
WORK,E,26113,1894158147916,132609209665925
WORK,B,26113,1894158149860,132609209665925,11
WORK,E,26118,1894158227182,132609209596068
WORK,B,26118,1894158231366,132609209596068,11
WORK,E,26121,1894158245571,132609209665925
WORK,B,26121,1894158247698,132609209665925,11
WORK,E,26120,1894158350867,132609209665925
WORK,B,26120,1894158353749,132609209665925,11
WORK,E,26121,1894158471305,132609209665925
WORK,B,26121,1894158473616,132609209665925,11
WORK,E,26115,1894158496144,132609209596068
WORK,B,26115,1894158500376,132609209596068,11
WORK,E,26118,1894158701217,132609209596068
WORK,B,26118,1894158703885,132609209596068,11
WORK,E,26123,1894158719217,132609209596068
WORK,B,26123,1894158722907,132609209596068,11
WORK,E,26118,1894158763322,132609209596068
WORK,B,26118,1894158765257,132609209596068,11
WORK,E,26114,1894158797803,132609209665925
WORK,B,26114,1894158800797,132609209665925,11
WORK,E,26113,1894158843702,132609209665925
WORK,B,26113,1894158847005,132609209665925,11
WORK,E,26121,1894158856613,132609209665925
WORK,B,26121,1894158859607,132609209665925,11
WORK,E,26123,1894159033665,132609209596068
WORK,B,26123,1894159040492,132609209596068,11
WORK,E,26113,1894159067818,132609209665925
WORK,B,26113,1894159073594,132609209665925,11
WORK,E,26121,1894159113339,132609209665925
WORK,B,26121,1894159116563,132609209665925,11
WORK,E,26117,1894159176411,132609209665925
WORK,B,26117,1894159181472,132609209665925,11
WORK,E,26117,1894159222302,132609209665925
WORK,B,26117,1894159224124,132609209665925,11
WORK,E,26123,1894159250120,132609209596068
WORK,B,26123,1894159255642,132609209596068,11
WORK,E,26119,1894159375393,132609209665925
WORK,E,26113,1894159457206,132609209665925
WORK,B,26113,1894159473492,132609209665925,11
WORK,E,26114,1894159528730,132609209665925
WORK,B,26114,1894159549354,132609209665925,11
WORK,E,26121,1894159575914,132609209665925
WORK,B,26119,1894159599857,132609209665925,11
WORK,E,26122,1894159702632,132609209678144
WORK,B,26122,1894159719782,132609209678144,23
WORK,B,26121,1894159792402,132609209665925,11
WORK,E,26118,1894159875073,132609209596068
WORK,B,26118,1894159877962,132609209596068,11
WORK,E,26122,1894159941185,132609209678144
WORK,B,26122,1894159944042,132609209678144,23
WORK,E,26117,1894160130474,132609209665925
WORK,B,26117,1894160132721,132609209665925,11
WORK,E,26114,1894160188166,132609209665925
WORK,B,26114,1894160192270,132609209665925,11
WORK,E,26118,1894160292113,132609209596068
WORK,B,26118,1894160294143,132609209596068,11
WORK,E,26120,1894160389891,132609209665925
WORK,E,26119,1894160389864,132609209665925
WORK,B,26120,1894160393354,132609209665925,11
WORK,B,26119,1894160394769,132609209665925,11
WORK,E,26115,1894160528202,132609209596068
WORK,B,26115,1894160534208,132609209596068,11
WORK,E,26118,1894160574121,132609209596068
WORK,B,26118,1894160576208,132609209596068,11
WORK,E,26121,1894160601253,132609209665925
WORK,B,26121,1894160604191,132609209665925,11
WORK,E,26119,1894160672690,132609209665925
WORK,B,26119,1894160675606,132609209665925,11
WORK,E,26114,1894160731133,132609209665925
WORK,B,26114,1894160733903,132609209665925,11
WORK,E,26113,1894160905808,132609209665925
WORK,B,26113,1894160908441,132609209665925,11
WORK,E,26123,1894160916041,132609209596068
WORK,B,26123,1894160920165,132609209596068,11
WORK,E,26115,1894160925731,132609209596068
WORK,B,26115,1894160928887,132609209596068,11
WORK,E,26114,1894160975974,132609209665925
WORK,B,26114,1894160979324,132609209665925,11
WORK,E,26117,1894161006224,132609209665925
WORK,B,26117,1894161008775,132609209665925,11
WORK,E,26121,1894161070061,132609209665925
WORK,B,26121,1894161072225,132609209665925,11
WORK,E,26122,1894161120763,132609209678144
WORK,B,26122,1894161125961,132609209678144,23
WORK,E,26121,1894161206123,132609209665925
WORK,B,26121,1894161208209,132609209665925,11
WORK,E,26119,1894161244135,132609209665925
WORK,B,26119,1894161249104,132609209665925,11
WORK,E,26113,1894161261730,132609209665925
WORK,B,26113,1894161264955,132609209665925,11
WORK,E,26116,1894161302894,132609209665925
WORK,B,26116,1894161306854,132609209665925,11
WORK,E,26114,1894161322014,132609209665925
WORK,B,26114,1894161324787,132609209665925,11
WORK,E,26122,1894161350212,132609209678144
WORK,B,26122,1894161353285,132609209678144,23
WORK,E,26118,1894161412897,132609209596068
WORK,B,26118,1894161415641,132609209596068,11
WORK,E,26114,1894161594700,132609209665925
WORK,B,26114,1894161608747,132609209665925,11
WORK,E,26113,1894161609366,132609209665925
WORK,B,26113,1894161611639,132609209665925,11
WORK,E,26117,1894161629375,132609209665925
WORK,B,26117,1894161631511,132609209665925,11
WORK,E,26121,1894161760680,132609209665925
WORK,B,26121,1894161773860,132609209665925,11
WORK,E,26116,1894161795068,132609209665925
WORK,B,26116,1894161808511,132609209665925,11
WORK,E,26121,1894161987220,132609209665925
WORK,B,26121,1894161998200,132609209665925,11
WORK,E,26121,1894162161921,132609209665925
WORK,E,26116,1894162165612,132609209665925
WORK,B,26116,1894162168742,132609209665925,11
WORK,B,26121,1894162169375,132609209665925,11
WORK,E,26114,1894162183895,132609209665925
WORK,B,26114,1894162187134,132609209665925,11
WORK,E,26117,1894162209731,132609209665925
WORK,B,26117,1894162221483,132609209665925,11
WORK,E,26118,1894162372107,132609209596068
WORK,B,26118,1894162383383,132609209596068,11
WORK,E,26121,1894162507295,132609209665925
WORK,B,26121,1894162514313,132609209665925,11
WORK,E,26114,1894162525789,132609209665925
WORK,B,26114,1894162538183,132609209665925,11
WORK,E,26117,1894162626161,132609209665925
WORK,E,26120,1894162632746,132609209665925
WORK,B,26117,1894162635635,132609209665925,11
WORK,B,26120,1894162636518,132609209665925,11
WORK,E,26113,1894162751015,132609209665925
WORK,B,26113,1894162759505,132609209665925,11
WORK,E,26118,1894162878939,132609209596068
WORK,B,26118,1894162887618,132609209596068,11
WORK,E,26114,1894162992050,132609209665925
WORK,B,26114,1894163003184,132609209665925,11
WORK,E,26121,1894163014034,132609209665925
WORK,B,26121,1894163015959,132609209665925,11
WORK,E,26116,1894163151522,132609209665925
WORK,B,26116,1894163157932,132609209665925,11
WORK,E,26117,1894163199552,132609209665925
WORK,B,26117,1894163202808,132609209665925,11
WORK,E,26114,1894163228344,132609209665925
WORK,B,26114,1894163232166,132609209665925,11
WORK,E,26121,1894163247219,132609209665925
WORK,B,26121,1894163249260,132609209665925,11
WORK,E,26113,1894163250537,132609209665925
WORK,B,26113,1894163252240,132609209665925,11
WORK,E,26115,1894163275170,132609209596068
WORK,B,26115,1894163279038,132609209596068,11
WORK,E,26120,1894163306662,132609209665925
WORK,B,26120,1894163309070,132609209665925,11
WORK,E,26123,1894163484291,132609209596068
WORK,B,26123,1894163488013,132609209596068,11
WORK,E,26119,1894163495594,132609209665925
WORK,E,26114,1894163498469,132609209665925
WORK,B,26119,1894163500419,132609209665925,11
WORK,B,26114,1894163500934,132609209665925,11
WORK,E,26121,1894163557356,132609209665925
WORK,B,26121,1894163559229,132609209665925,11
WORK,E,26120,1894163594488,132609209665925
WORK,B,26120,1894163596795,132609209665925,11
WORK,E,26116,1894163600759,132609209665925
WORK,B,26116,1894163605838,132609209665925,11
WORK,E,26121,1894163682801,132609209665925
WORK,B,26121,1894163684951,132609209665925,11
WORK,E,26113,1894163726177,132609209665925
WORK,B,26113,1894163728241,132609209665925,11
WORK,E,26117,1894163745729,132609209665925
WORK,B,26117,1894163748501,132609209665925,11
WORK,E,26114,1894163816937,132609209665925
WORK,B,26114,1894163819579,132609209665925,11
WORK,E,26115,1894163836379,132609209596068
WORK,B,26115,1894163843177,132609209596068,11
WORK,E,26121,1894163882055,132609209665925
WORK,B,26121,1894163885450,132609209665925,11
WORK,E,26114,1894164081661,132609209665925
WORK,B,26114,1894164093168,132609209665925,11
WORK,E,26118,1894164097853,132609209596068
WORK,B,26118,1894164101897,132609209596068,11
WORK,E,26123,1894164115591,132609209596068
WORK,B,26123,1894164128505,132609209596068,11
WORK,E,26115,1894164264482,132609209596068
WORK,E,26120,1894164267135,132609209665925
WORK,B,26120,1894164270583,132609209665925,11
WORK,E,26123,1894164303274,132609209596068
WORK,B,26123,1894164305681,132609209596068,11
WORK,B,26115,1894164306784,132609209596068,11
WORK,E,26114,1894164337975,132609209665925
WORK,B,26114,1894164340300,132609209665925,11
WORK,E,26113,1894164353827,132609209665925
WORK,B,26113,1894164356632,132609209665925,11
WORK,E,26117,1894164378873,132609209665925
WORK,B,26117,1894164381746,132609209665925,11
WORK,E,26119,1894164536227,132609209665925
WORK,B,26119,1894164540630,132609209665925,11
WORK,E,26114,1894164544087,132609209665925
WORK,B,26114,1894164546446,132609209665925,11
WORK,E,26121,1894164620225,132609209665925
WORK,B,26121,1894164626145,132609209665925,11
WORK,E,26123,1894164626454,132609209596068
WORK,B,26123,1894164630534,132609209665925,11
WORK,E,26113,1894164715455,132609209665925
WORK,B,26113,1894164717783,132609209665925,11
WORK,E,26119,1894164838366,132609209665925
WORK,B,26119,1894164842405,132609209665925,11
WORK,E,26114,1894164861113,132609209665925
WORK,B,26114,1894164863589,132609209665925,11
WORK,E,26115,1894164869352,132609209596068
WORK,E,26113,1894164870388,132609209665925
WORK,B,26113,1894164872645,132609209665925,11
WORK,B,26115,1894164872699,132609209596068,11
WORK,E,26118,1894164995693,132609209596068
WORK,B,26118,1894164999483,132609209596068,11
WORK,E,26114,1894165049852,132609209665925
WORK,B,26114,1894165052352,132609209665925,11
WORK,E,26115,1894165146618,132609209596068
WORK,B,26115,1894165152157,132609209596068,11
WORK,E,26115,1894165287271,132609209596068
WORK,B,26115,1894165289849,132609209596068,11
WORK,E,26114,1894165335442,132609209665925
WORK,E,26120,1894165337081,132609209665925
WORK,B,26120,1894165340662,132609209665925,11
WORK,B,26114,1894165348225,132609209665925,11
WORK,E,26113,1894165348311,132609209665925
WORK,B,26113,1894165351804,132609209665925,11
WORK,E,26115,1894165488848,132609209596068
WORK,B,26115,1894165518980,132609209596068,11
WORK,E,26117,1894165531580,132609209665925
WORK,B,26117,1894165536735,132609209665925,11
WORK,E,26114,1894165560300,132609209665925
WORK,B,26114,1894165562854,132609209665925,11
WORK,E,26121,1894165595980,132609209665925
WORK,B,26121,1894165600116,132609209665925,11
WORK,E,26120,1894165679236,132609209665925
WORK,E,26115,1894165680554,132609209596068
WORK,B,26120,1894165682695,132609209665925,11
WORK,B,26115,1894165685615,132609209596068,11
WORK,E,26113,1894165756333,132609209665925
WORK,B,26113,1894165759894,132609209665925,11
WORK,E,26119,1894165823774,132609209665925
WORK,B,26119,1894165827840,132609209665925,11
WORK,E,26114,1894165865075,132609209665925
WORK,B,26114,1894165870275,132609209665925,11
WORK,E,26120,1894165878187,132609209665925
WORK,B,26120,1894165880284,132609209665925,11
WORK,E,26115,1894165899936,132609209596068
WORK,B,26115,1894165906005,132609209596068,11
WORK,E,26115,1894165945159,132609209596068
WORK,B,26115,1894165949228,132609209624258,18
WORK,E,26123,1894165951497,132609209665925
WORK,B,26123,1894165955000,132609209665925,11
roots,meta,26115,1894166015827,0,120
WORK,E,26115,1894166020366,132609209624258
WORK,B,26115,1894166022343,132609209624258,18
roots,meta,26115,1894166029981,0,8
WORK,E,26115,1894166031498,132609209624258
WORK,B,26115,1894166032623,132609209624258,18
WORK,E,26117,1894166036333,132609209665925
WORK,B,26117,1894166038866,132609209665925,11
roots,meta,26115,1894166043600,0,16
WORK,E,26115,1894166063135,132609209624258
WORK,B,26115,1894166065187,132609209624258,18
roots,meta,26115,1894166067913,0,1
WORK,E,26115,1894166090500,132609209624258
WORK,B,26115,1894166093840,132609209624258,18
roots,meta,26115,1894166097157,0,1
WORK,E,26115,1894166104872,132609209624258
WORK,B,26115,1894166106759,132609209624258,18
roots,meta,26115,1894166118313,0,201
WORK,E,26115,1894166125903,132609209624258
WORK,B,26115,1894166127805,132609209624258,18
roots,meta,26115,1894166130138,0,3
WORK,E,26115,1894166141603,132609209624258
WORK,E,26121,1894166142938,132609209665925
WORK,B,26115,1894166143573,132609209624258,18
roots,meta,26115,1894166158526,0,1
WORK,B,26121,1894166162347,132609209665925,11
WORK,E,26115,1894166168801,132609209624258
WORK,B,26115,1894166170905,132609209624258,18
roots,meta,26115,1894166181641,0,19
WORK,E,26113,1894166181356,132609209665925
WORK,B,26113,1894166196318,132609209665925,11
WORK,E,26115,1894166205542,132609209624258
WORK,B,26115,1894166208584,132609209665925,11
WORK,E,26114,1894166221283,132609209665925
WORK,B,26114,1894166223532,132609209665925,11
WORK,E,26122,1894166298804,132609209678144
WORK,B,26122,1894166303867,132609209678144,23
WORK,E,26119,1894166376468,132609209665925
WORK,B,26119,1894166379883,132609209665925,11
WORK,E,26114,1894166457801,132609209665925
WORK,B,26114,1894166460760,132609209665925,11
WORK,E,26123,1894166464684,132609209665925
WORK,B,26123,1894166470348,132609209665925,11
WORK,E,26113,1894166524115,132609209665925
WORK,B,26113,1894166527133,132609209665925,11
WORK,E,26122,1894166536803,132609209678144
WORK,B,26122,1894166541073,132609209678144,23
WORK,E,26117,1894166589078,132609209665925
WORK,B,26117,1894166591895,132609209665925,11
WORK,E,26122,1894166706988,132609209678144
WORK,B,26122,1894166709666,132609209678144,23
WORK,E,26114,1894166749595,132609209665925
WORK,B,26114,1894166752238,132609209665925,11
WORK,E,26115,1894166760892,132609209665925
WORK,B,26115,1894166767264,132609209665925,11
WORK,E,26121,1894166821570,132609209665925
WORK,B,26121,1894166824202,132609209665925,11
WORK,E,26120,1894166889375,132609209665925
WORK,B,26120,1894166892804,132609209665925,11
WORK,E,26113,1894166918288,132609209665925
WORK,B,26113,1894166921529,132609209665925,11
WORK,E,26119,1894166965604,132609209665925
WORK,B,26119,1894166969044,132609209665925,11
WORK,E,26121,1894167004439,132609209665925
WORK,B,26121,1894167009717,132609209665925,11
WORK,E,26114,1894167047766,132609209665925
WORK,B,26114,1894167052913,132609209665925,11
WORK,E,26117,1894167077847,132609209665925
WORK,B,26117,1894167080573,132609209665925,11
WORK,E,26123,1894167107425,132609209665925
WORK,B,26123,1894167110810,132609209665925,11
WORK,E,26121,1894167136895,132609209665925
WORK,B,26121,1894167139179,132609209665925,11
WORK,E,26115,1894167262634,132609209665925
WORK,B,26115,1894167266331,132609209665925,11
WORK,E,26114,1894167329006,132609209665925
WORK,B,26114,1894167333615,132609209665925,11
WORK,E,26113,1894167435520,132609209665925
WORK,B,26113,1894167441975,132609209665925,11
WORK,E,26117,1894167535404,132609209665925
WORK,B,26117,1894167538458,132609209665925,11
WORK,E,26123,1894167597844,132609209665925
WORK,B,26123,1894167603087,132609209665925,11
WORK,E,26116,1894167617440,132609209665925
WORK,B,26116,1894167620636,132609209665925,11
WORK,E,26113,1894167679231,132609209665925
WORK,B,26113,1894167681825,132609209665925,11
WORK,E,26115,1894167750717,132609209665925
WORK,B,26115,1894167758013,132609209665925,11
WORK,E,26121,1894167783322,132609209665925
WORK,B,26121,1894167789498,132609209665925,11
WORK,E,26116,1894167855407,132609209665925
WORK,B,26116,1894167857610,132609209665925,11
WORK,E,26115,1894167871934,132609209665925
WORK,B,26115,1894167874206,132609209665925,11
WORK,E,26115,1894167914125,132609209665925
WORK,B,26115,1894167917011,132609209665925,11
WORK,E,26115,1894167921824,132609209665925
WORK,B,26115,1894167922887,132609209665925,11
WORK,E,26115,1894167930425,132609209665925
WORK,B,26115,1894167932365,132609209665925,11
WORK,E,26115,1894167936227,132609209665925
WORK,B,26115,1894167937661,132609209665925,11
WORK,E,26113,1894167960385,132609209665925
WORK,B,26113,1894167964828,132609209665925,11
WORK,E,26120,1894167974955,132609209665925
WORK,B,26120,1894167978911,132609209665925,11
WORK,E,26117,1894168025711,132609209665925
WORK,B,26117,1894168027715,132609209665925,11
WORK,E,26114,1894168035433,132609209665925
WORK,B,26114,1894168040070,132609209665925,11
WORK,E,26119,1894168062232,132609209665925
WORK,E,26114,1894168078010,132609209665925
WORK,B,26114,1894168082017,132609209665925,11
WORK,B,26119,1894168092305,132609209665925,11
WORK,E,26114,1894168111358,132609209665925
WORK,B,26114,1894168113451,132609209665925,11
WORK,E,26121,1894168133817,132609209665925
WORK,E,26116,1894168134932,132609209665925
WORK,B,26121,1894168137045,132609209665925,11
WORK,B,26116,1894168137261,132609209665925,11
WORK,E,26114,1894168148318,132609209665925
WORK,B,26114,1894168150504,132609209665925,11
WORK,E,26114,1894168191748,132609209665925
WORK,B,26114,1894168193012,132609209665925,11
WORK,E,26114,1894168215698,132609209665925
WORK,B,26114,1894168216941,132609209665925,11
WORK,E,26114,1894168250016,132609209665925
WORK,B,26114,1894168253101,132609209665925,11
WORK,E,26114,1894168281311,132609209665925
WORK,B,26114,1894168283305,132609209665925,11
WORK,E,26114,1894168318477,132609209665925
WORK,B,26114,1894168320480,132609209665925,11
WORK,E,26123,1894168336051,132609209665925
WORK,B,26123,1894168339302,132609209665925,11
WORK,E,26118,1894168398175,132609209596068
WORK,B,26118,1894168404032,132609209596068,11
WORK,E,26117,1894168441501,132609209665925
WORK,B,26117,1894168443926,132609209665925,11
WORK,E,26114,1894168549578,132609209665925
WORK,B,26114,1894168552819,132609209665925,11
WORK,E,26116,1894168566191,132609209665925
WORK,B,26116,1894168568580,132609209665925,11
WORK,E,26122,1894168825135,132609209678144
WORK,B,26122,1894168830276,132609209678144,23
WORK,E,26116,1894168876352,132609209665925
WORK,B,26116,1894168889493,132609209665925,11
WORK,E,26117,1894168896124,132609209665925
WORK,B,26117,1894168900418,132609209665925,11
WORK,E,26122,1894169063852,132609209678144
WORK,E,26119,1894169094519,132609209665925
WORK,B,26119,1894169099416,132609209665925,11
WORK,B,26122,1894169107596,132609209678144,23
WORK,E,26120,1894169117082,132609209665925
WORK,B,26120,1894169124297,132609209665925,11
WORK,E,26116,1894169155123,132609209665925
WORK,B,26116,1894169157310,132609209665925,11
WORK,E,26122,1894169288937,132609209678144
WORK,B,26122,1894169299567,132609209678144,23
WORK,E,26117,1894169385259,132609209665925
WORK,B,26117,1894169395368,132609209665925,11
WORK,E,26115,1894169427174,132609209665925
WORK,E,26123,1894169434260,132609209665925
WORK,B,26123,1894169438016,132609209665925,11
WORK,B,26115,1894169439065,132609209665925,11
WORK,E,26121,1894169442965,132609209665925
WORK,B,26121,1894169446758,132609209665925,11
WORK,E,26122,1894169504791,132609209678144
WORK,E,26116,1894169520262,132609209665925
WORK,B,26116,1894169522399,132609209665925,11
WORK,B,26122,1894169537026,132609209678144,23
WORK,E,26118,1894169544967,132609209596068
WORK,B,26118,1894169549758,132609209596068,11
WORK,E,26121,1894169665087,132609209665925
WORK,B,26121,1894169667515,132609209665925,11
WORK,E,26122,1894169719043,132609209678144
WORK,B,26122,1894169721765,132609209678144,23
WORK,E,26116,1894169769260,132609209665925
WORK,B,26116,1894169771636,132609209665925,11
WORK,E,26121,1894169916274,132609209665925
WORK,B,26121,1894169919742,132609209665925,11
WORK,E,26120,1894170060174,132609209665925
WORK,B,26120,1894170064914,132609209665925,11
WORK,E,26114,1894170091754,132609209665925
WORK,B,26114,1894170095450,132609209665925,11
WORK,E,26121,1894170177160,132609209665925
WORK,B,26121,1894170180177,132609209665925,11
WORK,E,26117,1894170233386,132609209665925
WORK,B,26117,1894170237425,132609209665925,11
WORK,E,26115,1894170289287,132609209665925
WORK,B,26115,1894170291957,132609209665925,11
WORK,E,26118,1894170462989,132609209596068
WORK,B,26118,1894170468083,132609209596068,11
WORK,E,26116,1894170512431,132609209665925
WORK,B,26116,1894170514683,132609209665925,11
WORK,E,26114,1894170547558,132609209665925
WORK,E,26120,1894170549923,132609209665925
WORK,B,26114,1894170550809,132609209665925,11
WORK,B,26120,1894170553522,132609209665925,11
WORK,E,26121,1894170577935,132609209665925
WORK,B,26121,1894170580502,132609209665925,11
WORK,E,26119,1894170659971,132609209665925
WORK,B,26119,1894170664847,132609209665925,11
WORK,E,26117,1894170677974,132609209665925
WORK,B,26117,1894170679980,132609209665925,11
WORK,E,26115,1894170730593,132609209665925
WORK,B,26115,1894170734117,132609209665925,11
WORK,E,26120,1894170748845,132609209665925
WORK,B,26120,1894170751776,132609209665925,11
WORK,E,26121,1894170823030,132609209665925
WORK,B,26121,1894170825540,132609209665925,11
WORK,E,26116,1894170836937,132609209665925
WORK,B,26116,1894170838847,132609209665925,11
WORK,E,26115,1894171035257,132609209665925
WORK,B,26115,1894171038168,132609209665925,11
WORK,E,26116,1894171042646,132609209665925
WORK,B,26116,1894171045145,132609209665925,11
WORK,E,26117,1894171053524,132609209665925
WORK,B,26117,1894171055442,132609209665925,11
WORK,E,26122,1894171119918,132609209678144
WORK,B,26122,1894171126370,132609209678144,23
WORK,E,26121,1894171276643,132609209665925
WORK,B,26121,1894171279350,132609209665925,11
WORK,E,26116,1894171296645,132609209665925
WORK,B,26116,1894171298881,132609209665925,11
WORK,E,26122,1894171323514,132609209678144
WORK,B,26122,1894171326223,132609209678144,23
WORK,E,26122,1894171348738,132609209678144
WORK,B,26122,1894171349868,132609209678144,23
WORK,E,26119,1894171366508,132609209665925
WORK,B,26119,1894171370086,132609209665925,11
WORK,E,26117,1894171393025,132609209665925
WORK,B,26117,1894171395251,132609209665925,11
WORK,E,26120,1894171413760,132609209665925
WORK,B,26120,1894171417365,132609209665925,11
WORK,E,26123,1894171509113,132609209665925
WORK,B,26123,1894171513279,132609209665925,11
WORK,E,26121,1894171525707,132609209665925
WORK,B,26121,1894171529430,132609209665925,11
WORK,E,26122,1894171571513,132609209678144
WORK,B,26122,1894171574787,132609209678144,23
WORK,E,26116,1894171580578,132609209665925
WORK,B,26116,1894171582718,132609209665925,11
WORK,E,26115,1894171636549,132609209665925
WORK,B,26115,1894171640402,132609209665925,11
WORK,E,26122,1894171640637,132609209678144
WORK,B,26122,1894171642061,132609209678144,23
WORK,E,26122,1894171690432,132609209678144
WORK,B,26122,1894171692965,132609209665925,11
WORK,E,26116,1894171875356,132609209665925
WORK,E,26121,1894171875958,132609209665925
WORK,E,26114,1894171876008,132609209665925
WORK,B,26121,1894171879058,132609209665925,11
WORK,B,26116,1894171879049,132609209665925,11
WORK,B,26114,1894171879553,132609209665925,11
WORK,E,26120,1894171884330,132609209665925
WORK,B,26120,1894171887676,132609209665925,11
WORK,E,26115,1894171888958,132609209665925
WORK,B,26115,1894171891397,132609209665925,11
WORK,E,26119,1894171924122,132609209665925
WORK,B,26119,1894171927085,132609209665925,11
WORK,E,26117,1894171960849,132609209665925
WORK,E,26121,1894171963841,132609209665925
WORK,B,26121,1894171965923,132609209665925,11
WORK,B,26117,1894171970629,132609209665925,11
WORK,E,26115,1894172060859,132609209665925
WORK,B,26115,1894172076071,132609209665925,11
WORK,E,26122,1894172244420,132609209665925
WORK,B,26122,1894172255479,132609209665925,11
WORK,E,26118,1894172258262,132609209596068
WORK,B,26118,1894172263080,132609209596068,11
WORK,E,26113,1894172268549,132609209665925
WORK,B,26113,1894172273242,132609209665925,11
WORK,E,26119,1894172317338,132609209665925
WORK,B,26119,1894172321135,132609209665925,11
WORK,E,26118,1894172329214,132609209596068
WORK,B,26118,1894172331554,132609209596068,11
WORK,E,26114,1894172334455,132609209665925
WORK,B,26114,1894172338796,132609209665925,11
WORK,E,26121,1894172366622,132609209665925
WORK,B,26121,1894172368982,132609209665925,11
WORK,E,26118,1894172384331,132609209596068
WORK,B,26118,1894172385398,132609209596068,11
WORK,E,26120,1894172438490,132609209665925
WORK,B,26120,1894172446120,132609209665925,11
WORK,E,26118,1894172446419,132609209596068
WORK,B,26118,1894172448516,132609209596068,11
WORK,E,26116,1894172451892,132609209665925
WORK,B,26116,1894172454202,132609209665925,11
WORK,E,26115,1894172482420,132609209665925
WORK,B,26115,1894172484846,132609209665925,11
WORK,E,26118,1894172501869,132609209596068
WORK,B,26118,1894172503047,132609209596068,11
WORK,E,26118,1894172557766,132609209596068
WORK,B,26118,1894172558888,132609209596068,11
WORK,E,26113,1894172571717,132609209665925
WORK,B,26113,1894172574092,132609209665925,11
WORK,E,26119,1894172582818,132609209665925
WORK,B,26119,1894172588578,132609209665925,11
WORK,E,26118,1894172638630,132609209596068
WORK,B,26118,1894172641801,132609209596068,11
WORK,E,26118,1894172699688,132609209596068
WORK,B,26118,1894172701864,132609209596068,11
WORK,E,26119,1894172814480,132609209665925
WORK,B,26119,1894172817651,132609209665925,11
WORK,E,26114,1894172853795,132609209665925
WORK,B,26114,1894172857292,132609209665925,11
WORK,E,26115,1894172860107,132609209665925
WORK,B,26115,1894172863909,132609209665925,11
WORK,E,26121,1894172938325,132609209665925
WORK,B,26121,1894172941006,132609209665925,11
WORK,E,26119,1894172988181,132609209665925
WORK,B,26119,1894172990165,132609209665925,11
WORK,E,26118,1894172995993,132609209596068
WORK,B,26118,1894172998806,132609209596068,11
WORK,E,26113,1894173017443,132609209665925
WORK,B,26113,1894173020826,132609209665925,11
WORK,E,26123,1894173046557,132609209665925
WORK,B,26123,1894173050347,132609209665925,11
WORK,E,26120,1894173183539,132609209665925
WORK,B,26120,1894173187013,132609209665925,11
WORK,E,26115,1894173323387,132609209665925
WORK,B,26115,1894173327245,132609209665925,11
WORK,E,26114,1894173339564,132609209665925
WORK,B,26114,1894173343930,132609209665925,11
WORK,E,26119,1894173395449,132609209665925
WORK,B,26119,1894173399071,132609209665925,11
WORK,E,26122,1894173444616,132609209665925
WORK,B,26122,1894173447693,132609209665925,11
WORK,E,26113,1894173476056,132609209665925
WORK,B,26113,1894173478527,132609209665925,11
WORK,E,26123,1894173492138,132609209665925
WORK,B,26123,1894173495265,132609209665925,11
WORK,E,26119,1894173631267,132609209665925
WORK,E,26118,1894173638519,132609209596068
WORK,B,26118,1894173642444,132609209665925,11
WORK,B,26119,1894173676428,132609209665925,11
WORK,E,26123,1894173688793,132609209665925
WORK,B,26123,1894173691646,132609209665925,11
WORK,E,26114,1894173820416,132609209665925
WORK,E,26120,1894173845245,132609209665925
WORK,B,26120,1894173849000,132609209665925,11
WORK,B,26114,1894173859233,132609209665925,11
WORK,E,26118,1894173928662,132609209665925
WORK,B,26118,1894173943168,132609209665925,11
WORK,E,26122,1894173966467,132609209665925
WORK,B,26122,1894173969576,132609209665925,11
WORK,E,26123,1894173973223,132609209665925
WORK,B,26123,1894173976626,132609209665925,11
WORK,E,26119,1894173993566,132609209665925
WORK,B,26119,1894173996791,132609209665925,11
WORK,E,26117,1894174048111,132609209665925
WORK,B,26117,1894174081482,132609209665925,11
WORK,E,26121,1894174165368,132609209665925
WORK,E,26113,1894174170932,132609209665925
WORK,E,26118,1894174171922,132609209665925
WORK,B,26118,1894174174626,132609209665925,11
WORK,B,26113,1894174175149,132609209665925,11
WORK,E,26123,1894174183644,132609209665925
WORK,B,26123,1894174186593,132609209665925,11
WORK,B,26121,1894174204461,132609209665925,11
WORK,E,26114,1894174362549,132609209665925
WORK,B,26114,1894174394587,132609209665925,11
WORK,E,26123,1894174468545,132609209665925
WORK,B,26123,1894174505998,132609209665925,11
WORK,E,26119,1894174516126,132609209665925
WORK,B,26119,1894174519991,132609209665925,11
WORK,E,26115,1894174552010,132609209665925
WORK,B,26115,1894174564195,132609209665925,11
WORK,E,26123,1894174675293,132609209665925
WORK,E,26118,1894174681117,132609209665925
WORK,B,26118,1894174685458,132609209665925,11
WORK,B,26123,1894174707950,132609209665925,11
WORK,E,26119,1894174717581,132609209665925
WORK,B,26119,1894174722146,132609209665925,11
WORK,E,26113,1894174721963,132609209665925
WORK,B,26113,1894174728921,132609209678144,23
WORK,E,26122,1894174882914,132609209665925
WORK,B,26122,1894174923037,132609209665925,11
WORK,E,26123,1894174981059,132609209665925
WORK,B,26123,1894174991676,132609209665925,11
WORK,E,26120,1894175040735,132609209665925
WORK,E,26118,1894175041878,132609209665925
WORK,B,26118,1894175045776,132609209665925,11
WORK,B,26120,1894175050946,132609209665925,11
WORK,E,26121,1894175063633,132609209665925
WORK,B,26121,1894175066340,132609209665925,11
WORK,E,26120,1894175134966,132609209665925
WORK,E,26114,1894175134875,132609209665925
WORK,B,26114,1894175138835,132609209665925,11
WORK,E,26123,1894175142986,132609209665925
WORK,B,26123,1894175145138,132609209665925,11
WORK,B,26120,1894175169025,132609209665925,11
WORK,E,26113,1894175190683,132609209678144
WORK,B,26113,1894175194083,132609209678144,23
WORK,E,26119,1894175212314,132609209665925
WORK,B,26119,1894175214610,132609209665925,11
WORK,E,26113,1894175253121,132609209678144
WORK,E,26115,1894175253410,132609209665925
WORK,B,26115,1894175257236,132609209665925,11
WORK,B,26113,1894175263780,132609209678144,23
WORK,E,26122,1894175286504,132609209665925
WORK,B,26122,1894175292290,132609209665925,11
WORK,E,26113,1894175311696,132609209678144
WORK,B,26113,1894175314045,132609209678144,23
WORK,E,26113,1894175351196,132609209678144
WORK,B,26113,1894175352421,132609209678144,23
WORK,E,26113,1894175391024,132609209678144
WORK,B,26113,1894175397611,132609209678144,23
WORK,E,26118,1894175413809,132609209665925
WORK,B,26118,1894175416186,132609209665925,11
WORK,E,26113,1894175428373,132609209678144
WORK,B,26113,1894175430362,132609209678144,23
WORK,E,26123,1894175460188,132609209665925
WORK,B,26123,1894175463345,132609209665925,11
WORK,E,26113,1894175480702,132609209678144
WORK,B,26113,1894175485311,132609209678144,23
WORK,E,26120,1894175485257,132609209665925
WORK,B,26120,1894175487788,132609209665925,11
WORK,E,26113,1894175530478,132609209678144
WORK,E,26121,1894175550371,132609209665925
WORK,B,26121,1894175553984,132609209665925,11
WORK,E,26118,1894175560178,132609209665925
WORK,B,26113,1894175560736,132609209678144,23
WORK,B,26118,1894175561543,132609209665925,11
WORK,E,26115,1894175582360,132609209665925
WORK,B,26115,1894175585432,132609209665925,11
WORK,E,26113,1894175647332,132609209678144
WORK,E,26123,1894175649206,132609209665925
WORK,B,26123,1894175651646,132609209665925,11
WORK,B,26113,1894175655611,132609209678144,23
WORK,E,26119,1894175683676,132609209665925
WORK,B,26119,1894175689461,132609209665925,11
WORK,E,26120,1894175703598,132609209665925
WORK,B,26120,1894175707034,132609209665925,11
WORK,E,26113,1894175776972,132609209678144
WORK,B,26113,1894175779485,132609209678144,23
WORK,E,26113,1894175820674,132609209678144
WORK,B,26113,1894175841493,132609209678144,23
WORK,E,26116,1894175877329,132609209665925
WORK,E,26119,1894175878349,132609209665925
WORK,B,26119,1894175881041,132609209665925,11
WORK,E,26113,1894175881333,132609209678144
WORK,B,26116,1894175881818,132609209665925,11
WORK,B,26113,1894175882751,132609209678144,23
WORK,E,26116,1894175972564,132609209665925
WORK,E,26113,1894175985857,132609209678144
WORK,B,26113,1894175987371,132609209678144,23
WORK,E,26120,1894175993520,132609209665925
WORK,B,26120,1894175995789,132609209665925,11
WORK,B,26116,1894175998272,132609209665925,11
WORK,E,26113,1894176031565,132609209678144
WORK,B,26113,1894176033189,132609209678144,23
WORK,E,26121,1894176041337,132609209665925
WORK,B,26121,1894176045862,132609209678144,23
WORK,E,26121,1894176052790,132609209678144
WORK,B,26121,1894176055475,132609209678144,23
WORK,E,26115,1894176065414,132609209665925
WORK,B,26115,1894176068553,132609209665925,11
WORK,E,26119,1894176068704,132609209665925
WORK,E,26113,1894176069022,132609209678144
WORK,B,26119,1894176070212,132609209665925,11
WORK,B,26113,1894176070576,132609209678144,23
WORK,E,26116,1894176072097,132609209665925
WORK,B,26116,1894176073521,132609209665925,11
WORK,E,26113,1894176085650,132609209678144
WORK,E,26121,1894176086100,132609209678144
WORK,B,26113,1894176088140,132609209678144,23
WORK,B,26121,1894176088704,132609209678144,23
WORK,E,26113,1894176091721,132609209678144
WORK,E,26121,1894176092659,132609209678144
WORK,B,26113,1894176093245,132609209678144,23
WORK,B,26121,1894176094032,132609209678144,23
WORK,E,26113,1894176095011,132609209678144
WORK,E,26121,1894176095815,132609209678144
WORK,B,26113,1894176096330,132609209678144,23
WORK,B,26121,1894176097174,132609209678144,23
WORK,E,26121,1894176100451,132609209678144
WORK,B,26121,1894176101645,132609209678144,23
WORK,E,26121,1894176103194,132609209678144
WORK,B,26121,1894176104828,132609209665925,11
WORK,E,26113,1894176113423,132609209678144
WORK,B,26113,1894176116383,132609209665925,11
WORK,E,26118,1894176150694,132609209665925
WORK,B,26118,1894176157407,132609209665925,11
WORK,E,26122,1894176160674,132609209665925
WORK,B,26122,1894176166618,132609209665925,11
WORK,E,26116,1894176169782,132609209665925
WORK,B,26116,1894176171928,132609209665925,11
WORK,E,26122,1894176264715,132609209665925
WORK,E,26116,1894176274022,132609209665925
WORK,B,26122,1894176275694,132609209665925,11
WORK,B,26116,1894176275749,132609209665925,11
WORK,E,26118,1894176358509,132609209665925
WORK,B,26118,1894176361696,132609209665925,11
WORK,E,26122,1894176369933,132609209665925
WORK,B,26122,1894176372685,132609209665925,11
WORK,E,26113,1894176437909,132609209665925
WORK,B,26113,1894176441363,132609209665925,11
WORK,E,26120,1894176462352,132609209665925
WORK,B,26120,1894176466051,132609209665925,11
WORK,E,26119,1894176480682,132609209665925
WORK,B,26119,1894176483884,132609209665925,11
WORK,E,26116,1894176500445,132609209665925
WORK,B,26116,1894176502969,132609209665925,11
WORK,E,26121,1894176519999,132609209665925
WORK,B,26121,1894176523203,132609209665925,11
WORK,E,26118,1894176570134,132609209665925
WORK,B,26118,1894176572200,132609209665925,11
WORK,E,26115,1894176593011,132609209665925
WORK,B,26115,1894176597485,132609209665925,11
WORK,E,26119,1894176703991,132609209665925
WORK,E,26122,1894176706860,132609209665925
WORK,B,26122,1894176711538,132609209665925,11
WORK,B,26119,1894176738952,132609209665925,11
WORK,E,26116,1894176763386,132609209665925
WORK,B,26116,1894176765718,132609209665925,11
WORK,E,26121,1894176838314,132609209665925
WORK,E,26120,1894176853852,132609209665925
WORK,B,26120,1894176859860,132609209665925,11
WORK,E,26113,1894176871995,132609209665925
WORK,B,26113,1894176875004,132609209665925,11
WORK,B,26121,1894176877853,132609209665925,11
WORK,E,26117,1894176942772,132609209665925
WORK,E,26122,1894176942989,132609209665925
WORK,B,26122,1894176947710,132609209665925,11
WORK,B,26117,1894176952659,132609209665925,11
WORK,E,26116,1894176987908,132609209665925
WORK,B,26116,1894176990086,132609209665925,11
WORK,E,26120,1894177068315,132609209665925
WORK,B,26120,1894177101287,132609209665925,11
WORK,E,26118,1894177107065,132609209665925
WORK,B,26118,1894177110727,132609209665925,11
WORK,E,26119,1894177243944,132609209665925
WORK,B,26119,1894177277222,132609209665925,11
WORK,E,26116,1894177281624,132609209665925
WORK,B,26116,1894177283833,132609209665925,11
WORK,E,26120,1894177386379,132609209665925
WORK,B,26120,1894177418784,132609209665925,11
WORK,E,26113,1894177543070,132609209665925
WORK,B,26113,1894177574883,132609209665925,11
WORK,E,26122,1894177604752,132609209665925
WORK,E,26119,1894177604987,132609209665925
WORK,B,26119,1894177608396,132609209665925,11
WORK,B,26122,1894177608532,132609209665925,11
WORK,E,26121,1894177621916,132609209665925
WORK,B,26121,1894177630077,132609209665925,11
WORK,E,26116,1894177643625,132609209665925
WORK,B,26116,1894177652088,132609209665925,11
WORK,E,26118,1894177676758,132609209665925
WORK,B,26118,1894177679861,132609209665925,11
WORK,E,26114,1894177809409,132609209665925
WORK,E,26116,1894177810791,132609209665925
WORK,B,26116,1894177812791,132609209665925,11
WORK,B,26114,1894177841007,132609209665925,11
WORK,E,26118,1894177950049,132609209665925
WORK,B,26118,1894177986583,132609209665925,11
WORK,E,26117,1894178068978,132609209665925
WORK,E,26119,1894178091696,132609209665925
WORK,E,26113,1894178094257,132609209665925
WORK,E,26116,1894178095061,132609209665925
WORK,B,26117,1894178095170,132609209665925,11
WORK,B,26119,1894178095905,132609209665925,11
WORK,B,26116,1894178096866,132609209665925,11
WORK,B,26113,1894178098094,132609209665925,11
WORK,E,26121,1894178129312,132609209665925
WORK,B,26121,1894178132700,132609209665925,11
WORK,E,26114,1894178179410,132609209665925
WORK,E,26122,1894178187396,132609209665925
WORK,E,26123,1894178187718,132609209665925
WORK,B,26122,1894178190793,132609209665925,11
WORK,B,26114,1894178191259,132609209665925,11
WORK,B,26123,1894178191570,132609209665925,11
WORK,E,26120,1894178391656,132609209665925
WORK,B,26120,1894178427105,132609209665925,11
WORK,E,26117,1894178472114,132609209665925
WORK,B,26117,1894178479315,132609209665925,11
WORK,E,26119,1894178488844,132609209665925
WORK,B,26119,1894178492620,132609209665925,11
WORK,E,26113,1894178566016,132609209665925
WORK,B,26113,1894178593376,132609209665925,11
WORK,E,26122,1894178640039,132609209665925
WORK,B,26122,1894178654846,132609209665925,11
WORK,E,26123,1894178738710,132609209665925
WORK,E,26116,1894178742937,132609209665925
WORK,B,26116,1894178745065,132609209665925,11
WORK,B,26123,1894178780811,132609209665925,11
WORK,E,26121,1894178793824,132609209665925
WORK,B,26121,1894178796864,132609209665925,11
WORK,E,26114,1894178814561,132609209665925
WORK,B,26114,1894178820072,132609209665925,11
WORK,E,26122,1894178836750,132609209665925
WORK,B,26122,1894178847220,132609209665925,11
WORK,E,26113,1894178906338,132609209665925
WORK,B,26113,1894178909673,132609209665925,11
WORK,E,26119,1894178909898,132609209665925
WORK,B,26119,1894178913662,132609209665925,11
WORK,E,26123,1894179131758,132609209665925
WORK,B,26123,1894179168738,132609209665925,11
WORK,E,26122,1894179200602,132609209665925
WORK,B,26122,1894179204506,132609209665925,11
WORK,E,26121,1894179207266,132609209665925
WORK,B,26121,1894179210244,132609209665925,11
WORK,E,26118,1894179314055,132609209665925
WORK,B,26118,1894179349187,132609209665925,11
WORK,E,26117,1894179363218,132609209665925
WORK,B,26117,1894179365860,132609209665925,11
WORK,E,26120,1894179387474,132609209665925
WORK,B,26120,1894179396620,132609209665925,11
WORK,E,26121,1894179527082,132609209665925
WORK,B,26121,1894179561200,132609209665925,11
WORK,E,26122,1894179562523,132609209665925
WORK,B,26122,1894179566168,132609209665925,11
WORK,E,26119,1894179766152,132609209665925
WORK,B,26119,1894179803332,132609209665925,11
WORK,E,26121,1894179899823,132609209665925
WORK,B,26121,1894179931235,132609209665925,11
WORK,E,26123,1894179953208,132609209665925
WORK,B,26123,1894179957830,132609209665925,11
WORK,E,26117,1894180003944,132609209665925
WORK,B,26117,1894180027941,132609209665925,11
WORK,E,26122,1894180036427,132609209665925
WORK,B,26122,1894180040238,132609209665925,11
WORK,E,26114,1894180081127,132609209665925
WORK,B,26114,1894180084998,132609209665925,11
WORK,E,26121,1894180258748,132609209665925
WORK,B,26121,1894180292500,132609209665925,11
WORK,E,26123,1894180343673,132609209665925
WORK,B,26123,1894180353350,132609209665925,11
WORK,E,26122,1894180382355,132609209665925
WORK,B,26122,1894180396412,132609209665925,11
WORK,E,26123,1894180479760,132609209665925
WORK,E,26113,1894180502128,132609209665925
WORK,B,26113,1894180506296,132609209665925,11
WORK,B,26123,1894180510336,132609209665925,11
WORK,E,26120,1894180553941,132609209665925
WORK,B,26120,1894180567838,132609209665925,11
WORK,E,26117,1894180728199,132609209665925
WORK,B,26117,1894180754324,132609209665925,11
WORK,E,26118,1894180773681,132609209665925
WORK,B,26118,1894180779357,132609209665925,11
WORK,E,26123,1894180926942,132609209665925
WORK,B,26123,1894181059972,132609209665925,11
WORK,E,26115,1894181068487,132609209665925
WORK,B,26115,1894181073989,132609209665925,11
WORK,E,26121,1894181218382,132609209665925
WORK,B,26121,1894181223476,132609209665925,11
WORK,E,26117,1894181304513,132609209665925
WORK,B,26117,1894181307775,132609209665925,11
WORK,E,26119,1894181409957,132609209665925
WORK,B,26119,1894181413962,132609209665925,11
WORK,E,26123,1894181421404,132609209665925
WORK,B,26123,1894181423637,132609209665925,11
WORK,E,26120,1894181469340,132609209665925
WORK,B,26120,1894181476062,132609209665925,11
WORK,E,26121,1894181584817,132609209665925
WORK,B,26121,1894181588000,132609209665925,11
WORK,E,26113,1894181591441,132609209665925
WORK,B,26113,1894181594933,132609209665925,11
WORK,E,26117,1894181691414,132609209665925
WORK,B,26117,1894181696119,132609209665925,11
WORK,E,26118,1894181724072,132609209665925
WORK,B,26118,1894181728131,132609209665925,11
WORK,E,26123,1894181731258,132609209665925
WORK,B,26123,1894181733482,132609209665925,11
WORK,E,26122,1894181846993,132609209665925
WORK,B,26122,1894181850017,132609209665925,11
WORK,E,26119,1894181855175,132609209665925
WORK,B,26119,1894181858137,132609209665925,11
WORK,E,26118,1894181979302,132609209665925
WORK,B,26118,1894181981692,132609209665925,11
WORK,E,26120,1894182023725,132609209665925
WORK,B,26120,1894182027529,132609209665925,11
WORK,E,26121,1894182040122,132609209665925
WORK,B,26121,1894182043315,132609209665925,11
WORK,E,26123,1894182054767,132609209665925
WORK,B,26123,1894182057871,132609209665925,11
WORK,E,26114,1894182165633,132609209665925
WORK,B,26114,1894182169387,132609209665925,11
WORK,E,26121,1894182419846,132609209665925
WORK,B,26121,1894182423510,132609209665925,11
WORK,E,26120,1894182479631,132609209665925
WORK,B,26120,1894182482622,132609209665925,11
WORK,E,26123,1894182535665,132609209665925
WORK,B,26123,1894182539275,132609209665925,11
WORK,E,26118,1894182667338,132609209665925
WORK,B,26118,1894182671211,132609209665925,11
WORK,E,26119,1894182688488,132609209665925
WORK,B,26119,1894182693024,132609209665925,11
WORK,E,26113,1894182828633,132609209665925
WORK,B,26113,1894182832164,132609209665925,11
WORK,E,26118,1894182893700,132609209665925
WORK,B,26118,1894182896267,132609209665925,11
WORK,E,26115,1894182946015,132609209665925
WORK,B,26115,1894182950958,132609209665925,11
WORK,E,26123,1894182963863,132609209665925
WORK,B,26123,1894182968150,132609209665925,11
WORK,E,26117,1894183028527,132609209665925
WORK,B,26117,1894183031998,132609209665925,11
WORK,E,26116,1894183053355,132609209665925
WORK,B,26116,1894183057198,132609209665925,11
WORK,E,26114,1894183323158,132609209665925
WORK,B,26114,1894183328336,132609209665925,11
WORK,E,26119,1894183346174,132609209665925
WORK,B,26119,1894183350218,132609209665925,11
WORK,E,26120,1894183415209,132609209665925
WORK,B,26120,1894183423579,132609209665925,11
WORK,E,26116,1894183514665,132609209665925
WORK,B,26116,1894183519251,132609209665925,11
WORK,E,26122,1894183527997,132609209665925
WORK,B,26122,1894183532027,132609209665925,11
WORK,E,26119,1894183724813,132609209665925
WORK,B,26119,1894183739871,132609209665925,11
WORK,E,26117,1894183746084,132609209665925
WORK,B,26117,1894183748662,132609209665925,11
WORK,E,26114,1894183868085,132609209665925
WORK,B,26114,1894183872680,132609209665925,11
WORK,E,26117,1894183882518,132609209665925
WORK,B,26117,1894183884574,132609209665925,11
WORK,E,26121,1894183911502,132609209665925
WORK,B,26121,1894183916842,132609209665925,11
WORK,E,26116,1894184040652,132609209665925
WORK,B,26116,1894184042696,132609209665925,11
WORK,E,26117,1894184134088,132609209665925
WORK,B,26117,1894184135893,132609209665925,11
WORK,E,26123,1894184168280,132609209665925
WORK,B,26123,1894184171992,132609209665925,11
WORK,E,26120,1894184269683,132609209665925
WORK,B,26120,1894184283075,132609209665925,11
WORK,E,26116,1894184310409,132609209665925
WORK,B,26116,1894184312563,132609209665925,11
WORK,E,26122,1894184315225,132609209665925
WORK,B,26122,1894184319359,132609209665925,11
WORK,E,26121,1894184324532,132609209665925
WORK,B,26121,1894184328053,132609209665925,11
WORK,E,26121,1894184540545,132609209665925
WORK,B,26121,1894184553802,132609209665925,11
WORK,E,26115,1894184606832,132609209665925
WORK,B,26115,1894184613415,132609209665925,11
WORK,E,26119,1894184649495,132609209665925
WORK,B,26119,1894184652708,132609209665925,11
WORK,E,26115,1894184753564,132609209665925
WORK,B,26115,1894184755606,132609209665925,11
WORK,E,26117,1894184844512,132609209665925
WORK,B,26117,1894184846959,132609209665925,11
WORK,E,26122,1894184847655,132609209665925
WORK,B,26122,1894184850156,132609209665925,11
WORK,E,26114,1894184891803,132609209665925
WORK,B,26114,1894184905546,132609209665925,11
WORK,E,26116,1894185005722,132609209665925
WORK,B,26116,1894185015470,132609209665925,11
WORK,E,26123,1894185042739,132609209665925
WORK,B,26123,1894185055350,132609209665925,11
WORK,E,26118,1894185208016,132609209665925
WORK,B,26118,1894185256365,132609209665925,11
WORK,E,26119,1894185265405,132609209665925
WORK,B,26119,1894185273192,132609209665925,11
WORK,E,26117,1894185420668,132609209665925
WORK,B,26117,1894185423769,132609209665925,11
WORK,E,26115,1894185437940,132609209665925
WORK,B,26115,1894185443422,132609209665925,11
WORK,E,26120,1894185458576,132609209665925
WORK,E,26118,1894185462041,132609209665925
WORK,B,26120,1894185462479,132609209665925,11
WORK,B,26118,1894185466226,132609209665925,11
WORK,E,26114,1894185496170,132609209665925
WORK,B,26114,1894185501060,132609209665925,11
WORK,E,26120,1894185573200,132609209665925
WORK,B,26120,1894185576923,132609209665925,11
WORK,E,26115,1894185610979,132609209665925
WORK,B,26115,1894185613720,132609209665925,11
WORK,E,26121,1894185733284,132609209665925
WORK,B,26121,1894185737883,132609209665925,11
WORK,E,26114,1894185753611,132609209665925
WORK,B,26114,1894185756660,132609209665925,11
WORK,E,26122,1894185882483,132609209665925
WORK,B,26122,1894185886150,132609209665925,11
WORK,E,26118,1894185978195,132609209665925
WORK,B,26118,1894185985258,132609209665925,11
WORK,E,26121,1894185997076,132609209665925
WORK,B,26121,1894185999517,132609209665925,11
WORK,E,26115,1894186079091,132609209665925
WORK,B,26115,1894186082868,132609209665925,11
WORK,E,26120,1894186111053,132609209665925
WORK,B,26120,1894186113969,132609209665925,11
WORK,E,26114,1894186262239,132609209665925
WORK,B,26114,1894186267243,132609209665925,11
WORK,E,26119,1894186269122,132609209665925
WORK,B,26119,1894186275296,132609209665925,11
WORK,E,26118,1894186279492,132609209665925
WORK,B,26118,1894186282146,132609209665925,11
WORK,E,26121,1894186311805,132609209665925
WORK,B,26121,1894186317096,132609209665925,11
WORK,E,26115,1894186345324,132609209665925
WORK,B,26115,1894186351648,132609209665925,11
WORK,E,26120,1894186367112,132609209665925
WORK,B,26120,1894186370030,132609209665925,11
WORK,E,26115,1894186697590,132609209665925
WORK,B,26115,1894186702919,132609209665925,11
WORK,E,26119,1894186724390,132609209665925
WORK,B,26119,1894186728528,132609209665925,11
WORK,E,26122,1894186761562,132609209665925
WORK,B,26122,1894186775586,132609209665925,11
WORK,E,26121,1894186809050,132609209665925
WORK,B,26121,1894186822185,132609209665925,11
WORK,E,26118,1894186844788,132609209665925
WORK,B,26118,1894186849406,132609209665925,11
WORK,E,26115,1894186877874,132609209665925
WORK,B,26115,1894186881254,132609209665925,11
WORK,E,26121,1894187041078,132609209665925
WORK,B,26121,1894187043276,132609209665925,11
WORK,E,26122,1894187121415,132609209665925
WORK,B,26122,1894187136393,132609209665925,11
WORK,E,26118,1894187175462,132609209665925
WORK,E,26120,1894187178299,132609209665925
WORK,B,26120,1894187181748,132609209665925,11
WORK,B,26118,1894187213431,132609209665925,11
WORK,E,26123,1894187220924,132609209665925
WORK,B,26123,1894187224676,132609209665925,11
WORK,E,26119,1894187284893,132609209665925
WORK,B,26119,1894187287936,132609209665925,11
WORK,E,26115,1894187298617,132609209665925
WORK,B,26115,1894187301405,132609209665925,11
WORK,E,26113,1894187313406,132609209665925
WORK,B,26113,1894187321013,132609209665925,11
WORK,E,26122,1894187361370,132609209665925
WORK,B,26122,1894187363727,132609209665925,11
WORK,E,26121,1894187378249,132609209665925
WORK,E,26113,1894187527258,132609209665925
WORK,B,26113,1894187529661,132609209665925,11
WORK,E,26119,1894187539914,132609209665925
WORK,B,26119,1894187542701,132609209665925,11
WORK,E,26118,1894187558987,132609209665925
WORK,B,26118,1894187562125,132609209665925,11
WORK,E,26120,1894187642409,132609209665925
WORK,E,26115,1894187696015,132609209665925
WORK,E,26119,1894187737885,132609209665925
WORK,B,26119,1894187740125,132609209665925,11
WORK,E,26122,1894187810659,132609209665925
WORK,E,26113,1894187822003,132609209665925
WORK,E,26118,1894187863381,132609209665925
WORK,E,26123,1894187920105,132609209665925
WORK,E,26116,1894188001090,132609209665925
WORK,B,26116,1894188005525,132609209665925,11
WORK,E,26119,1894188005802,132609209665925
WORK,E,26114,1894188012459,132609209665925
WORK,E,26117,1894188605270,132609209665925
WORK,E,26116,1894190400581,132609209665925
BUCKET_OPEN,i,26116,1894190442816,18
BUCKET_OPEN,i,26116,1894190443727,18
WORK,B,26117,1894190687552,132609209724486,7
WORK,E,26117,1894190741176,132609209724486
BUCKET_OPEN,i,26120,1894190769730,20
BUCKET_OPEN,i,26120,1894190770912,20
plan_end_of_gc,B,26120,1894190779560
plan_end_of_gc,E,26120,1894190781104
GC,E,26120,1894190802822
WORK,B,26117,1894191094084,132609209769154,11
WORK,B,26120,1894191096077,132609209769154,11
WORK,B,26122,1894191106813,132609209769154,11
WORK,E,26120,1894191114345,132609209769154
WORK,B,26120,1894191115973,132609209769154,11
WORK,E,26120,1894191117418,132609209769154
WORK,B,26120,1894191118585,132609209769154,11
WORK,E,26120,1894191120509,132609209769154
WORK,B,26120,1894191121562,132609209769154,11
WORK,E,26122,1894191213954,132609209769154
WORK,B,26122,1894191221896,132609209769154,11
WORK,E,26122,1894191253747,132609209769154
WORK,B,26122,1894191254968,132609209769154,11
WORK,E,26120,1894191296768,132609209769154
WORK,E,26122,1894191299811,132609209769154
WORK,B,26122,1894191301600,132609209769154,11
WORK,E,26122,1894191316716,132609209769154
WORK,B,26122,1894191318832,132609209769154,11
WORK,B,26120,1894191319199,132609209769154,11
WORK,E,26120,1894191330830,132609209769154
WORK,B,26120,1894191332467,132609209769154,11
WORK,E,26117,1894191334770,132609209769154
WORK,B,26117,1894191339122,132609209769154,11
WORK,E,26120,1894191345678,132609209769154
WORK,B,26120,1894191347077,132609209769154,11
WORK,E,26122,1894191351565,132609209769154
WORK,B,26122,1894191353150,132609209769154,11
WORK,E,26120,1894191373128,132609209769154
WORK,B,26120,1894191374785,132609209769154,11
WORK,E,26122,1894191377761,132609209769154
WORK,B,26122,1894191379307,132609209769154,11
WORK,E,26120,1894191400824,132609209769154
WORK,B,26120,1894191401796,132609209769154,11
WORK,E,26122,1894191419968,132609209769154
WORK,B,26122,1894191421707,132609209769154,11
WORK,E,26122,1894191451719,132609209769154
WORK,B,26122,1894191453344,132609209769154,11
WORK,E,26122,1894191485018,132609209769154
WORK,B,26122,1894191486697,132609209769154,11
WORK,E,26120,1894191509381,132609209769154
WORK,B,26120,1894191511235,132609209769154,11
WORK,E,26117,1894191512890,132609209769154
WORK,B,26117,1894191516518,132609209769154,11
WORK,E,26122,1894191519206,132609209769154
WORK,B,26122,1894191521004,132609209769154,11
WORK,E,26120,1894191524396,132609209769154
WORK,B,26120,1894191525523,132609209769154,11
WORK,E,26120,1894191534016,132609209769154
WORK,B,26120,1894191535144,132609209769154,11
WORK,E,26122,1894191550168,132609209769154
WORK,B,26122,1894191551216,132609209769154,11
WORK,E,26122,1894191579959,132609209769154
WORK,B,26122,1894191581090,132609209769154,11
WORK,E,26120,1894191584353,132609209769154
WORK,B,26120,1894191585507,132609209769154,11
WORK,E,26122,1894191607905,132609209769154
WORK,B,26122,1894191609062,132609209769154,11
WORK,E,26120,1894191635056,132609209769154
WORK,B,26120,1894191636716,132609209769154,11
WORK,E,26122,1894191647655,132609209769154
WORK,B,26122,1894191649231,132609209769154,11
WORK,B,26113,1894191655638,132609209769154,11
WORK,E,26120,1894191679531,132609209769154
WORK,E,26122,1894191679831,132609209769154
WORK,B,26122,1894191680983,132609209769154,11
WORK,B,26120,1894191685676,132609209769154,11
WORK,E,26117,1894191697207,132609209769154
WORK,B,26117,1894191699956,132609209769154,11
WORK,E,26120,1894191702034,132609209769154
WORK,B,26120,1894191703935,132609209769154,11
WORK,E,26122,1894191710447,132609209769154
WORK,B,26122,1894191712383,132609209769154,11
WORK,E,26113,1894191726656,132609209769154
WORK,B,26113,1894191729059,132609209769154,11
WORK,E,26122,1894191740281,132609209769154
WORK,B,26122,1894191742143,132609209769154,11
WORK,E,26120,1894191748372,132609209769154
WORK,B,26120,1894191750043,132609209769154,11
WORK,E,26122,1894191770615,132609209769154
WORK,B,26122,1894191773747,132609209769154,11
WORK,E,26120,1894191779443,132609209769154
WORK,B,26120,1894191780924,132609209769154,11
WORK,E,26113,1894191784810,132609209769154
WORK,B,26113,1894191789059,132609209769154,11
WORK,E,26113,1894191812348,132609209769154
WORK,B,26113,1894191815643,132609209769154,11
WORK,E,26120,1894191842596,132609209769154
WORK,B,26120,1894191844587,132609209769154,11
WORK,E,26120,1894191851246,132609209769154
WORK,B,26120,1894191852469,132609209769154,11
WORK,E,26120,1894191907559,132609209769154
WORK,B,26120,1894191909273,132609209769154,11
WORK,E,26117,1894191932734,132609209769154
WORK,B,26117,1894191936684,132609209769154,11
WORK,E,26120,1894191954483,132609209769154
WORK,B,26120,1894191956263,132609209769154,11
WORK,E,26120,1894192014503,132609209769154
WORK,E,26117,1894192018362,132609209769154
WORK,B,26117,1894192020839,132609209769154,11
WORK,B,26120,1894192021419,132609209769154,11
WORK,E,26122,1894192059562,132609209769154
WORK,B,26122,1894192061419,132609209769154,11
WORK,E,26120,1894192087663,132609209769154
WORK,B,26120,1894192091954,132609209769154,11
WORK,E,26120,1894192144111,132609209769154
WORK,B,26120,1894192146973,132609209769154,11
WORK,E,26120,1894192185512,132609209769154
WORK,B,26120,1894192187497,132609209769154,11
WORK,B,26118,1894192192741,132609209769154,11
WORK,B,26123,1894192220168,132609209769154,11
WORK,E,26120,1894192241147,132609209769154
WORK,B,26120,1894192243003,132609209769154,11
WORK,E,26118,1894192282803,132609209769154
WORK,E,26120,1894192283184,132609209769154
WORK,B,26120,1894192284887,132609209769154,11
WORK,B,26118,1894192287277,132609209769154,11
WORK,E,26120,1894192304334,132609209769154
WORK,B,26120,1894192311976,132609209769154,11
WORK,E,26113,1894192321935,132609209769154
WORK,B,26113,1894192330484,132609209769154,11
WORK,E,26117,1894192353148,132609209769154
WORK,B,26117,1894192356336,132609209769154,11
WORK,E,26120,1894192369533,132609209769154
WORK,B,26120,1894192377058,132609209769154,11
WORK,E,26118,1894192389213,132609209769154
WORK,B,26118,1894192391496,132609209769154,11
WORK,E,26120,1894192410415,132609209769154
WORK,B,26120,1894192413058,132609209769154,11
WORK,E,26123,1894192417265,132609209769154
WORK,B,26123,1894192419919,132609209769154,11
WORK,E,26113,1894192458960,132609209769154
WORK,E,26120,1894192463268,132609209769154
WORK,B,26120,1894192466286,132609209769154,11
WORK,E,26118,1894192482186,132609209769154
WORK,B,26118,1894192484045,132609209769154,11
WORK,B,26113,1894192492593,132609209769154,11
WORK,E,26122,1894192520932,132609209769154
WORK,B,26122,1894192524850,132609209769154,11
WORK,E,26118,1894192560704,132609209769154
WORK,B,26118,1894192562736,132609209769154,11
WORK,E,26120,1894192565047,132609209769154
WORK,B,26120,1894192567915,132609209769154,11
WORK,E,26117,1894192573976,132609209769154
WORK,B,26117,1894192577244,132609209769154,11
WORK,E,26123,1894192578004,132609209769154
WORK,B,26123,1894192580122,132609209769154,11
WORK,E,26120,1894192641589,132609209769154
WORK,B,26120,1894192644312,132609209769154,11
WORK,E,26123,1894192651338,132609209769154
WORK,B,26123,1894192656362,132609209769154,11
WORK,E,26118,1894192670242,132609209769154
WORK,B,26118,1894192672208,132609209769154,11
WORK,E,26123,1894192726178,132609209769154
WORK,B,26123,1894192729176,132609209769154,11
WORK,E,26120,1894192770695,132609209769154
WORK,B,26120,1894192773269,132609209769154,11
WORK,E,26113,1894192774072,132609209769154
WORK,B,26113,1894192778579,132609209769154,11
WORK,E,26123,1894192789060,132609209769154
WORK,B,26123,1894192790187,132609209769154,11
WORK,E,26118,1894192794252,132609209769154
WORK,B,26118,1894192796324,132609209769154,11
WORK,E,26118,1894192850854,132609209769154
WORK,B,26118,1894192852580,132609209769154,11
WORK,E,26123,1894192855078,132609209769154
WORK,B,26123,1894192858092,132609209769154,11
WORK,E,26118,1894192858433,132609209769154
WORK,B,26118,1894192860390,132609209769154,11
WORK,E,26118,1894192865975,132609209769154
WORK,B,26118,1894192867173,132609209769154,11
WORK,E,26113,1894192886209,132609209769154
WORK,B,26113,1894192889001,132609209769154,11
WORK,E,26113,1894192893143,132609209769154
WORK,B,26113,1894192894387,132609209769154,11
WORK,E,26118,1894192923209,132609209769154
WORK,B,26118,1894192925632,132609209769154,11
WORK,E,26122,1894192933544,132609209769154
WORK,B,26122,1894192937329,132609209769154,11
WORK,E,26123,1894192945557,132609209769154
WORK,B,26123,1894192948807,132609209769154,11
WORK,E,26118,1894192978580,132609209769154
WORK,B,26118,1894192980580,132609209769154,11
WORK,E,26123,1894193013652,132609209769154
WORK,B,26123,1894193017925,132609209769154,11
WORK,E,26118,1894193018100,132609209769154
WORK,B,26118,1894193020000,132609209769154,11
WORK,E,26113,1894193033455,132609209769154
WORK,E,26120,1894193056650,132609209769154
WORK,B,26113,1894193059261,132609209769154,11
WORK,B,26120,1894193060902,132609209769154,11
WORK,E,26118,1894193066151,132609209769154
WORK,B,26118,1894193068295,132609209769154,11
WORK,E,26117,1894193074532,132609209769154
WORK,B,26117,1894193077856,132609209769154,11
WORK,E,26118,1894193163842,132609209769154
WORK,B,26118,1894193165948,132609209769154,11
WORK,E,26123,1894193171303,132609209769154
WORK,B,26123,1894193179030,132609209769154,11
WORK,E,26123,1894193190887,132609209769154
WORK,B,26123,1894193192298,132609209769154,11
WORK,E,26120,1894193194388,132609209769154
WORK,B,26120,1894193196804,132609209769154,11
WORK,E,26113,1894193198445,132609209769154
WORK,E,26120,1894193199018,132609209769154
WORK,B,26120,1894193200523,132609209769154,11
WORK,B,26113,1894193202257,132609209769154,11
WORK,E,26120,1894193203052,132609209769154
WORK,E,26117,1894193204292,132609209769154
WORK,B,26120,1894193204544,132609209769154,11
WORK,B,26117,1894193206713,132609209769154,11
WORK,E,26120,1894193208419,132609209769154
WORK,E,26117,1894193209205,132609209769154
WORK,B,26120,1894193210231,132609209769154,11
WORK,E,26123,1894193211110,132609209769154
WORK,E,26122,1894193212358,132609209769154
WORK,B,26123,1894193212719,132609209769154,11
WORK,B,26117,1894193213911,132609209769154,11
WORK,B,26122,1894193216336,132609209769154,11
WORK,E,26118,1894193237925,132609209769154
WORK,B,26118,1894193240382,132609209769154,11
WORK,E,26123,1894193278933,132609209769154
WORK,E,26117,1894193282043,132609209769154
WORK,E,26122,1894193283890,132609209769154
WORK,B,26123,1894193284675,132609209769154,11
WORK,B,26117,1894193285392,132609209769154,11
WORK,B,26122,1894193286345,132609209769154,11
WORK,E,26120,1894193286272,132609209769154
WORK,B,26120,1894193288766,132609209769154,11
WORK,E,26118,1894193290251,132609209769154
WORK,E,26117,1894193336211,132609209769154
WORK,E,26120,1894193342331,132609209769154
WORK,E,26113,1894193346070,132609209769154
WORK,E,26123,1894193350460,132609209769154
WORK,B,26121,1894193412059,132609209684752,20
WORK,E,26122,1894193416019,132609209769154
WORK,E,26121,1894193418631,132609209684752
WORK,B,26121,1894193420145,132609209684752,20
WORK,B,26122,1894193421042,132609209684752,20
WORK,E,26121,1894193423773,132609209684752
WORK,B,26121,1894193424943,132609209684752,20
WORK,E,26122,1894193425731,132609209684752
WORK,B,26122,1894193427256,132609209684752,20
WORK,E,26121,1894193427902,132609209684752
WORK,B,26121,1894193429068,132609209684752,20
WORK,E,26122,1894193430717,132609209684752
WORK,B,26122,1894193431908,132609209684752,20
WORK,E,26121,1894193432197,132609209684752
WORK,B,26121,1894193433324,132609209684752,20
WORK,E,26122,1894193435068,132609209684752
WORK,E,26121,1894193436353,132609209684752
WORK,B,26122,1894193436672,132609209684752,20
WORK,B,26121,1894193437613,132609209684752,20
WORK,E,26122,1894193440504,132609209684752
WORK,E,26121,1894193441168,132609209684752
WORK,B,26122,1894193441828,132609209684752,20
WORK,E,26122,1894193446461,132609209684752
WORK,B,26123,1894193448911,132609209648742,14
WORK,B,26117,1894818925416,132609209599454,30
WORK,B,26119,1894818925409,132609209599454,30
WORK,B,26115,1894818934262,132609209599454,30
WORK,E,26115,1894818945675,132609209599454
WORK,E,26119,1894818945907,132609209599454
WORK,B,26115,1894818946869,132609209599454,30
WORK,B,26119,1894818948209,132609209599454,30
WORK,E,26115,1894818954741,132609209599454
WORK,B,26115,1894818955943,132609209599454,30
WORK,E,26119,1894818961732,132609209599454
WORK,B,26119,1894818963195,132609209599454,30
WORK,E,26115,1894818964699,132609209599454
WORK,B,26115,1894818965749,132609209599454,30
WORK,E,26123,1894818970325,132609209648742
WORK,B,26120,1894818971163,132609209599454,30
WORK,E,26119,1894818974412,132609209599454
WORK,E,26115,1894818974472,132609209599454
WORK,B,26114,1894818974853,132609209599454,30
WORK,B,26123,1894818975221,132609209599454,30
WORK,B,26115,1894818976172,132609209599454,30
WORK,B,26119,1894818976194,132609209599454,30
WORK,E,26115,1894818983725,132609209599454
WORK,B,26115,1894818984873,132609209599454,30
WORK,E,26123,1894818985400,132609209599454
WORK,B,26123,1894818986718,132609209599454,30
WORK,E,26115,1894818992269,132609209599454
WORK,E,26119,1894818992468,132609209599454
WORK,E,26114,1894818992960,132609209599454
WORK,B,26115,1894818993273,132609209599454,30
WORK,B,26119,1894818993827,132609209599454,30
WORK,B,26114,1894818995108,132609209599454,30
WORK,E,26117,1894818995072,132609209599454
WORK,E,26123,1894818996166,132609209599454
WORK,B,26123,1894818997917,132609209599454,30
WORK,E,26120,1894818997927,132609209599454
WORK,B,26117,1894818998339,132609209599454,30
WORK,E,26115,1894819001497,132609209599454
WORK,B,26120,1894819002006,132609209599454,30
WORK,B,26115,1894819002668,132609209599454,30
WORK,E,26123,1894819006586,132609209599454
WORK,E,26119,1894819007490,132609209599454
WORK,B,26116,1894819008097,132609209599454,30
WORK,B,26119,1894819008849,132609209599454,30
WORK,B,26123,1894819009021,132609209599454,30
WORK,E,26114,1894819009297,132609209599454
WORK,E,26115,1894819009842,132609209599454
WORK,B,26115,1894819010839,132609209599454,30
WORK,B,26114,1894819012139,132609209599454,30
WORK,E,26117,1894819013561,132609209599454
WORK,B,26117,1894819015032,132609209599454,30
WORK,E,26123,1894819017805,132609209599454
WORK,E,26115,1894819018601,132609209599454
WORK,B,26123,1894819019288,132609209599454,30
WORK,B,26115,1894819019825,132609209599454,30
WORK,E,26120,1894819020354,132609209599454
WORK,B,26120,1894819023513,132609209599454,30
WORK,E,26119,1894819026280,132609209599454
WORK,B,26119,1894819027846,132609209599454,30
WORK,E,26116,1894819028281,132609209599454
WORK,E,26115,1894819028378,132609209599454
WORK,E,26123,1894819028653,132609209599454
WORK,E,26114,1894819029108,132609209599454
WORK,B,26115,1894819029527,132609209599454,30
WORK,B,26123,1894819030441,132609209599454,30
WORK,B,26114,1894819031028,132609209599454,30
WORK,B,26116,1894819031203,132609209599454,30
WORK,E,26117,1894819031171,132609209599454
WORK,B,26117,1894819032745,132609209599454,30
WORK,E,26115,1894819037852,132609209599454
WORK,E,26123,1894819038392,132609209599454
WORK,B,26115,1894819038902,132609209599454,30
WORK,B,26118,1894819039738,132609209599454,30
WORK,B,26123,1894819039938,132609209599454,30
WORK,E,26120,1894819042411,132609209599454
WORK,E,26119,1894819044871,132609209599454
WORK,E,26117,1894819045632,132609209599454
WORK,B,26120,1894819045668,132609209599454,30
WORK,B,26119,1894819046336,132609209599454,30
WORK,E,26115,1894819047018,132609209599454
WORK,B,26117,1894819047118,132609209599454,30
WORK,B,26115,1894819048157,132609209599454,30
WORK,E,26114,1894819048498,132609209599454
WORK,E,26116,1894819048942,132609209599454
WORK,B,26114,1894819051283,132609209599454,30
WORK,B,26116,1894819051560,132609209599454,30
WORK,E,26123,1894819055029,132609209599454
WORK,E,26118,1894819055554,132609209599454
WORK,E,26115,1894819055935,132609209599454
WORK,B,26123,1894819056492,132609209599454,30
WORK,B,26115,1894819056988,132609209599454,30
WORK,B,26118,1894819057673,132609209599454,30
WORK,B,26122,1894819057921,132609209599454,30
WORK,E,26115,1894819064199,132609209599454
WORK,E,26119,1894819064631,132609209599454
WORK,E,26117,1894819065194,132609209599454
WORK,B,26115,1894819065419,132609209599454,30
WORK,B,26119,1894819066131,132609209599454,30
WORK,E,26120,1894819066661,132609209599454
WORK,B,26117,1894819066851,132609209599454,30
WORK,E,26123,1894819069166,132609209599454
WORK,E,26118,1894819069622,132609209599454
WORK,E,26114,1894819070143,132609209599454
WORK,B,26120,1894819070278,132609209599454,30
WORK,E,26116,1894819070656,132609209599454
WORK,B,26123,1894819070813,132609209599454,30
WORK,B,26118,1894819071534,132609209599454,30
WORK,B,26114,1894819072370,132609209599454,30
WORK,B,26116,1894819072873,132609209599454,30
WORK,E,26115,1894819073026,132609209599454
WORK,B,26115,1894819075560,132609209599454,30
WORK,E,26115,1894819081830,132609209599454
WORK,E,26123,1894819082386,132609209599454
WORK,E,26118,1894819082471,132609209599454
WORK,B,26115,1894819083046,132609209599454,30
WORK,B,26118,1894819084358,132609209599454,30
WORK,B,26123,1894819084353,132609209599454,30
WORK,E,26119,1894819085056,132609209599454
WORK,E,26117,1894819085319,132609209599454
WORK,B,26117,1894819086965,132609209599454,30
WORK,E,26122,1894819086905,132609209599454
WORK,B,26119,1894819088181,132609209599454,30
WORK,E,26115,1894819090483,132609209599454
WORK,B,26115,1894819091905,132609209599454,30
WORK,E,26116,1894819092020,132609209599454
WORK,E,26114,1894819092202,132609209599454
WORK,B,26122,1894819092457,132609209599454,30
WORK,E,26120,1894819094012,132609209599454
WORK,B,26116,1894819094336,132609209599454,30
WORK,B,26114,1894819094424,132609209599454,30
WORK,E,26118,1894819095699,132609209599454
WORK,E,26123,1894819096554,132609209599454
WORK,B,26118,1894819097724,132609209599454,30
WORK,B,26123,1894819097902,132609209599454,30
WORK,B,26120,1894819098126,132609209599454,30
WORK,E,26115,1894819099529,132609209599454
WORK,B,26115,1894819100825,132609209599454,30
WORK,E,26117,1894819104810,132609209599454
WORK,B,26117,1894819106203,132609209599454,30
WORK,E,26119,1894819106937,132609209599454
WORK,E,26115,1894819106954,132609209599454
WORK,B,26119,1894819108703,132609209599454,30
WORK,E,26123,1894819108852,132609209599454
WORK,E,26118,1894819108896,132609209599454
WORK,B,26123,1894819110313,132609209599454,30
WORK,B,26115,1894819111891,132609209599454,30
WORK,E,26116,1894819114813,132609209599454
WORK,E,26114,1894819115755,132609209599454
WORK,B,26116,1894819116634,132609209599454,30
WORK,E,26122,1894819116668,132609209599454
WORK,E,26123,1894819117062,132609209599454
WORK,E,26115,1894819117294,132609209599454
WORK,B,26114,1894819117942,132609209599454,30
WORK,B,26118,1894819118080,132609209599454,30
WORK,B,26115,1894819118638,132609209599454,30
WORK,B,26123,1894819118847,132609209599454,30
WORK,B,26122,1894819121177,132609209599454,30
WORK,E,26120,1894819121248,132609209599454
WORK,E,26115,1894819125713,132609209599454
WORK,E,26117,1894819125703,132609209599454
WORK,B,26115,1894819127255,132609209599454,30
WORK,B,26120,1894819127515,132609209599454,30
WORK,B,26117,1894819127530,132609209599454,30
WORK,E,26119,1894819128228,132609209599454
WORK,B,26119,1894819129736,132609209599454,30
WORK,E,26118,1894819131420,132609209599454
WORK,E,26123,1894819131564,132609209599454
WORK,E,26115,1894819133367,132609209599454
WORK,E,26116,1894819136554,132609209599454
WORK,E,26114,1894819138069,132609209599454
WORK,E,26122,1894819145181,132609209599454
WORK,E,26117,1894819148128,132609209599454
WORK,E,26119,1894819150115,132609209599454
WORK,E,26120,1894819152225,132609209599454
GC,B,26120,1894819158745
WORK,B,26120,1894819171626,132609209614824,18
WORK,B,26123,1894819283768,132609209572369,12
WORK,E,26120,1894819291391,132609209614824
WORK,B,26115,1894821058022,132609209596068,11
WORK,B,26118,1894821059771,132609209596068,11
WORK,B,26116,1894821076648,132609209596068,11
WORK,B,26114,1894821092268,132609209596068,11
WORK,E,26118,1894821098945,132609209596068
WORK,B,26118,1894821100082,132609209596068,11
WORK,B,26122,1894821115360,132609209765471,27
WORK,E,26122,1894821124376,132609209765471
WORK,B,26122,1894821126677,132609209583329,19
WORK,E,26118,1894821126818,132609209596068
WORK,B,26118,1894821127860,132609209596068,11
WORK,E,26122,1894821131092,132609209583329
WORK,B,26122,1894821132959,132609209597856,20
WORK,E,26122,1894821134887,132609209597856
WORK,B,26122,1894821136712,132609209616458,18
WORK,E,26122,1894821138019,132609209616458
WORK,B,26122,1894821139794,132609209634082,25
roots,meta,26122,1894821147121,0,37
WORK,E,26122,1894821149159,132609209634082
WORK,B,26122,1894821152102,132609209646046,22
WORK,E,26123,1894821155273,132609209572369
WORK,B,26117,1894821156414,132609209757476,18
WORK,B,26123,1894821160575,132609209678144,23
WORK,E,26123,1894821169049,132609209678144
roots,meta,26122,1894821169704,0,943
WORK,B,26123,1894821175918,132609209596068,11
WORK,E,26122,1894821177380,132609209646046
WORK,B,26122,1894821183625,132609209713976,17
WORK,E,26122,1894821188173,132609209713976
WORK,E,26118,1894821189381,132609209596068
WORK,B,26122,1894821189774,132609209678144,23
WORK,B,26118,1894821191116,132609209596068,11
WORK,B,26121,1894821196576,132609209596068,11
roots,meta,26117,1894821200778,0,1024
WORK,E,26122,1894821255201,132609209678144
WORK,B,26122,1894821256768,132609209678144,23
roots,meta,26117,1894821287381,0,1024
WORK,B,26120,1894821295711,132609209624258,18
roots,meta,26117,1894821340948,0,1024
roots,meta,26120,1894821347607,0,119
WORK,E,26120,1894821350746,132609209624258
WORK,B,26120,1894821353997,132609209665925,11
roots,meta,26117,1894821374772,0,1024
roots,meta,26117,1894821407511,0,1024
roots,meta,26117,1894821436571,0,1024
roots,meta,26117,1894821466663,0,1024
WORK,E,26122,1894821492202,132609209678144
WORK,B,26122,1894821495491,132609209665925,11
WORK,E,26120,1894821496664,132609209665925
WORK,B,26120,1894821499063,132609209665925,11
roots,meta,26117,1894821501113,0,1024
roots,meta,26117,1894821537421,0,1024
roots,meta,26117,1894821566805,0,1024
WORK,E,26120,1894821618168,132609209665925
WORK,E,26122,1894821623125,132609209665925
WORK,B,26122,1894821626121,132609209665925,11
roots,meta,26117,1894821627911,0,1024
WORK,B,26120,1894821629197,132609209665925,11
WORK,E,26115,1894821648167,132609209596068
roots,meta,26117,1894821663963,0,1024
WORK,B,26115,1894821672113,132609209596068,11
WORK,B,26113,1894821672710,132609209665925,11
roots,meta,26117,1894821696457,0,1024
WORK,E,26115,1894821796874,132609209596068
WORK,B,26119,1894821797774,132609209665925,11
WORK,E,26122,1894821852853,132609209665925
WORK,E,26120,1894821860818,132609209665925
WORK,B,26122,1894821862558,132609209665925,11
WORK,B,26120,1894821869214,132609209665925,11
WORK,E,26113,1894821869621,132609209665925
WORK,B,26113,1894821877812,132609209665925,11
WORK,E,26119,1894821893020,132609209665925
roots,meta,26117,1894821893186,0,1024
WORK,B,26119,1894821895033,132609209665925,11
WORK,B,26115,1894821945479,132609209596068,11
WORK,E,26118,1894822000079,132609209596068
WORK,B,26118,1894822007385,132609209596068,11
WORK,E,26123,1894822028953,132609209596068
WORK,E,26122,1894822045879,132609209665925
WORK,B,26122,1894822050692,132609209665925,11
roots,meta,26117,1894822102689,0,1024
WORK,B,26123,1894822133205,132609209665925,11
WORK,E,26120,1894822155867,132609209665925
WORK,E,26119,1894822175073,132609209665925
WORK,B,26119,1894822178570,132609209665925,11
WORK,E,26118,1894822229984,132609209596068
WORK,B,26118,1894822251191,132609209596068,11
WORK,E,26119,1894822254114,132609209665925
WORK,B,26119,1894822257556,132609209665925,11
WORK,E,26114,1894822281108,132609209596068
WORK,B,26114,1894822286536,132609209624258,18
roots,meta,26117,1894822306249,0,1024
roots,meta,26114,1894822308892,0,8
WORK,E,26114,1894822312884,132609209624258
WORK,B,26114,1894822314729,132609209624258,18
roots,meta,26114,1894822324758,0,16
WORK,E,26119,1894822325502,132609209665925
WORK,E,26114,1894822327486,132609209624258
WORK,B,26119,1894822327632,132609209665925,11
WORK,B,26114,1894822331041,132609209624258,18
WORK,E,26122,1894822362487,132609209665925
WORK,B,26120,1894822410672,132609209665925,11
roots,meta,26114,1894822457128,0,1
WORK,E,26120,1894822477001,132609209665925
WORK,B,26120,1894822479614,132609209665925,11
WORK,E,26114,1894822479468,132609209624258
WORK,E,26113,1894822480531,132609209665925
WORK,B,26113,1894822482355,132609209665925,11
WORK,B,26114,1894822483789,132609209624258,18
WORK,E,26118,1894822488914,132609209596068
WORK,B,26122,1894822491242,132609209665925,11
roots,meta,26114,1894822491690,0,1
WORK,B,26118,1894822492712,132609209596068,11
WORK,E,26114,1894822495253,132609209624258
WORK,B,26114,1894822497048,132609209624258,18
roots,meta,26114,1894822505195,0,201
WORK,E,26114,1894822506943,132609209624258
WORK,B,26114,1894822508215,132609209624258,18
roots,meta,26114,1894822509811,0,3
WORK,E,26114,1894822511234,132609209624258
WORK,B,26114,1894822512307,132609209624258,18
roots,meta,26114,1894822514139,0,1
WORK,E,26114,1894822515653,132609209624258
WORK,B,26114,1894822516754,132609209624258,18
roots,meta,26114,1894822535171,0,19
WORK,E,26113,1894822541108,132609209665925
WORK,E,26114,1894822542785,132609209624258
WORK,B,26113,1894822543177,132609209665925,11
WORK,E,26120,1894822544555,132609209665925
WORK,B,26114,1894822545079,132609209624258,18
WORK,B,26120,1894822546393,132609209665925,11
roots,meta,26114,1894822549281,0,77
WORK,E,26114,1894822551052,132609209624258
WORK,B,26114,1894822552362,132609209624258,18
roots,meta,26114,1894822554770,0,48
WORK,E,26114,1894822556139,132609209624258
WORK,B,26114,1894822557217,132609209624258,18
WORK,E,26122,1894822591552,132609209665925
WORK,B,26122,1894822597031,132609209665925,11
WORK,E,26115,1894822597008,132609209596068
WORK,B,26115,1894822599408,132609209596068,11
WORK,E,26113,1894822610992,132609209665925
WORK,B,26113,1894822613134,132609209665925,11
WORK,E,26118,1894822616070,132609209596068
roots,meta,26114,1894822616804,0,121
WORK,E,26120,1894822617526,132609209665925
WORK,B,26118,1894822618605,132609209596068,11
WORK,B,26120,1894822619337,132609209665925,11
WORK,E,26114,1894822620662,132609209624258
WORK,B,26114,1894822622441,132609209624258,18
roots,meta,26114,1894822640607,0,79
WORK,E,26114,1894822642303,132609209624258
WORK,B,26114,1894822643489,132609209624258,18
roots,meta,26114,1894822665441,0,87
WORK,E,26114,1894822667217,132609209624258
WORK,E,26122,1894822667151,132609209665925
WORK,B,26114,1894822668388,132609209624258,18
WORK,B,26122,1894822669371,132609209665925,11
roots,meta,26114,1894822690649,0,104
WORK,E,26114,1894822692349,132609209624258
WORK,B,26114,1894822693696,132609209624258,18
WORK,E,26116,1894822740678,132609209596068
WORK,E,26119,1894822960722,132609209665925
WORK,B,26119,1894822977406,132609209665925,11
roots,meta,26114,1894823023430,0,106
WORK,E,26119,1894823028579,132609209665925
WORK,B,26119,1894823030510,132609209665925,11
WORK,E,26114,1894823033402,132609209624258
WORK,B,26114,1894823037198,132609209624258,18
WORK,E,26113,1894823038937,132609209665925
WORK,B,26113,1894823041581,132609209665925,11
WORK,E,26118,1894823041604,132609209596068
WORK,B,26118,1894823046596,132609209596068,11
WORK,E,26123,1894823083288,132609209665925
roots,meta,26114,1894823087853,0,109
WORK,B,26123,1894823088385,132609209665925,11
WORK,E,26114,1894823089933,132609209624258
WORK,B,26114,1894823091357,132609209624258,18
WORK,E,26119,1894823093378,132609209665925
WORK,B,26119,1894823094690,132609209665925,11
roots,meta,26114,1894823110035,0,58
WORK,E,26114,1894823116295,132609209624258
WORK,E,26122,1894823123129,132609209665925
WORK,B,26114,1894823123822,132609209624258,18
WORK,B,26122,1894823133830,132609209665925,11
WORK,E,26119,1894823158945,132609209665925
WORK,B,26119,1894823177223,132609209665925,11
roots,meta,26114,1894823199367,0,70
WORK,E,26114,1894823202630,132609209624258
WORK,B,26114,1894823204459,132609209624258,18
roots,meta,26114,1894823211645,0,50
WORK,E,26114,1894823213086,132609209624258
WORK,B,26114,1894823217716,132609209624258,18
WORK,E,26122,1894823223512,132609209665925
WORK,B,26122,1894823227229,132609209665925,11
roots,meta,26114,1894823255923,0,133
WORK,E,26114,1894823259047,132609209624258
WORK,B,26114,1894823260747,132609209624258,18
roots,meta,26114,1894823281668,0,117
WORK,E,26114,1894823283894,132609209624258
WORK,B,26114,1894823285510,132609209624258,18
WORK,B,26116,1894823286089,132609209596068,11
roots,meta,26114,1894823292626,0,55
WORK,E,26114,1894823294219,132609209624258
WORK,B,26114,1894823295499,132609209624258,18
WORK,E,26122,1894823306322,132609209665925
WORK,B,26122,1894823309088,132609209665925,11
roots,meta,26114,1894823321481,0,98
WORK,E,26114,1894823331079,132609209624258
WORK,E,26120,1894823331901,132609209665925
WORK,B,26120,1894823334412,132609209665925,11
WORK,B,26114,1894823337364,132609209624258,18
WORK,E,26116,1894823347428,132609209596068
WORK,B,26116,1894823349837,132609209596068,11
roots,meta,26114,1894823357504,0,105
WORK,E,26114,1894823359402,132609209624258
WORK,B,26114,1894823362022,132609209770587,17
roots,meta,26114,1894823364468,0,36
WORK,E,26114,1894823365745,132609209770587
WORK,B,26114,1894823367717,132609209664764,19
roots,meta,26114,1894823370562,0,14
WORK,E,26114,1894823371826,132609209664764
WORK,B,26114,1894823373822,132609209665925,11
WORK,E,26122,1894823384611,132609209665925
WORK,B,26122,1894823386651,132609209665925,11
WORK,E,26119,1894823388428,132609209665925
WORK,B,26119,1894823390777,132609209665925,11
WORK,E,26116,1894823405534,132609209596068
WORK,B,26116,1894823412315,132609209596068,11
WORK,E,26122,1894823461557,132609209665925
WORK,B,26122,1894823463625,132609209665925,11
WORK,E,26120,1894823472402,132609209665925
WORK,B,26120,1894823474225,132609209665925,11
WORK,E,26115,1894823499599,132609209596068
WORK,B,26115,1894823511552,132609209596068,11
WORK,E,26119,1894823537549,132609209665925
WORK,B,26119,1894823539612,132609209665925,11
WORK,E,26122,1894823557279,132609209665925
WORK,B,26122,1894823559532,132609209665925,11
WORK,E,26121,1894823563289,132609209596068
WORK,B,26121,1894823567492,132609209665925,11
WORK,E,26120,1894823603605,132609209665925
WORK,B,26120,1894823605468,132609209665925,11
WORK,E,26122,1894823651959,132609209665925
WORK,B,26122,1894823654198,132609209665925,11
WORK,E,26122,1894823729549,132609209665925
WORK,B,26122,1894823732019,132609209665925,11
WORK,E,26120,1894823737002,132609209665925
WORK,B,26120,1894823738850,132609209665925,11
WORK,E,26113,1894823779125,132609209665925
WORK,B,26113,1894823781406,132609209665925,11
WORK,E,26119,1894823836375,132609209665925
WORK,B,26119,1894823838747,132609209665925,11
WORK,E,26115,1894823901066,132609209596068
WORK,B,26115,1894823904896,132609209596068,11
WORK,E,26121,1894823934569,132609209665925
WORK,B,26121,1894823938775,132609209665925,11
WORK,E,26118,1894824127822,132609209596068
WORK,B,26118,1894824131829,132609209596068,11
WORK,E,26120,1894824162306,132609209665925
WORK,B,26120,1894824164660,132609209665925,11
WORK,E,26113,1894824186983,132609209665925
WORK,B,26113,1894824188792,132609209665925,11
WORK,E,26120,1894824379353,132609209665925
WORK,B,26120,1894824381212,132609209665925,11
WORK,E,26113,1894824397388,132609209665925
WORK,B,26113,1894824399162,132609209665925,11
WORK,E,26120,1894824588228,132609209665925
WORK,B,26120,1894824590960,132609209665925,11
WORK,E,26113,1894824742846,132609209665925
WORK,B,26113,1894824745799,132609209665925,11
WORK,E,26120,1894824793913,132609209665925
WORK,B,26120,1894824795900,132609209665925,11
WORK,E,26116,1894824806423,132609209596068
WORK,B,26116,1894824809594,132609209596068,11
WORK,E,26116,1894824916060,132609209596068
WORK,E,26115,1894824916747,132609209596068
WORK,B,26116,1894824917892,132609209596068,11
WORK,B,26115,1894824921567,132609209596068,11
WORK,E,26120,1894824935034,132609209665925
WORK,B,26120,1894824937077,132609209665925,11
WORK,E,26113,1894824949387,132609209665925
WORK,B,26113,1894824951133,132609209665925,11
WORK,E,26116,1894824977657,132609209596068
WORK,B,26116,1894824979511,132609209596068,11
WORK,E,26114,1894824988373,132609209665925
WORK,B,26114,1894824993369,132609209665925,11
WORK,E,26116,1894825041536,132609209596068
WORK,B,26116,1894825043479,132609209596068,11
WORK,E,26118,1894825087399,132609209596068
WORK,B,26118,1894825090909,132609209596068,11
WORK,E,26116,1894825095349,132609209596068
WORK,B,26116,1894825097148,132609209596068,11
WORK,E,26115,1894825103401,132609209596068
WORK,B,26115,1894825106249,132609209596068,11
WORK,E,26116,1894825154632,132609209596068
WORK,B,26116,1894825156002,132609209596068,11
WORK,E,26116,1894825215168,132609209596068
WORK,B,26116,1894825217001,132609209596068,11
WORK,E,26113,1894825217663,132609209665925
WORK,B,26113,1894825219841,132609209665925,11
WORK,E,26116,1894825276614,132609209596068
WORK,B,26116,1894825278636,132609209596068,11
WORK,E,26120,1894825302872,132609209665925
WORK,B,26120,1894825304903,132609209665925,11
WORK,E,26116,1894825343097,132609209596068
WORK,B,26116,1894825344959,132609209596068,11
WORK,E,26118,1894825374895,132609209596068
WORK,B,26118,1894825381373,132609209596068,11
WORK,E,26119,1894825434716,132609209665925
WORK,B,26119,1894825437149,132609209665925,11
WORK,E,26122,1894825439799,132609209665925
WORK,B,26122,1894825444447,132609209665925,11
WORK,E,26115,1894825561038,132609209596068
WORK,B,26115,1894825563915,132609209596068,11
WORK,E,26118,1894825596223,132609209596068
WORK,E,26122,1894825597930,132609209665925
WORK,B,26118,1894825599584,132609209596068,11
WORK,B,26122,1894825600472,132609209665925,11
WORK,E,26114,1894825655319,132609209665925
WORK,B,26114,1894825660181,132609209665925,11
WORK,E,26119,1894825687158,132609209665925
WORK,B,26119,1894825689314,132609209665925,11
WORK,E,26119,1894825980807,132609209665925
WORK,B,26119,1894825983132,132609209665925,11
WORK,E,26113,1894825983254,132609209665925
WORK,B,26113,1894825985950,132609209665925,11
WORK,E,26119,1894826074596,132609209665925
WORK,B,26119,1894826076768,132609209665925,11
WORK,E,26121,1894826137689,132609209665925
WORK,B,26121,1894826142234,132609209665925,11
WORK,E,26119,1894826190281,132609209665925
WORK,B,26119,1894826192599,132609209665925,11
WORK,E,26114,1894826293036,132609209665925
WORK,B,26114,1894826298006,132609209665925,11
WORK,E,26113,1894826314905,132609209665925
WORK,B,26113,1894826316864,132609209665925,11
WORK,E,26122,1894826339047,132609209665925
WORK,B,26122,1894826343270,132609209665925,11
WORK,E,26120,1894826345580,132609209665925
WORK,B,26120,1894826348060,132609209665925,11
WORK,E,26119,1894826415120,132609209665925
WORK,B,26119,1894826417029,132609209665925,11
WORK,E,26116,1894826540532,132609209596068
WORK,B,26116,1894826543343,132609209596068,11
WORK,E,26115,1894826557319,132609209596068
WORK,B,26115,1894826562057,132609209596068,11
WORK,E,26116,1894826666738,132609209596068
WORK,B,26116,1894826668511,132609209596068,11
WORK,E,26113,1894826687952,132609209665925
WORK,B,26113,1894826690017,132609209665925,11
WORK,E,26120,1894826742515,132609209665925
WORK,B,26120,1894826744141,132609209665925,11
WORK,E,26115,1894826763772,132609209596068
WORK,B,26115,1894826767341,132609209596068,11
WORK,E,26118,1894826788879,132609209596068
WORK,B,26118,1894826793624,132609209596068,11
WORK,E,26116,1894826795441,132609209596068
WORK,B,26116,1894826797211,132609209596068,11
WORK,E,26114,1894826805519,132609209665925
WORK,B,26114,1894826808794,132609209665925,11
roots,meta,26117,1894826938050,0,1024
roots,meta,26117,1894826977382,0,178
WORK,E,26117,1894826980410,132609209757476
WORK,B,26117,1894826984523,132609209683076,20
WORK,E,26115,1894826985293,132609209596068
WORK,B,26115,1894826989792,132609209596068,11
WORK,E,26122,1894827022693,132609209665925
WORK,E,26113,1894827101955,132609209665925
WORK,B,26113,1894827107010,132609209665925,11
WORK,B,26122,1894827140324,132609209665925,11
roots,meta,26117,1894827147308,0,1024
WORK,E,26119,1894827216971,132609209665925
WORK,B,26119,1894827220748,132609209665925,11
WORK,E,26115,1894827224161,132609209596068
WORK,B,26115,1894827227276,132609209596068,11
roots,meta,26117,1894827297318,0,1024
roots,meta,26117,1894827329021,0,1024
roots,meta,26117,1894827362086,0,1024
roots,meta,26117,1894827382906,0,1024
roots,meta,26117,1894827404366,0,1024
roots,meta,26117,1894827428399,0,1024
WORK,E,26113,1894827434519,132609209665925
WORK,B,26113,1894827436772,132609209665925,11
roots,meta,26117,1894827452477,0,1024
WORK,E,26118,1894827501629,132609209596068
WORK,B,26118,1894827511089,132609209596068,11
WORK,E,26120,1894827516724,132609209665925
WORK,B,26120,1894827519842,132609209665925,11
roots,meta,26117,1894827533137,0,1024
WORK,E,26122,1894827755164,132609209665925
WORK,E,26116,1894827768373,132609209596068
WORK,B,26116,1894827771353,132609209596068,11
WORK,B,26122,1894827785034,132609209665925,11
WORK,E,26121,1894827787780,132609209665925
WORK,E,26114,1894827834398,132609209665925
WORK,B,26114,1894827840065,132609209665925,11
roots,meta,26117,1894827881150,0,1024
WORK,E,26119,1894827922293,132609209665925
WORK,E,26113,1894827898939,132609209665925
WORK,E,26120,1894827980122,132609209665925
WORK,B,26121,1894827982028,132609209665925,11
WORK,B,26120,1894827982914,132609209665925,11
WORK,E,26122,1894827996056,132609209665925
WORK,B,26122,1894827998084,132609209665925,11
WORK,B,26119,1894828000578,132609209665925,11
roots,meta,26117,1894828015921,0,1024
roots,meta,26117,1894828049720,0,1024
WORK,E,26114,1894828060670,132609209665925
WORK,B,26114,1894828064518,132609209665925,11
roots,meta,26117,1894828065502,0,1024
WORK,E,26116,1894828073463,132609209596068
WORK,B,26116,1894828075815,132609209596068,11
roots,meta,26117,1894828079582,0,1024
roots,meta,26117,1894828091684,0,1024
WORK,E,26118,1894828103629,132609209596068
roots,meta,26117,1894828105335,0,1024
WORK,B,26113,1894828105498,132609209665925,11
WORK,B,26118,1894828107365,132609209596068,11
roots,meta,26117,1894828119184,0,1024
roots,meta,26117,1894828132386,0,1024
roots,meta,26117,1894828140088,0,392
WORK,E,26117,1894828144680,132609209683076
WORK,B,26117,1894828148171,132609209739855,29
WORK,E,26120,1894828175056,132609209665925
WORK,B,26120,1894828176960,132609209665925,11
roots,meta,26117,1894828204268,0,1024
roots,meta,26117,1894828226178,0,1024
roots,meta,26117,1894828249055,0,1024
WORK,E,26114,1894828304062,132609209665925
roots,meta,26117,1894828304899,0,1024
WORK,B,26114,1894828326759,132609209665925,11
roots,meta,26117,1894828330016,0,1024
WORK,E,26118,1894828330884,132609209596068
WORK,B,26118,1894828333562,132609209596068,11
roots,meta,26117,1894828344157,0,1024
roots,meta,26117,1894828356250,0,814
WORK,E,26117,1894828359863,132609209739855
WORK,B,26117,1894828363133,132609209665925,11
WORK,E,26120,1894828438107,132609209665925
WORK,E,26113,1894828438967,132609209665925
WORK,B,26120,1894828440084,132609209665925,11
WORK,B,26113,1894828442592,132609209665925,11
WORK,E,26115,1894828516860,132609209596068
WORK,B,26115,1894828523895,132609209596068,11
WORK,E,26122,1894828533881,132609209665925
WORK,B,26122,1894828536005,132609209665925,11
WORK,E,26118,1894828552192,132609209596068
WORK,B,26118,1894828555504,132609209596068,11
WORK,E,26119,1894828633174,132609209665925
WORK,B,26119,1894828638958,132609209665925,11
WORK,E,26117,1894828665967,132609209665925
WORK,B,26117,1894828668231,132609209665925,11
WORK,E,26113,1894828671854,132609209665925
WORK,B,26113,1894828674270,132609209665925,11
WORK,E,26121,1894828698157,132609209665925
WORK,B,26121,1894828704670,132609209665925,11
WORK,E,26115,1894828781122,132609209596068
WORK,B,26115,1894828784786,132609209596068,11
WORK,E,26120,1894828796645,132609209665925
WORK,B,26120,1894828798962,132609209665925,11
WORK,E,26122,1894828814114,132609209665925
WORK,B,26122,1894828815911,132609209665925,11
WORK,E,26117,1894828866131,132609209665925
WORK,B,26117,1894828868095,132609209665925,11
WORK,E,26114,1894828888221,132609209665925
WORK,B,26114,1894828892475,132609209665925,11
WORK,E,26113,1894829064440,132609209665925
WORK,B,26113,1894829071289,132609209665925,11
WORK,E,26119,1894829080375,132609209665925
WORK,B,26119,1894829083935,132609209665925,11
WORK,E,26120,1894829092331,132609209665925
WORK,E,26122,1894829092331,132609209665925
WORK,B,26120,1894829094407,132609209665925,11
WORK,B,26122,1894829094422,132609209665925,11
WORK,E,26118,1894829100296,132609209596068
WORK,B,26118,1894829109957,132609209596068,11
WORK,E,26117,1894829180467,132609209665925
WORK,B,26117,1894829182425,132609209665925,11
WORK,E,26115,1894829274590,132609209596068
WORK,B,26115,1894829277369,132609209596068,11
WORK,E,26121,1894829299596,132609209665925
WORK,E,26118,1894829302068,132609209596068
WORK,B,26121,1894829303712,132609209665925,11
WORK,B,26118,1894829304894,132609209596068,11
WORK,E,26114,1894829321467,132609209665925
WORK,B,26114,1894829325070,132609209665925,11
WORK,E,26117,1894829334492,132609209665925
WORK,B,26117,1894829336556,132609209665925,11
WORK,E,26120,1894829431750,132609209665925
WORK,B,26120,1894829433663,132609209665925,11
WORK,E,26117,1894829451745,132609209665925
WORK,E,26113,1894829452126,132609209665925
WORK,B,26117,1894829453802,132609209665925,11
WORK,B,26113,1894829455723,132609209665925,11
WORK,E,26115,1894829488820,132609209596068
WORK,B,26115,1894829491085,132609209596068,11
WORK,E,26119,1894829543602,132609209665925
WORK,B,26119,1894829547825,132609209665925,11
WORK,E,26121,1894829640908,132609209665925
WORK,B,26121,1894829644807,132609209665925,11
WORK,E,26118,1894829661000,132609209596068
WORK,B,26118,1894829663308,132609209596068,11
WORK,E,26115,1894829683897,132609209596068
WORK,B,26115,1894829686142,132609209596068,11
WORK,E,26114,1894829743838,132609209665925
WORK,B,26114,1894829747250,132609209665925,11
WORK,E,26113,1894829804301,132609209665925
WORK,B,26113,1894829808438,132609209665925,11
WORK,E,26120,1894829861924,132609209665925
WORK,B,26120,1894829863898,132609209665925,11
WORK,E,26119,1894830033727,132609209665925
WORK,B,26119,1894830037162,132609209665925,11
WORK,E,26113,1894830072448,132609209665925
WORK,B,26113,1894830074720,132609209665925,11
WORK,E,26121,1894830170567,132609209665925
WORK,B,26121,1894830174857,132609209665925,11
WORK,E,26116,1894830192237,132609209596068
WORK,B,26116,1894830195431,132609209596068,11
WORK,E,26120,1894830220399,132609209665925
WORK,B,26120,1894830222360,132609209665925,11
WORK,E,26115,1894830299455,132609209596068
WORK,B,26115,1894830303063,132609209596068,11
WORK,E,26114,1894830306811,132609209665925
WORK,B,26114,1894830310938,132609209665925,11
WORK,E,26115,1894830387944,132609209596068
WORK,B,26115,1894830390245,132609209596068,11
WORK,E,26115,1894830401492,132609209596068
WORK,B,26115,1894830402599,132609209596068,11
WORK,E,26120,1894830471614,132609209665925
WORK,B,26120,1894830473414,132609209665925,11
WORK,E,26113,1894830475235,132609209665925
WORK,B,26113,1894830478511,132609209665925,11
WORK,E,26119,1894830496794,132609209665925
WORK,B,26119,1894830500004,132609209665925,11
WORK,E,26122,1894830584171,132609209665925
WORK,B,26122,1894830586765,132609209665925,11
WORK,E,26118,1894830675705,132609209596068
WORK,B,26118,1894830679874,132609209596068,11
WORK,E,26113,1894830776050,132609209665925
WORK,B,26113,1894830778621,132609209665925,11
WORK,E,26115,1894830780978,132609209596068
WORK,B,26115,1894830783359,132609209596068,11
WORK,E,26114,1894830796311,132609209665925
WORK,B,26114,1894830799848,132609209665925,11
WORK,E,26123,1894830810840,132609209665925
WORK,B,26123,1894830814151,132609209665925,11
WORK,E,26118,1894830875023,132609209596068
WORK,B,26118,1894830877424,132609209596068,11
WORK,E,26120,1894830894058,132609209665925
WORK,B,26120,1894830895897,132609209665925,11
WORK,E,26117,1894830986207,132609209665925
WORK,B,26117,1894830990725,132609209665925,11
WORK,E,26119,1894831022814,132609209665925
WORK,B,26119,1894831026502,132609209665925,11
WORK,E,26121,1894831056802,132609209665925
WORK,B,26121,1894831059971,132609209665925,11
WORK,E,26113,1894831127130,132609209665925
WORK,B,26113,1894831130423,132609209665925,11
WORK,E,26122,1894831134761,132609209665925
WORK,B,26122,1894831136948,132609209665925,11
WORK,E,26120,1894831155035,132609209665925
WORK,B,26120,1894831156900,132609209665925,11
WORK,E,26114,1894831223333,132609209665925
WORK,B,26114,1894831227812,132609209665925,11
WORK,E,26115,1894831282847,132609209596068
WORK,B,26115,1894831286519,132609209596068,11
WORK,E,26118,1894831359288,132609209596068
WORK,B,26118,1894831362776,132609209596068,11
WORK,E,26120,1894831416957,132609209665925
WORK,B,26120,1894831419170,132609209665925,11
WORK,E,26115,1894831437417,132609209596068
WORK,B,26115,1894831439890,132609209596068,11
WORK,E,26117,1894831485964,132609209665925
WORK,B,26117,1894831487840,132609209665925,11
WORK,E,26122,1894831510385,132609209665925
WORK,B,26122,1894831514334,132609209665925,11
WORK,E,26121,1894831582741,132609209665925
WORK,E,26113,1894831583437,132609209665925
WORK,B,26121,1894831586259,132609209665925,11
WORK,B,26113,1894831586734,132609209665925,11
WORK,E,26114,1894831598834,132609209665925
WORK,B,26114,1894831601171,132609209665925,11
WORK,E,26115,1894831770391,132609209596068
WORK,E,26118,1894831792914,132609209596068
WORK,B,26118,1894831796001,132609209596068,11
WORK,B,26115,1894831797394,132609209596068,11
WORK,E,26113,1894831926016,132609209665925
WORK,B,26113,1894831930506,132609209665925,11
WORK,E,26123,1894831941062,132609209665925
WORK,B,26123,1894831944312,132609209665925,11
WORK,E,26118,1894832004482,132609209596068
WORK,B,26118,1894832006961,132609209596068,11
WORK,E,26115,1894832082682,132609209596068
WORK,B,26115,1894832087223,132609209596068,11
WORK,E,26122,1894832087994,132609209665925
WORK,B,26122,1894832090390,132609209665925,11
WORK,E,26119,1894832092957,132609209665925
WORK,B,26119,1894832096163,132609209665925,11
WORK,E,26114,1894832210559,132609209665925
WORK,B,26114,1894832217800,132609209665925,11
WORK,E,26113,1894832226173,132609209665925
WORK,B,26113,1894832229758,132609209665925,11
WORK,E,26121,1894832253226,132609209665925
WORK,B,26121,1894832256428,132609209665925,11
WORK,E,26117,1894832418555,132609209665925
WORK,B,26117,1894832421078,132609209665925,11
WORK,E,26116,1894832426985,132609209596068
WORK,B,26116,1894832430984,132609209685392,13
WORK,E,26116,1894832433749,132609209685392
WORK,B,26116,1894832435108,132609209596068,11
WORK,E,26116,1894832440150,132609209596068
WORK,B,26116,1894832441284,132609209596068,11
WORK,E,26116,1894832447619,132609209596068
WORK,B,26116,1894832449433,132609209596068,11
WORK,E,26119,1894832547323,132609209665925
WORK,B,26119,1894832550505,132609209665925,11
WORK,E,26119,1894832570414,132609209665925
WORK,B,26119,1894832571531,132609209665925,11
WORK,E,26122,1894832658942,132609209665925
WORK,B,26122,1894832692911,132609209665925,11
WORK,E,26116,1894832753252,132609209596068
WORK,B,26116,1894832755420,132609209596068,11
WORK,E,26114,1894832775877,132609209665925
WORK,B,26114,1894832779986,132609209665925,11
WORK,E,26113,1894832786758,132609209665925
WORK,B,26113,1894832790831,132609209665925,11
WORK,E,26123,1894832805606,132609209665925
WORK,B,26123,1894832807987,132609209665925,11
WORK,E,26121,1894832838146,132609209665925
WORK,B,26121,1894832841473,132609209665925,11
WORK,E,26122,1894832894619,132609209665925
WORK,E,26120,1894832894925,132609209665925
WORK,B,26122,1894832896680,132609209665925,11
WORK,B,26120,1894832896938,132609209665925,11
WORK,E,26115,1894832934441,132609209596068
WORK,B,26115,1894832938535,132609209596068,11
WORK,E,26118,1894833063295,132609209596068
WORK,B,26118,1894833067649,132609209596068,11
WORK,E,26119,1894833070846,132609209665925
WORK,B,26119,1894833074303,132609209665925,11
WORK,E,26113,1894833110629,132609209665925
WORK,B,26113,1894833114143,132609209665925,11
WORK,E,26121,1894833121600,132609209665925
WORK,B,26121,1894833126877,132609209665925,11
WORK,E,26122,1894833151837,132609209665925
WORK,B,26122,1894833153737,132609209665925,11
WORK,E,26120,1894833210846,132609209665925
WORK,B,26120,1894833212504,132609209665925,11
WORK,E,26122,1894833305345,132609209665925
WORK,B,26122,1894833307348,132609209665925,11
WORK,E,26114,1894833321423,132609209665925
WORK,B,26114,1894833325992,132609209665925,11
WORK,E,26116,1894833400795,132609209596068
WORK,B,26116,1894833403447,132609209596068,11
WORK,E,26115,1894833426417,132609209596068
WORK,B,26115,1894833429520,132609209596068,11
WORK,E,26120,1894833459417,132609209665925
WORK,B,26120,1894833461298,132609209665925,11
WORK,E,26118,1894833492946,132609209596068
WORK,B,26118,1894833498221,132609209596068,11
WORK,E,26121,1894833515852,132609209665925
WORK,B,26121,1894833519239,132609209665925,11
WORK,E,26119,1894833557883,132609209665925
WORK,B,26119,1894833560586,132609209665925,11
WORK,E,26116,1894833587096,132609209596068
WORK,B,26116,1894833589192,132609209596068,11
WORK,E,26115,1894833620181,132609209596068
WORK,B,26115,1894833622463,132609209596068,11
WORK,E,26116,1894833631213,132609209596068
WORK,B,26116,1894833633193,132609209596068,11
WORK,E,26115,1894833686459,132609209596068
WORK,B,26115,1894833688792,132609209596068,11
WORK,E,26123,1894833722473,132609209665925
WORK,B,26123,1894833724934,132609209665925,11
WORK,E,26120,1894833727133,132609209665925
WORK,B,26120,1894833729705,132609209665925,11
WORK,E,26113,1894833796301,132609209665925
WORK,B,26113,1894833799881,132609209665925,11
WORK,E,26119,1894833886963,132609209665925
WORK,B,26119,1894833889108,132609209665925,11
WORK,E,26120,1894833890019,132609209665925
WORK,B,26120,1894833891921,132609209665925,11
WORK,E,26116,1894833959914,132609209596068
WORK,B,26116,1894833964512,132609209596068,11
WORK,E,26118,1894833967816,132609209596068
WORK,B,26118,1894833973480,132609209596068,11
WORK,E,26121,1894833975611,132609209665925
WORK,E,26122,1894833976365,132609209665925
WORK,B,26122,1894833978267,132609209665925,11
WORK,B,26121,1894833978917,132609209665925,11
WORK,E,26116,1894834034148,132609209596068
WORK,B,26116,1894834036336,132609209596068,11
WORK,E,26118,1894834072625,132609209596068
WORK,E,26116,1894834074465,132609209596068
WORK,B,26116,1894834076368,132609209596068,11
WORK,E,26123,1894834091902,132609209665925
WORK,B,26123,1894834094004,132609209665925,11
WORK,E,26120,1894834105386,132609209665925
WORK,B,26120,1894834107367,132609209665925,11
WORK,E,26113,1894834137247,132609209665925
WORK,B,26113,1894834140783,132609209665925,11
WORK,E,26122,1894834143728,132609209665925
WORK,B,26118,1894834144970,132609209665925,11
WORK,B,26122,1894834145615,132609209665925,11
WORK,E,26122,1894834295812,132609209665925
WORK,B,26122,1894834303782,132609209665925,11
WORK,E,26120,1894834333932,132609209665925
WORK,B,26120,1894834362147,132609209665925,11
WORK,E,26118,1894834440841,132609209665925
WORK,B,26118,1894834445815,132609209665925,11
WORK,E,26119,1894834494070,132609209665925
WORK,B,26119,1894834497939,132609209665925,11
WORK,E,26120,1894834588968,132609209665925
WORK,B,26120,1894834590998,132609209665925,11
WORK,E,26121,1894834594557,132609209665925
WORK,B,26121,1894834598726,132609209665925,11
WORK,E,26115,1894834703887,132609209596068
WORK,B,26115,1894834729829,132609209596068,11
WORK,E,26116,1894834789329,132609209596068
WORK,B,26116,1894834792138,132609209596068,11
WORK,E,26114,1894834877054,132609209665925
WORK,E,26120,1894834879816,132609209665925
WORK,B,26114,1894834881317,132609209665925,11
WORK,B,26120,1894834882650,132609209665925,11
WORK,E,26123,1894834926315,132609209665925
WORK,B,26123,1894834928284,132609209665925,11
WORK,E,26119,1894834987442,132609209665925
WORK,B,26119,1894834990177,132609209665925,11
WORK,E,26118,1894835014277,132609209665925
WORK,B,26118,1894835017516,132609209665925,11
WORK,E,26123,1894835136352,132609209665925
WORK,B,26123,1894835138419,132609209665925,11
WORK,E,26120,1894835170478,132609209665925
WORK,B,26120,1894835172391,132609209665925,11
WORK,E,26117,1894835282625,132609209665925
WORK,B,26117,1894835285163,132609209665925,11
WORK,E,26114,1894835285301,132609209665925
WORK,B,26114,1894835288662,132609209665925,11
WORK,E,26119,1894835351651,132609209665925
WORK,B,26119,1894835355204,132609209665925,11
WORK,E,26113,1894835357160,132609209665925
WORK,B,26113,1894835360836,132609209665925,11
WORK,E,26120,1894835396662,132609209665925
WORK,B,26120,1894835398675,132609209665925,11
WORK,E,26115,1894835410711,132609209596068
WORK,B,26115,1894835414536,132609209596068,11
WORK,E,26113,1894835634014,132609209665925
WORK,B,26113,1894835637390,132609209665925,11
WORK,E,26115,1894835728805,132609209596068
WORK,B,26115,1894835732139,132609209596068,11
WORK,E,26114,1894835749263,132609209665925
WORK,B,26114,1894835753492,132609209665925,11
WORK,E,26120,1894835830892,132609209665925
WORK,B,26120,1894835833668,132609209665925,11
WORK,E,26119,1894835854211,132609209665925
WORK,B,26119,1894835857585,132609209665925,11
WORK,E,26117,1894835919181,132609209665925
WORK,B,26117,1894835921053,132609209665925,11
WORK,E,26115,1894835934176,132609209596068
WORK,B,26115,1894835936900,132609209665925,11
WORK,E,26113,1894836058032,132609209665925
WORK,B,26113,1894836061384,132609209665925,11
WORK,E,26114,1894836081466,132609209665925
WORK,B,26114,1894836085536,132609209665925,11
WORK,E,26122,1894836108800,132609209665925
WORK,B,26122,1894836112388,132609209665925,11
WORK,E,26123,1894836112376,132609209665925
WORK,E,26117,1894836117301,132609209665925
WORK,B,26123,1894836117832,132609209665925,11
WORK,B,26117,1894836119690,132609209665925,11
WORK,E,26119,1894836130189,132609209665925
WORK,B,26119,1894836133430,132609209665925,11
WORK,E,26121,1894836319932,132609209665925
WORK,B,26121,1894836324613,132609209665925,11
WORK,E,26117,1894836344109,132609209665925
WORK,B,26117,1894836346101,132609209665925,11
WORK,E,26115,1894836365140,132609209665925
WORK,B,26115,1894836368552,132609209665925,11
WORK,E,26120,1894836394988,132609209665925
WORK,B,26120,1894836396867,132609209665925,11
WORK,E,26122,1894836442170,132609209665925
WORK,B,26122,1894836444514,132609209665925,11
WORK,E,26113,1894836505961,132609209665925
WORK,B,26113,1894836544819,132609209665925,11
WORK,E,26117,1894836597520,132609209665925
WORK,E,26120,1894836597534,132609209665925
WORK,B,26117,1894836599864,132609209665925,11
WORK,B,26120,1894836599863,132609209665925,11
WORK,E,26114,1894836608381,132609209665925
WORK,B,26114,1894836615466,132609209665925,11
WORK,E,26115,1894836629373,132609209665925
WORK,B,26115,1894836634753,132609209665925,11
WORK,E,26122,1894836697145,132609209665925
WORK,B,26122,1894836699616,132609209665925,11
WORK,E,26113,1894836794312,132609209665925
WORK,E,26123,1894836807577,132609209665925
WORK,B,26123,1894836810915,132609209665925,11
WORK,E,26116,1894836812566,132609209596068
WORK,B,26116,1894836817417,132609209596068,11
WORK,B,26113,1894836830667,132609209665925,11
WORK,E,26120,1894836888868,132609209665925
WORK,B,26120,1894836891148,132609209665925,11
WORK,E,26121,1894836915676,132609209665925
WORK,B,26121,1894836919277,132609209665925,11
WORK,E,26115,1894836920190,132609209665925
WORK,B,26115,1894836923505,132609209665925,11
WORK,E,26117,1894836950985,132609209665925
WORK,B,26117,1894836952963,132609209665925,11
WORK,E,26116,1894837094942,132609209596068
WORK,B,26116,1894837097156,132609209596068,11
WORK,E,26120,1894837101811,132609209665925
WORK,B,26120,1894837103727,132609209665925,11
WORK,E,26116,1894837120825,132609209596068
WORK,B,26116,1894837122390,132609209665925,11
WORK,E,26123,1894837134272,132609209665925
WORK,E,26117,1894837137621,132609209665925
WORK,B,26123,1894837138182,132609209665925,11
WORK,B,26117,1894837139481,132609209665925,11
WORK,E,26114,1894837170975,132609209665925
WORK,B,26114,1894837173701,132609209665925,11
WORK,E,26115,1894837207465,132609209665925
WORK,B,26115,1894837211098,132609209665925,11
WORK,E,26122,1894837277041,132609209665925
WORK,B,26122,1894837279159,132609209665925,11
WORK,E,26113,1894837306625,132609209665925
WORK,B,26113,1894837309718,132609209665925,11
WORK,E,26119,1894837332486,132609209665925
WORK,E,26120,1894837335701,132609209665925
WORK,B,26119,1894837335913,132609209665925,11
WORK,B,26120,1894837339237,132609209665925,11
WORK,E,26116,1894837426530,132609209665925
WORK,B,26116,1894837428732,132609209665925,11
WORK,E,26122,1894837459317,132609209665925
WORK,B,26122,1894837468763,132609209665925,11
WORK,E,26113,1894837544817,132609209665925
WORK,B,26113,1894837548458,132609209665925,11
WORK,E,26120,1894837551783,132609209665925
WORK,B,26120,1894837554876,132609209665925,11
WORK,E,26114,1894837599214,132609209665925
WORK,B,26114,1894837603511,132609209665925,11
WORK,E,26122,1894837637457,132609209665925
WORK,B,26122,1894837639298,132609209665925,11
WORK,E,26115,1894837709317,132609209665925
WORK,B,26115,1894837712681,132609209665925,11
WORK,E,26119,1894837743136,132609209665925
WORK,B,26119,1894837746790,132609209665925,11
WORK,E,26117,1894837784613,132609209665925
WORK,B,26117,1894837786943,132609209665925,11
WORK,E,26120,1894837787166,132609209665925
WORK,B,26120,1894837788747,132609209665925,11
WORK,E,26122,1894837887571,132609209665925
WORK,B,26122,1894837889791,132609209665925,11
WORK,E,26123,1894837935841,132609209665925
WORK,B,26123,1894837942639,132609209665925,11
WORK,E,26115,1894837966729,132609209665925
WORK,B,26115,1894837969914,132609209665925,11
WORK,E,26115,1894837973302,132609209665925
WORK,B,26115,1894837974445,132609209665925,11
WORK,E,26117,1894837993786,132609209665925
WORK,B,26117,1894837995713,132609209665925,11
WORK,E,26113,1894838006357,132609209665925
WORK,B,26113,1894838009571,132609209665925,11
WORK,E,26122,1894838044606,132609209665925
WORK,B,26122,1894838046510,132609209665925,11
WORK,E,26118,1894838065623,132609209665925
WORK,B,26118,1894838069670,132609209665925,11
WORK,E,26114,1894838095302,132609209665925
WORK,B,26114,1894838097547,132609209665925,11
WORK,E,26113,1894838122437,132609209665925
WORK,B,26113,1894838124649,132609209665925,11
WORK,E,26115,1894838175445,132609209665925
WORK,B,26115,1894838177708,132609209665925,11
WORK,E,26116,1894838211012,132609209665925
WORK,B,26116,1894838213256,132609209665925,11
WORK,E,26119,1894838241557,132609209665925
WORK,B,26119,1894838244833,132609209665925,11
WORK,E,26118,1894838287066,132609209665925
WORK,B,26118,1894838292579,132609209665925,11
WORK,E,26120,1894838337760,132609209665925
WORK,B,26120,1894838339899,132609209665925,11
WORK,E,26122,1894838341966,132609209665925
WORK,B,26122,1894838343843,132609209665925,11
WORK,E,26117,1894838378924,132609209665925
WORK,B,26117,1894838380949,132609209665925,11
WORK,E,26115,1894838422507,132609209665925
WORK,B,26115,1894838425945,132609209665925,11
WORK,E,26118,1894838465917,132609209665925
WORK,B,26118,1894838468760,132609209665925,11
WORK,E,26116,1894838478193,132609209665925
WORK,B,26116,1894838480317,132609209665925,11
WORK,E,26121,1894838487423,132609209665925
WORK,B,26121,1894838491069,132609209665925,11
WORK,E,26119,1894838534158,132609209665925
WORK,B,26119,1894838538031,132609209665925,11
WORK,E,26117,1894838538091,132609209665925
WORK,B,26117,1894838539914,132609209665925,11
WORK,E,26120,1894838579337,132609209665925
WORK,B,26120,1894838581415,132609209665925,11
WORK,E,26123,1894838696727,132609209665925
WORK,E,26118,1894838699583,132609209665925
WORK,B,26123,1894838701346,132609209665925,11
WORK,B,26118,1894838703205,132609209665925,11
WORK,E,26116,1894838741759,132609209665925
WORK,B,26116,1894838744041,132609209665925,11
WORK,E,26121,1894838792039,132609209665925
WORK,B,26121,1894838794512,132609209665925,11
WORK,E,26120,1894838806783,132609209665925
WORK,B,26120,1894838808649,132609209665925,11
WORK,E,26115,1894838847748,132609209665925
WORK,B,26115,1894838851248,132609209665925,11
WORK,E,26118,1894838934529,132609209665925
WORK,B,26118,1894838938137,132609209665925,11
WORK,E,26120,1894839018092,132609209665925
WORK,E,26116,1894839018484,132609209665925
WORK,B,26120,1894839020657,132609209665925,11
WORK,B,26116,1894839020874,132609209665925,11
WORK,E,26118,1894839158537,132609209665925
WORK,B,26118,1894839162208,132609209665925,11
WORK,E,26113,1894839169974,132609209665925
WORK,B,26113,1894839174042,132609209665925,11
WORK,E,26120,1894839212131,132609209665925
WORK,E,26116,1894839212685,132609209665925
WORK,B,26120,1894839214234,132609209665925,11
WORK,B,26116,1894839215043,132609209665925,11
WORK,E,26121,1894839218122,132609209665925
WORK,B,26121,1894839224535,132609209665925,11
WORK,E,26115,1894839259194,132609209665925
WORK,B,26115,1894839262688,132609209665925,11
WORK,E,26116,1894839271112,132609209665925
WORK,B,26116,1894839272941,132609209665925,11
WORK,E,26116,1894839275794,132609209665925
WORK,B,26116,1894839276843,132609209665925,11
WORK,E,26118,1894839327762,132609209665925
WORK,B,26118,1894839329971,132609209665925,11
WORK,E,26116,1894839377436,132609209665925
WORK,B,26116,1894839379404,132609209665925,11
WORK,E,26123,1894839381733,132609209665925
WORK,B,26123,1894839385243,132609209665925,11
WORK,E,26115,1894839529624,132609209665925
WORK,E,26116,1894839532449,132609209665925
WORK,B,26115,1894839532966,132609209665925,11
WORK,B,26116,1894839534276,132609209665925,11
WORK,E,26122,1894839562662,132609209665925
WORK,B,26122,1894839564831,132609209665925,11
WORK,E,26113,1894839573252,132609209665925
WORK,B,26113,1894839576081,132609209665925,11
WORK,E,26114,1894839605085,132609209665925
WORK,B,26114,1894839608759,132609209665925,11
WORK,E,26120,1894839622815,132609209665925
WORK,B,26120,1894839624918,132609209665925,11
WORK,E,26115,1894839684373,132609209665925
WORK,B,26115,1894839686602,132609209665925,11
WORK,E,26116,1894839688243,132609209665925
WORK,B,26116,1894839690199,132609209665925,11
WORK,E,26121,1894839690220,132609209665925
WORK,B,26121,1894839693625,132609209665925,11
WORK,E,26117,1894839735922,132609209665925
WORK,B,26117,1894839738713,132609209665925,11
WORK,E,26113,1894839985723,132609209665925
WORK,B,26113,1894839989548,132609209665925,11
WORK,E,26121,1894840136249,132609209665925
WORK,E,26116,1894840138827,132609209665925
WORK,B,26121,1894840139999,132609209665925,11
WORK,B,26116,1894840141331,132609209665925,11
WORK,E,26118,1894840221843,132609209665925
WORK,B,26118,1894840225265,132609209665925,11
WORK,E,26123,1894840226283,132609209665925
WORK,B,26123,1894840229468,132609209665925,11
WORK,E,26120,1894840242772,132609209665925
WORK,B,26120,1894840245042,132609209665925,11
WORK,E,26116,1894840286039,132609209665925
WORK,B,26116,1894840287873,132609209665925,11
WORK,E,26115,1894840334911,132609209665925
WORK,B,26115,1894840337606,132609209665925,11
WORK,E,26119,1894840471873,132609209665925
WORK,B,26119,1894840480249,132609209665925,11
WORK,E,26120,1894840488455,132609209665925
WORK,B,26120,1894840490523,132609209665925,11
WORK,E,26116,1894840496519,132609209665925
WORK,B,26116,1894840501046,132609209678144,23
WORK,E,26118,1894840535191,132609209665925
WORK,B,26118,1894840538701,132609209665925,11
WORK,E,26122,1894840575186,132609209665925
WORK,B,26122,1894840577659,132609209665925,11
WORK,E,26117,1894840590223,132609209665925
WORK,B,26117,1894840592258,132609209665925,11
WORK,E,26114,1894840605851,132609209665925
WORK,B,26114,1894840609072,132609209665925,11
WORK,E,26113,1894840692396,132609209665925
WORK,B,26113,1894840695947,132609209665925,11
WORK,E,26116,1894840737324,132609209678144
WORK,B,26116,1894840739575,132609209678144,23
WORK,E,26121,1894840878670,132609209665925
WORK,E,26123,1894840881876,132609209665925
WORK,B,26121,1894840882484,132609209665925,11
WORK,B,26123,1894840885060,132609209665925,11
WORK,E,26120,1894840933302,132609209665925
WORK,E,26115,1894840934602,132609209665925
WORK,B,26120,1894840935597,132609209665925,11
WORK,B,26115,1894840937892,132609209665925,11
WORK,E,26114,1894840939978,132609209665925
WORK,E,26116,1894840941185,132609209678144
WORK,B,26114,1894840942303,132609209665925,11
WORK,B,26116,1894840943129,132609209678144,23
WORK,E,26116,1894840954199,132609209678144
WORK,B,26116,1894840955289,132609209678144,23
WORK,E,26116,1894841135637,132609209678144
WORK,B,26116,1894841137415,132609209678144,23
WORK,E,26122,1894841183673,132609209665925
WORK,B,26122,1894841185354,132609209665925,11
WORK,E,26120,1894841221179,132609209665925
WORK,B,26120,1894841223748,132609209665925,11
WORK,E,26121,1894841244114,132609209665925
WORK,B,26121,1894841248790,132609209678144,23
WORK,E,26116,1894841267774,132609209678144
WORK,B,26116,1894841269542,132609209678144,23
WORK,E,26119,1894841273208,132609209665925
WORK,B,26119,1894841276401,132609209665925,11
WORK,E,26115,1894841374645,132609209665925
WORK,B,26115,1894841376906,132609209665925,11
WORK,E,26117,1894841376937,132609209665925
WORK,E,26122,1894841378978,132609209665925
WORK,B,26117,1894841379214,132609209665925,11
WORK,B,26122,1894841381168,132609209665925,11
WORK,E,26113,1894841386565,132609209665925
WORK,B,26113,1894841389903,132609209665925,11
WORK,E,26116,1894841425931,132609209678144
WORK,B,26116,1894841428091,132609209678144,23
WORK,E,26114,1894841472210,132609209665925
WORK,B,26114,1894841475934,132609209665925,11
WORK,E,26119,1894841477774,132609209665925
WORK,B,26119,1894841481280,132609209665925,11
WORK,E,26122,1894841524088,132609209665925
WORK,B,26122,1894841525947,132609209665925,11
WORK,E,26116,1894841590058,132609209678144
WORK,B,26116,1894841592556,132609209678144,23
WORK,E,26119,1894841612630,132609209665925
WORK,B,26119,1894841616660,132609209678144,23
WORK,E,26122,1894841649777,132609209665925
WORK,B,26122,1894841651638,132609209665925,11
WORK,E,26113,1894841667489,132609209665925
WORK,B,26113,1894841670395,132609209665925,11
WORK,E,26119,1894841675894,132609209678144
WORK,B,26119,1894841679137,132609209678144,23
WORK,E,26114,1894841715209,132609209665925
WORK,B,26114,1894841718959,132609209665925,11
WORK,E,26116,1894841760278,132609209678144
WORK,E,26122,1894841761042,132609209665925
WORK,B,26116,1894841762403,132609209678144,23
WORK,B,26122,1894841762598,132609209665925,11
WORK,E,26123,1894841776794,132609209665925
WORK,B,26123,1894841781017,132609209665925,11
WORK,E,26122,1894841874170,132609209665925
WORK,B,26122,1894841876014,132609209665925,11
WORK,E,26116,1894841922625,132609209678144
WORK,B,26116,1894841924423,132609209678144,23
WORK,E,26122,1894841992052,132609209665925
WORK,B,26122,1894841993769,132609209665925,11
WORK,E,26116,1894842063593,132609209678144
WORK,B,26116,1894842065366,132609209678144,23
WORK,E,26122,1894842081617,132609209665925
WORK,B,26122,1894842083374,132609209665925,11
WORK,E,26120,1894842123231,132609209665925
WORK,B,26120,1894842125597,132609209665925,11
WORK,E,26123,1894842142806,132609209665925
WORK,B,26123,1894842146500,132609209665925,11
WORK,E,26122,1894842173210,132609209665925
WORK,B,26122,1894842174900,132609209665925,11
WORK,E,26115,1894842187960,132609209665925
WORK,B,26115,1894842192651,132609209678144,23
WORK,E,26113,1894842194179,132609209665925
WORK,B,26113,1894842197338,132609209665925,11
WORK,E,26116,1894842212321,132609209678144
WORK,B,26116,1894842214338,132609209678144,23
WORK,E,26121,1894842221556,132609209678144
WORK,B,26121,1894842224818,132609209678144,23
WORK,E,26117,1894842255950,132609209665925
WORK,E,26121,1894842255964,132609209678144
WORK,B,26117,1894842260007,132609209665925,11
WORK,B,26121,1894842260808,132609209678144,23
WORK,E,26122,1894842275301,132609209665925
WORK,B,26122,1894842279021,132609209665925,11
WORK,E,26115,1894842293135,132609209678144
WORK,B,26115,1894842295421,132609209678144,23
WORK,E,26122,1894842336940,132609209665925
WORK,B,26122,1894842338708,132609209665925,11
WORK,E,26116,1894842353955,132609209678144
WORK,B,26116,1894842355676,132609209678144,23
WORK,E,26120,1894842375690,132609209665925
WORK,B,26120,1894842377854,132609209665925,11
WORK,E,26122,1894842429075,132609209665925
WORK,B,26122,1894842431120,132609209665925,11
WORK,E,26116,1894842516495,132609209678144
WORK,B,26116,1894842527175,132609209678144,23
WORK,E,26113,1894842560378,132609209665925
WORK,B,26113,1894842605690,132609209665925,11
WORK,E,26120,1894842625559,132609209665925
WORK,B,26120,1894842627923,132609209665925,11
WORK,E,26116,1894842677218,132609209678144
WORK,B,26116,1894842682747,132609209678144,23
WORK,E,26116,1894842818097,132609209678144
WORK,B,26116,1894842847290,132609209678144,23
WORK,E,26116,1894842850839,132609209678144
WORK,B,26116,1894842852009,132609209678144,23
WORK,E,26122,1894842858829,132609209665925
WORK,E,26118,1894842882814,132609209665925
WORK,B,26118,1894842890371,132609209665925,11
WORK,E,26113,1894842901148,132609209665925
WORK,B,26113,1894842911338,132609209665925,11
WORK,E,26115,1894842915673,132609209678144
WORK,B,26115,1894842919065,132609209678144,23
WORK,E,26117,1894842948878,132609209665925
WORK,B,26117,1894842972924,132609209665925,11
WORK,E,26114,1894842982376,132609209665925
WORK,E,26115,1894842984987,132609209678144
WORK,B,26114,1894842986195,132609209665925,11
WORK,B,26122,1894842986514,132609209665925,11
WORK,B,26115,1894842987523,132609209678144,23
WORK,E,26116,1894843015462,132609209678144
WORK,B,26116,1894843017438,132609209678144,23
WORK,E,26116,1894843020756,132609209678144
WORK,B,26116,1894843021920,132609209678144,23
WORK,E,26116,1894843025307,132609209678144
WORK,B,26116,1894843026477,132609209678144,23
WORK,E,26116,1894843028067,132609209678144
WORK,B,26116,1894843029272,132609209678144,23
WORK,E,26116,1894843042600,132609209678144
WORK,B,26116,1894843043735,132609209678144,23
WORK,E,26116,1894843045351,132609209678144
WORK,B,26116,1894843046352,132609209678144,23
WORK,E,26116,1894843047985,132609209678144
WORK,B,26116,1894843049012,132609209678144,23
WORK,E,26116,1894843051852,132609209678144
WORK,B,26116,1894843052867,132609209678144,23
WORK,E,26116,1894843059040,132609209678144
WORK,B,26116,1894843059973,132609209678144,23
WORK,E,26116,1894843065353,132609209678144
WORK,B,26116,1894843066380,132609209678144,23
WORK,E,26122,1894843110876,132609209665925
WORK,B,26122,1894843132669,132609209665925,11
WORK,E,26113,1894843151918,132609209665925
WORK,E,26115,1894843154030,132609209678144
WORK,B,26113,1894843155264,132609209665925,11
WORK,B,26115,1894843157553,132609209678144,23
WORK,E,26122,1894843185197,132609209665925
WORK,B,26122,1894843191143,132609209665925,11
WORK,E,26115,1894843207577,132609209678144
WORK,B,26115,1894843209915,132609209678144,23
WORK,E,26122,1894843256272,132609209665925
WORK,E,26115,1894843268631,132609209678144
WORK,B,26115,1894843270742,132609209678144,23
WORK,B,26122,1894843276907,132609209678144,23
WORK,E,26122,1894843333190,132609209678144
WORK,B,26122,1894843352881,132609209678144,23
WORK,E,26116,1894843352899,132609209678144
WORK,B,26116,1894843354788,132609209678144,23
WORK,E,26116,1894843372505,132609209678144
WORK,B,26116,1894843374180,132609209678144,23
WORK,E,26122,1894843394541,132609209678144
WORK,B,26122,1894843397837,132609209665925,11
WORK,E,26115,1894843411459,132609209678144
WORK,E,26113,1894843432409,132609209665925
WORK,B,26113,1894843436976,132609209665925,11
WORK,B,26115,1894843449173,132609209678144,23
WORK,E,26114,1894843534801,132609209665925
WORK,B,26114,1894843548234,132609209665925,11
WORK,E,26115,1894843598289,132609209678144
WORK,B,26115,1894843639255,132609209665925,11
WORK,E,26119,1894843685132,132609209678144
WORK,E,26120,1894843709626,132609209665925
WORK,B,26120,1894843713878,132609209665925,11
WORK,E,26122,1894843872108,132609209665925
WORK,B,26122,1894843875454,132609209665925,11
WORK,B,26119,1894843890033,132609209678144,23
WORK,E,26113,1894843941387,132609209665925
WORK,B,26113,1894843946622,132609209665925,11
WORK,E,26119,1894843963585,132609209678144
WORK,B,26119,1894843966768,132609209678144,23
WORK,E,26120,1894843986277,132609209665925
WORK,B,26120,1894843988192,132609209665925,11
WORK,E,26119,1894844031549,132609209678144
WORK,B,26119,1894844034815,132609209678144,23
WORK,E,26117,1894844037557,132609209665925
WORK,B,26117,1894844039664,132609209665925,11
WORK,E,26115,1894844043193,132609209665925
WORK,B,26115,1894844045722,132609209665925,11
WORK,E,26119,1894844084208,132609209678144
WORK,B,26119,1894844085598,132609209678144,23
WORK,E,26119,1894844134677,132609209678144
WORK,B,26119,1894844136745,132609209678144,23
WORK,E,26119,1894844206071,132609209678144
WORK,B,26119,1894844209132,132609209678144,23
WORK,E,26119,1894844249453,132609209678144
WORK,B,26119,1894844250669,132609209678144,23
WORK,E,26118,1894844253339,132609209665925
WORK,B,26118,1894844256689,132609209665925,11
WORK,E,26114,1894844269904,132609209665925
WORK,B,26114,1894844272953,132609209665925,11
WORK,E,26120,1894844297494,132609209665925
WORK,B,26120,1894844300067,132609209665925,11
WORK,E,26119,1894844319407,132609209678144
WORK,B,26119,1894844321669,132609209678144,23
WORK,E,26113,1894844346591,132609209665925
WORK,B,26113,1894844350702,132609209665925,11
WORK,E,26119,1894844381148,132609209678144
WORK,B,26119,1894844384917,132609209678144,23
WORK,E,26119,1894844477680,132609209678144
WORK,B,26119,1894844480629,132609209678144,23
WORK,E,26115,1894844488478,132609209665925
WORK,B,26115,1894844493190,132609209678144,23
WORK,E,26114,1894844595139,132609209665925
WORK,B,26114,1894844598625,132609209678144,23
WORK,E,26120,1894844621189,132609209665925
WORK,B,26120,1894844623488,132609209665925,11
WORK,E,26114,1894844634702,132609209678144
WORK,B,26114,1894844638190,132609209665925,11
WORK,E,26113,1894844694932,132609209665925
WORK,B,26113,1894844699067,132609209665925,11
WORK,E,26117,1894844802882,132609209665925
WORK,B,26117,1894844804937,132609209665925,11
WORK,E,26116,1894844824645,132609209678144
WORK,B,26116,1894844827780,132609209665925,11
WORK,E,26115,1894844838554,132609209678144
WORK,B,26115,1894844842449,132609209665925,11
WORK,E,26120,1894844878771,132609209665925
WORK,B,26120,1894844880970,132609209665925,11
WORK,E,26113,1894844962093,132609209665925
WORK,B,26113,1894844965272,132609209665925,11
WORK,E,26119,1894845005590,132609209678144
WORK,B,26119,1894845009744,132609209665925,11
WORK,E,26121,1894845060760,132609209678144
WORK,B,26121,1894845064806,132609209678144,23
WORK,E,26120,1894845071792,132609209665925
WORK,B,26120,1894845073869,132609209665925,11
WORK,E,26121,1894845085553,132609209678144
WORK,B,26121,1894845086917,132609209678144,23
WORK,E,26114,1894845097577,132609209665925
WORK,B,26114,1894845100795,132609209665925,11
WORK,E,26121,1894845104018,132609209678144
WORK,B,26121,1894845105366,132609209678144,23
WORK,E,26118,1894845105415,132609209665925
WORK,B,26118,1894845108999,132609209665925,11
WORK,E,26121,1894845146793,132609209678144
WORK,B,26121,1894845148106,132609209678144,23
WORK,E,26115,1894845275228,132609209665925
WORK,B,26115,1894845279661,132609209665925,11
WORK,E,26118,1894845342382,132609209665925
WORK,B,26118,1894845345028,132609209665925,11
WORK,E,26115,1894845498116,132609209665925
WORK,B,26115,1894845501276,132609209665925,11
WORK,E,26120,1894845548527,132609209665925
WORK,B,26120,1894845551046,132609209665925,11
WORK,E,26117,1894845708138,132609209665925
WORK,B,26117,1894845711043,132609209665925,11
WORK,E,26115,1894845827645,132609209665925
WORK,B,26115,1894845833472,132609209665925,11
WORK,E,26118,1894845841639,132609209665925
WORK,B,26118,1894845864702,132609209665925,11
WORK,E,26117,1894845965637,132609209665925
WORK,B,26117,1894845967692,132609209665925,11
WORK,E,26113,1894845983492,132609209665925
WORK,B,26113,1894846009296,132609209665925,11
WORK,E,26120,1894846144999,132609209665925
WORK,B,26120,1894846147075,132609209665925,11
WORK,E,26117,1894846261906,132609209665925
WORK,B,26117,1894846263706,132609209665925,11
WORK,E,26115,1894846281299,132609209665925
WORK,B,26115,1894846285463,132609209665925,11
WORK,E,26114,1894846356025,132609209665925
WORK,E,26121,1894846356031,132609209678144
WORK,B,26114,1894846360220,132609209665925,11
WORK,B,26121,1894846360660,132609209678144,23
WORK,E,26121,1894846369820,132609209678144
WORK,B,26121,1894846371101,132609209678144,23
WORK,E,26121,1894846379929,132609209678144
WORK,B,26121,1894846381842,132609209678144,23
WORK,E,26117,1894846452492,132609209665925
WORK,B,26117,1894846454546,132609209665925,11
WORK,E,26118,1894846484258,132609209665925
WORK,B,26118,1894846487264,132609209665925,11
WORK,E,26119,1894846557093,132609209665925
WORK,E,26115,1894846558459,132609209665925
WORK,B,26119,1894846561732,132609209665925,11
WORK,B,26115,1894846561757,132609209665925,11
WORK,E,26121,1894846586131,132609209678144
WORK,B,26121,1894846588540,132609209678144,23
WORK,E,26121,1894846620772,132609209678144
WORK,B,26121,1894846622876,132609209678144,23
WORK,E,26117,1894846662620,132609209665925
WORK,B,26117,1894846664568,132609209665925,11
WORK,E,26121,1894846679866,132609209678144
WORK,B,26121,1894846682234,132609209678144,23
WORK,E,26121,1894846732469,132609209678144
WORK,B,26121,1894846734490,132609209678144,23
WORK,E,26121,1894846809839,132609209678144
WORK,B,26121,1894846812188,132609209678144,23
WORK,E,26120,1894846815805,132609209665925
WORK,B,26120,1894846818255,132609209665925,11
WORK,E,26121,1894846866258,132609209678144
WORK,B,26121,1894846871156,132609209678144,23
WORK,E,26121,1894846927879,132609209678144
WORK,B,26121,1894846930215,132609209678144,23
WORK,E,26121,1894846988150,132609209678144
WORK,B,26121,1894846994402,132609209665925,11
WORK,E,26113,1894847148575,132609209665925
WORK,E,26117,1894847148532,132609209665925
WORK,B,26117,1894847154683,132609209665925,11
WORK,B,26113,1894847154720,132609209665925,11
WORK,E,26114,1894847204069,132609209665925
WORK,B,26114,1894847208208,132609209665925,11
WORK,E,26116,1894847337724,132609209665925
WORK,B,26116,1894847340238,132609209665925,11
WORK,E,26118,1894847348718,132609209665925
WORK,B,26118,1894847355020,132609209665925,11
WORK,E,26120,1894847519158,132609209665925
WORK,B,26120,1894847522523,132609209665925,11
WORK,E,26115,1894847600073,132609209665925
WORK,B,26115,1894847604511,132609209665925,11
WORK,E,26117,1894847616504,132609209665925
WORK,B,26117,1894847618480,132609209665925,11
WORK,E,26116,1894847713292,132609209665925
WORK,B,26116,1894847715171,132609209665925,11
WORK,E,26119,1894847778675,132609209665925
WORK,B,26119,1894847783190,132609209665925,11
WORK,E,26117,1894848019545,132609209665925
WORK,B,26117,1894848021560,132609209665925,11
WORK,E,26114,1894848032778,132609209665925
WORK,B,26114,1894848036734,132609209665925,11
WORK,E,26120,1894848165589,132609209665925
WORK,B,26120,1894848173353,132609209665925,11
WORK,E,26121,1894848214727,132609209665925
WORK,B,26121,1894848221705,132609209665925,11
WORK,E,26122,1894848269233,132609209665925
WORK,E,26123,1894848271289,132609209665925
WORK,B,26122,1894848272799,132609209665925,11
WORK,B,26123,1894848276092,132609209665925,11
WORK,E,26115,1894848388436,132609209665925
WORK,B,26115,1894848393543,132609209665925,11
WORK,E,26123,1894848476845,132609209665925
WORK,B,26123,1894848479387,132609209665925,11
WORK,E,26122,1894848538394,132609209665925
WORK,B,26122,1894848543608,132609209665925,11
WORK,E,26117,1894848651000,132609209665925
WORK,B,26117,1894848653565,132609209665925,11
WORK,E,26117,1894848771694,132609209665925
WORK,B,26117,1894848773578,132609209665925,11
WORK,E,26119,1894848889067,132609209665925
WORK,B,26119,1894848905795,132609209665925,11
WORK,E,26115,1894848958743,132609209665925
WORK,B,26115,1894848962607,132609209665925,11
WORK,E,26122,1894848996850,132609209665925
WORK,B,26122,1894849000178,132609209665925,11
WORK,E,26117,1894849028458,132609209665925
WORK,B,26117,1894849030401,132609209665925,11
WORK,E,26123,1894849086773,132609209665925
WORK,B,26123,1894849092777,132609209665925,11
WORK,E,26117,1894849116844,132609209665925
WORK,B,26117,1894849118769,132609209665925,11
WORK,E,26122,1894849132357,132609209665925
WORK,B,26122,1894849136286,132609209665925,11
WORK,E,26117,1894849241780,132609209665925
WORK,B,26117,1894849243563,132609209665925,11
WORK,E,26116,1894849371587,132609209665925
WORK,B,26116,1894849373765,132609209665925,11
WORK,E,26114,1894849434974,132609209665925
WORK,B,26114,1894849442994,132609209665925,11
WORK,E,26123,1894849471956,132609209665925
WORK,B,26123,1894849474366,132609209665925,11
WORK,E,26121,1894849669014,132609209665925
WORK,E,26115,1894849686449,132609209665925
WORK,B,26115,1894849690978,132609209665925,11
WORK,E,26117,1894849696180,132609209665925
WORK,B,26117,1894849698501,132609209665925,11
WORK,B,26121,1894849702913,132609209665925,11
WORK,E,26123,1894849803114,132609209665925
WORK,B,26123,1894849806959,132609209665925,11
WORK,E,26119,1894849859269,132609209665925
WORK,B,26119,1894849866382,132609209665925,11
WORK,E,26120,1894850024194,132609209665925
WORK,B,26120,1894850029297,132609209665925,11
WORK,E,26123,1894850065325,132609209665925
WORK,B,26123,1894850067959,132609209665925,11
WORK,E,26117,1894850169813,132609209665925
WORK,B,26117,1894850172769,132609209665925,11
WORK,E,26123,1894850346053,132609209665925
WORK,B,26123,1894850348364,132609209665925,11
WORK,E,26116,1894850491104,132609209665925
WORK,B,26116,1894850493600,132609209665925,11
WORK,E,26117,1894850497048,132609209665925
WORK,B,26117,1894850498957,132609209665925,11
WORK,E,26113,1894850545835,132609209665925
WORK,E,26121,1894850548407,132609209665925
WORK,B,26113,1894850550596,132609209665925,11
WORK,B,26121,1894850552112,132609209665925,11
WORK,E,26119,1894850589053,132609209665925
WORK,B,26119,1894850593034,132609209665925,11
WORK,E,26114,1894850695040,132609209665925
WORK,B,26114,1894850700513,132609209665925,11
WORK,E,26120,1894850734830,132609209665925
WORK,E,26122,1894850734832,132609209665925
WORK,B,26120,1894850737443,132609209665925,11
WORK,B,26122,1894850738915,132609209665925,11
WORK,E,26117,1894850803628,132609209665925
WORK,B,26117,1894850805815,132609209665925,11
WORK,E,26123,1894851050661,132609209665925
WORK,B,26123,1894851055126,132609209665925,11
WORK,E,26118,1894851089743,132609209665925
WORK,B,26118,1894851093731,132609209665925,11
WORK,E,26116,1894851107970,132609209665925
WORK,E,26122,1894851111023,132609209665925
WORK,B,26116,1894851112097,132609209665925,11
WORK,B,26122,1894851113574,132609209665925,11
WORK,E,26117,1894851175582,132609209665925
WORK,B,26117,1894851178039,132609209665925,11
WORK,E,26115,1894851227812,132609209665925
WORK,B,26115,1894851236058,132609209665925,11
WORK,E,26120,1894851265600,132609209665925
WORK,B,26120,1894851267564,132609209665925,11
WORK,E,26122,1894851287594,132609209665925
WORK,B,26122,1894851289521,132609209665925,11
WORK,E,26117,1894851409685,132609209665925
WORK,B,26117,1894851411782,132609209665925,11
WORK,E,26117,1894851562553,132609209665925
WORK,B,26117,1894851566978,132609209665925,11
WORK,E,26116,1894851616218,132609209665925
WORK,B,26116,1894851618821,132609209665925,11
WORK,E,26119,1894851635834,132609209665925
WORK,B,26119,1894851640130,132609209665925,11
WORK,E,26113,1894851747260,132609209665925
WORK,B,26113,1894851754448,132609209665925,11
WORK,E,26117,1894851811789,132609209665925
WORK,B,26117,1894851813756,132609209665925,11
WORK,E,26114,1894851833360,132609209665925
WORK,B,26114,1894851839203,132609209665925,11
WORK,E,26120,1894851911552,132609209665925
WORK,B,26120,1894851914989,132609209665925,11
WORK,E,26122,1894851940117,132609209665925
WORK,B,26122,1894851942769,132609209665925,11
WORK,E,26113,1894852006605,132609209665925
WORK,B,26113,1894852011122,132609209665925,11
WORK,E,26115,1894852029582,132609209665925
WORK,B,26115,1894852034385,132609209665925,11
WORK,E,26121,1894852040866,132609209665925
WORK,B,26121,1894852044541,132609209665925,11
WORK,E,26117,1894852085155,132609209665925
WORK,E,26116,1894852085156,132609209665925
WORK,B,26116,1894852087714,132609209665925,11
WORK,B,26117,1894852088123,132609209665925,11
WORK,E,26122,1894852166840,132609209665925
WORK,B,26122,1894852168727,132609209665925,11
WORK,E,26120,1894852241049,132609209665925
WORK,B,26120,1894852243462,132609209665925,11
WORK,E,26114,1894852245167,132609209665925
WORK,B,26114,1894852255415,132609209665925,11
WORK,E,26117,1894852275540,132609209665925
WORK,B,26117,1894852277684,132609209665925,11
WORK,E,26118,1894852299694,132609209665925
WORK,B,26118,1894852305778,132609209665925,11
WORK,E,26121,1894852333133,132609209665925
WORK,B,26121,1894852337186,132609209665925,11
WORK,E,26113,1894852429776,132609209665925
WORK,B,26113,1894852434301,132609209665925,11
WORK,E,26120,1894852454542,132609209665925
WORK,B,26120,1894852456598,132609209665925,11
WORK,E,26123,1894852540246,132609209665925
WORK,B,26123,1894852544871,132609209665925,11
WORK,E,26119,1894852599684,132609209665925
WORK,B,26119,1894852604385,132609209665925,11
WORK,E,26120,1894852621032,132609209665925
WORK,B,26120,1894852623975,132609209665925,11
WORK,E,26115,1894852737847,132609209665925
WORK,B,26115,1894852746311,132609209665925,11
WORK,E,26116,1894852793635,132609209665925
WORK,B,26116,1894852796601,132609209665925,11
WORK,E,26121,1894852889389,132609209665925
WORK,E,26123,1894852891124,132609209665925
WORK,B,26121,1894852893616,132609209665925,11
WORK,B,26123,1894852895574,132609209665925,11
WORK,E,26117,1894852993327,132609209665925
WORK,B,26117,1894852996628,132609209665925,11
WORK,E,26120,1894853058052,132609209665925
WORK,B,26120,1894853061247,132609209665925,11
WORK,E,26114,1894853069641,132609209665925
WORK,B,26114,1894853073512,132609209665925,11
WORK,E,26115,1894853089174,132609209665925
WORK,B,26115,1894853094179,132609209665925,11
WORK,E,26123,1894853229779,132609209665925
WORK,B,26123,1894853232119,132609209665925,11
WORK,E,26119,1894853311028,132609209665925
WORK,B,26119,1894853314605,132609209665925,11
WORK,E,26113,1894853319531,132609209665925
WORK,B,26113,1894853327398,132609209665925,11
WORK,E,26117,1894853442881,132609209665925
WORK,B,26117,1894853445424,132609209665925,11
WORK,E,26120,1894853583441,132609209665925
WORK,B,26120,1894853588267,132609209665925,11
WORK,E,26119,1894853633185,132609209665925
WORK,B,26119,1894853637190,132609209665925,11
WORK,E,26114,1894853640564,132609209665925
WORK,B,26114,1894853648285,132609209665925,11
WORK,E,26116,1894853725566,132609209665925
WORK,B,26116,1894853728465,132609209665925,11
WORK,E,26113,1894853757883,132609209665925
WORK,B,26113,1894853762946,132609209665925,11
WORK,E,26123,1894853866843,132609209665925
WORK,B,26123,1894853870676,132609209665925,11
WORK,E,26120,1894853880005,132609209665925
WORK,B,26120,1894853882285,132609209665925,11
WORK,E,26119,1894853983742,132609209665925
WORK,B,26119,1894853989039,132609209665925,11
WORK,E,26115,1894853998710,132609209665925
WORK,B,26115,1894854003793,132609209665925,11
WORK,E,26116,1894854016786,132609209665925
WORK,B,26116,1894854019133,132609209665925,11
WORK,E,26113,1894854118950,132609209665925
WORK,B,26113,1894854123876,132609209665925,11
WORK,E,26117,1894854162131,132609209665925
WORK,B,26117,1894854164556,132609209665925,11
WORK,E,26120,1894854193507,132609209665925
WORK,B,26120,1894854199485,132609209665925,11
WORK,E,26123,1894854224547,132609209665925
WORK,B,26123,1894854230386,132609209665925,11
WORK,E,26119,1894854364517,132609209665925
WORK,B,26119,1894854369279,132609209665925,11
WORK,E,26115,1894854376243,132609209665925
WORK,B,26115,1894854380659,132609209665925,11
WORK,E,26114,1894854411139,132609209665925
WORK,B,26114,1894854415194,132609209665925,11
WORK,E,26116,1894854440556,132609209665925
WORK,B,26116,1894854443021,132609209665925,11
WORK,E,26117,1894854448065,132609209665925
WORK,B,26117,1894854450084,132609209665925,11
WORK,E,26120,1894854460392,132609209665925
WORK,B,26120,1894854462456,132609209665925,11
WORK,E,26123,1894854619255,132609209665925
WORK,E,26113,1894854621106,132609209665925
WORK,B,26123,1894854622045,132609209665925,11
WORK,B,26113,1894854625108,132609209665925,11
WORK,E,26120,1894854680514,132609209665925
WORK,B,26120,1894854683821,132609209665925,11
WORK,E,26116,1894854688521,132609209665925
WORK,B,26116,1894854690970,132609209665925,11
WORK,E,26117,1894854793312,132609209665925
WORK,B,26117,1894854795540,132609209665925,11
WORK,E,26114,1894854804892,132609209665925
WORK,B,26114,1894854808910,132609209665925,11
WORK,E,26116,1894854826470,132609209665925
WORK,B,26116,1894854828732,132609209665925,11
WORK,E,26115,1894854883971,132609209665925
WORK,B,26115,1894854889036,132609209665925,11
WORK,E,26120,1894854903291,132609209665925
WORK,B,26120,1894854908837,132609209665925,11
WORK,E,26113,1894854936701,132609209665925
WORK,E,26117,1894855009543,132609209665925
WORK,B,26117,1894855012036,132609209665925,11
WORK,E,26121,1894855027372,132609209665925
WORK,E,26123,1894855081050,132609209665925
WORK,B,26123,1894855086698,132609209665925,11
WORK,E,26120,1894855099420,132609209665925
WORK,E,26119,1894855149885,132609209665925
WORK,E,26118,1894855368224,132609209665925
WORK,E,26123,1894855369630,132609209665925
WORK,B,26123,1894855376701,132609209665925,11
WORK,B,26118,1894855409808,132609209665925,11
WORK,E,26116,1894855432195,132609209665925
WORK,E,26114,1894855453682,132609209665925
WORK,E,26122,1894855459120,132609209665925
WORK,E,26118,1894855625772,132609209665925
WORK,E,26123,1894855918814,132609209665925
WORK,B,26123,1894855959190,132609209665925,11
WORK,E,26117,1894856221623,132609209665925
WORK,E,26123,1894856833788,132609209665925
WORK,E,26115,1894856932679,132609209665925
BUCKET_OPEN,i,26115,1894856972209,18
BUCKET_OPEN,i,26115,1894856973186,18
WORK,B,26115,1894857212443,132609209724486,7
WORK,E,26115,1894857263348,132609209724486
BUCKET_OPEN,i,26121,1894857316050,20
BUCKET_OPEN,i,26121,1894857320062,20
plan_end_of_gc,B,26121,1894857325906
plan_end_of_gc,E,26121,1894857327438
GC,E,26121,1894857329535
WORK,B,26115,1894857615910,132609209769154,11
WORK,B,26121,1894857626932,132609209769154,11
WORK,B,26116,1894857666833,132609209769154,11
WORK,B,26118,1894857698074,132609209769154,11
WORK,B,26113,1894857698359,132609209769154,11
WORK,E,26121,1894857701345,132609209769154
WORK,B,26121,1894857703735,132609209769154,11
WORK,E,26118,1894857704978,132609209769154
WORK,B,26118,1894857706645,132609209769154,11
WORK,E,26118,1894857709989,132609209769154
WORK,B,26118,1894857711097,132609209769154,11
WORK,E,26118,1894857712311,132609209769154
WORK,B,26118,1894857713366,132609209769154,11
WORK,E,26115,1894857722111,132609209769154
WORK,B,26115,1894857724879,132609209769154,11
WORK,E,26116,1894857734870,132609209769154
WORK,E,26118,1894857737093,132609209769154
WORK,B,26116,1894857737434,132609209769154,11
WORK,B,26118,1894857738434,132609209769154,11
WORK,E,26118,1894857744188,132609209769154
WORK,B,26118,1894857745246,132609209769154,11
WORK,E,26115,1894857763783,132609209769154
WORK,B,26115,1894857765534,132609209769154,11
WORK,E,26116,1894857784899,132609209769154
WORK,B,26116,1894857787067,132609209769154,11
WORK,E,26116,1894857838001,132609209769154
WORK,B,26116,1894857841235,132609209769154,11
WORK,E,26121,1894857849307,132609209769154
WORK,B,26121,1894857852858,132609209769154,11
WORK,E,26116,1894857884485,132609209769154
WORK,B,26116,1894857886516,132609209769154,11
WORK,B,26114,1894857889724,132609209769154,11
WORK,E,26121,1894857935498,132609209769154
WORK,B,26121,1894857941323,132609209769154,11
WORK,E,26116,1894857953134,132609209769154
WORK,B,26116,1894857955340,132609209769154,11
WORK,E,26121,1894858007751,132609209769154
WORK,B,26121,1894858011633,132609209769154,11
WORK,E,26116,1894858017672,132609209769154
WORK,B,26116,1894858019962,132609209769154,11
WORK,E,26121,1894858066389,132609209769154
WORK,B,26121,1894858080163,132609209769154,11
WORK,E,26116,1894858097297,132609209769154
WORK,B,26116,1894858101357,132609209769154,11
WORK,E,26121,1894858135441,132609209769154
WORK,E,26113,1894858167522,132609209769154
WORK,B,26121,1894858168639,132609209769154,11
WORK,B,26113,1894858175315,132609209769154,11
WORK,E,26116,1894858178909,132609209769154
WORK,B,26116,1894858181836,132609209769154,11
WORK,E,26121,1894858196135,132609209769154
WORK,B,26121,1894858199422,132609209769154,11
WORK,E,26116,1894858236132,132609209769154
WORK,B,26116,1894858238193,132609209769154,11
WORK,E,26116,1894858287749,132609209769154
WORK,B,26116,1894858289739,132609209769154,11
WORK,E,26114,1894858353895,132609209769154
WORK,B,26114,1894858357416,132609209769154,11
WORK,E,26115,1894858358775,132609209769154
WORK,B,26115,1894858362023,132609209769154,11
WORK,E,26116,1894858371165,132609209769154
WORK,B,26116,1894858373382,132609209769154,11
WORK,E,26121,1894858425021,132609209769154
WORK,B,26121,1894858430820,132609209769154,11
WORK,E,26115,1894858434530,132609209769154
WORK,B,26115,1894858437200,132609209769154,11
WORK,E,26116,1894858438681,132609209769154
WORK,E,26114,1894858439477,132609209769154
WORK,B,26116,1894858441247,132609209769154,11
WORK,B,26114,1894858443623,132609209769154,11
WORK,E,26116,1894858451361,132609209769154
WORK,B,26116,1894858454312,132609209769154,11
WORK,E,26116,1894858508023,132609209769154
WORK,B,26116,1894858512662,132609209769154,11
WORK,E,26116,1894858528894,132609209769154
WORK,B,26116,1894858530977,132609209769154,11
WORK,E,26113,1894858530742,132609209769154
WORK,B,26113,1894858535355,132609209769154,11
WORK,E,26116,1894858566169,132609209769154
WORK,E,26118,1894858566610,132609209769154
WORK,B,26116,1894858569187,132609209769154,11
WORK,B,26118,1894858571462,132609209769154,11
WORK,E,26116,1894858572214,132609209769154
WORK,B,26116,1894858576941,132609209769154,11
WORK,E,26116,1894858580365,132609209769154
WORK,B,26116,1894858581459,132609209769154,11
WORK,E,26116,1894858582501,132609209769154
WORK,B,26116,1894858584051,132609209769154,11
WORK,E,26121,1894858615625,132609209769154
WORK,B,26121,1894858624290,132609209769154,11
WORK,E,26115,1894858648369,132609209769154
WORK,B,26115,1894858652875,132609209769154,11
WORK,E,26114,1894858658507,132609209769154
WORK,B,26114,1894858660783,132609209769154,11
WORK,E,26116,1894858676470,132609209769154
WORK,B,26116,1894858679084,132609209769154,11
WORK,E,26121,1894858717549,132609209769154
WORK,B,26121,1894858723133,132609209769154,11
WORK,E,26114,1894858740980,132609209769154
WORK,B,26114,1894858743839,132609209769154,11
WORK,E,26116,1894858754275,132609209769154
WORK,B,26116,1894858757538,132609209769154,11
WORK,E,26114,1894858801777,132609209769154
WORK,B,26114,1894858804516,132609209769154,11
WORK,E,26115,1894858812333,132609209769154
WORK,B,26115,1894858817297,132609209769154,11
WORK,E,26115,1894858872380,132609209769154
WORK,B,26115,1894858879006,132609209769154,11
WORK,E,26115,1894858920599,132609209769154
WORK,B,26115,1894858922760,132609209769154,11
WORK,E,26116,1894858928061,132609209769154
WORK,B,26116,1894858931280,132609209769154,11
WORK,E,26121,1894858939950,132609209769154
WORK,B,26121,1894858946711,132609209769154,11
WORK,E,26114,1894858975887,132609209769154
WORK,B,26114,1894858978442,132609209769154,11
WORK,E,26116,1894859014317,132609209769154
WORK,B,26116,1894859016479,132609209769154,11
WORK,E,26121,1894859039615,132609209769154
WORK,B,26121,1894859041736,132609209769154,11
WORK,E,26115,1894859056217,132609209769154
WORK,B,26115,1894859060510,132609209769154,11
WORK,E,26113,1894859085544,132609209769154
WORK,B,26113,1894859090239,132609209769154,11
WORK,E,26116,1894859090151,132609209769154
WORK,B,26116,1894859095537,132609209769154,11
WORK,E,26114,1894859096665,132609209769154
WORK,B,26114,1894859098873,132609209769154,11
WORK,E,26118,1894859150938,132609209769154
WORK,B,26118,1894859154577,132609209769154,11
WORK,E,26116,1894859164047,132609209769154
WORK,B,26116,1894859166821,132609209769154,11
WORK,E,26113,1894859200606,132609209769154
WORK,B,26113,1894859202989,132609209769154,11
WORK,E,26118,1894859209326,132609209769154
WORK,B,26118,1894859210654,132609209769154,11
WORK,E,26114,1894859215294,132609209769154
WORK,B,26114,1894859217679,132609209769154,11
WORK,E,26118,1894859233768,132609209769154
WORK,B,26118,1894859238671,132609209769154,11
WORK,E,26115,1894859259362,132609209769154
WORK,B,26115,1894859262065,132609209769154,11
WORK,E,26116,1894859330182,132609209769154
WORK,B,26116,1894859334774,132609209769154,11
WORK,E,26114,1894859335714,132609209769154
WORK,B,26114,1894859338121,132609209769154,11
WORK,E,26113,1894859348302,132609209769154
WORK,B,26113,1894859350880,132609209769154,11
WORK,E,26118,1894859419580,132609209769154
WORK,B,26118,1894859423135,132609209769154,11
WORK,E,26114,1894859445917,132609209769154
WORK,B,26114,1894859448447,132609209769154,11
WORK,E,26116,1894859460409,132609209769154
WORK,E,26113,1894859461274,132609209769154
WORK,B,26113,1894859466549,132609209769154,11
WORK,B,26116,1894859466613,132609209769154,11
WORK,E,26114,1894859530584,132609209769154
WORK,B,26114,1894859532897,132609209769154,11
WORK,E,26113,1894859537194,132609209769154
WORK,B,26113,1894859539648,132609209769154,11
WORK,E,26116,1894859550879,132609209769154
WORK,B,26116,1894859553243,132609209769154,11
WORK,E,26114,1894859566933,132609209769154
WORK,B,26114,1894859568535,132609209769154,11
WORK,E,26118,1894859573881,132609209769154
WORK,B,26118,1894859577869,132609209769154,11
WORK,E,26121,1894859662325,132609209769154
WORK,B,26121,1894859666723,132609209769154,11
WORK,E,26116,1894859800144,132609209769154
WORK,B,26116,1894859804529,132609209769154,11
WORK,E,26118,1894859871806,132609209769154
WORK,B,26118,1894859875160,132609209769154,11
WORK,E,26121,1894859911203,132609209769154
WORK,B,26121,1894859915369,132609209769154,11
WORK,E,26113,1894859943276,132609209769154
WORK,E,26121,1894859943667,132609209769154
WORK,B,26121,1894859945932,132609209769154,11
WORK,B,26113,1894859947100,132609209769154,11
WORK,E,26113,1894859952522,132609209769154
WORK,B,26113,1894859953778,132609209769154,11
WORK,E,26113,1894859957398,132609209769154
WORK,B,26113,1894859958536,132609209769154,11
WORK,E,26116,1894859977633,132609209769154
WORK,E,26113,1894859979766,132609209769154
WORK,B,26116,1894859980613,132609209769154,11
WORK,B,26113,1894859981265,132609209769154,11
WORK,E,26116,1894859984568,132609209769154
WORK,B,26116,1894859985989,132609209769154,11
WORK,E,26113,1894859996745,132609209769154
WORK,B,26113,1894859998136,132609209769154,11
WORK,E,26118,1894860015260,132609209769154
WORK,B,26118,1894860018186,132609209769154,11
WORK,E,26121,1894860029670,132609209769154
WORK,B,26121,1894860030885,132609209769154,11
WORK,E,26116,1894860048273,132609209769154
WORK,B,26116,1894860049626,132609209769154,11
WORK,E,26116,1894860071359,132609209769154
WORK,B,26116,1894860072559,132609209769154,11
WORK,E,26113,1894860081432,132609209769154
WORK,B,26113,1894860082768,132609209769154,11
WORK,E,26113,1894860121709,132609209769154
WORK,B,26113,1894860123365,132609209769154,11
WORK,E,26118,1894860143585,132609209769154
WORK,B,26118,1894860146488,132609209769154,11
WORK,E,26113,1894860154712,132609209769154
WORK,B,26113,1894860155957,132609209769154,11
WORK,E,26113,1894860161016,132609209769154
WORK,B,26113,1894860162192,132609209769154,11
WORK,B,26119,1894860220774,132609209769154,11
WORK,E,26118,1894860234311,132609209769154
WORK,B,26118,1894860235943,132609209769154,11
WORK,E,26121,1894860281040,132609209769154
WORK,E,26118,1894860286145,132609209769154
WORK,E,26119,1894860287870,132609209769154
WORK,B,26118,1894860288433,132609209769154,11
WORK,B,26119,1894860289708,132609209769154,11
WORK,B,26121,1894860293085,132609209769154,11
WORK,E,26118,1894860312357,132609209769154
WORK,B,26118,1894860324221,132609209769154,11
WORK,E,26119,1894860366272,132609209769154
WORK,B,26119,1894860367627,132609209769154,11
WORK,E,26121,1894860411603,132609209769154
WORK,E,26118,1894860413201,132609209769154
WORK,B,26118,1894860414795,132609209769154,11
WORK,B,26121,1894860415035,132609209769154,11
WORK,E,26119,1894860446117,132609209769154
WORK,B,26119,1894860447565,132609209769154,11
WORK,E,26114,1894860472554,132609209769154
WORK,B,26114,1894860477125,132609209769154,11
WORK,E,26119,1894860500374,132609209769154
WORK,B,26119,1894860504175,132609209769154,11
WORK,E,26118,1894860507900,132609209769154
WORK,B,26118,1894860511717,132609209769154,11
WORK,E,26119,1894860548679,132609209769154
WORK,B,26119,1894860551172,132609209769154,11
WORK,E,26114,1894860558290,132609209769154
WORK,B,26114,1894860560643,132609209769154,11
WORK,E,26118,1894860562437,132609209769154
WORK,E,26114,1894860593437,132609209769154
WORK,E,26121,1894860604918,132609209769154
WORK,E,26119,1894860810176,132609209769154
WORK,E,26113,1894860844525,132609209769154
WORK,B,26118,1894861319665,132609209684752,20
WORK,B,26119,1894861320095,132609209684752,20
WORK,E,26119,1894861416225,132609209684752
WORK,B,26119,1894861418669,132609209684752,20
WORK,B,26117,1894861440473,132609209684752,20
WORK,E,26118,1894861452303,132609209684752
WORK,B,26118,1894861455969,132609209684752,20
WORK,E,26117,1894861520259,132609209684752
WORK,B,26117,1894861522216,132609209684752,20
WORK,E,26119,1894861523244,132609209684752
WORK,B,26119,1894861526266,132609209684752,20
WORK,E,26118,1894861557710,132609209684752
WORK,E,26117,1894861558913,132609209684752
WORK,B,26118,1894861559446,132609209684752,20
WORK,B,26117,1894861563428,132609209684752,20
WORK,E,26119,1894861617741,132609209684752
WORK,B,26119,1894861620312,132609209684752,20
WORK,E,26118,1894861651456,132609209684752
WORK,B,26118,1894861652913,132609209684752,20
WORK,E,26117,1894861667816,132609209684752
WORK,E,26119,1894861710739,132609209684752
WORK,E,26115,1894861723159,132609209769154
WORK,E,26118,1894861757844,132609209684752
WORK,B,26118,1894861761851,132609209648742,14
WORK,E,26116,1894861918561,132609209769154
WORK,E,26118,1895368820235,132609209648742
WORK,B,26113,1895368822379,132609209599454,30
WORK,B,26115,1895368822406,132609209599454,30
WORK,B,26120,1895368822406,132609209599454,30
WORK,B,26119,1895368830643,132609209599454,30
WORK,B,26116,1895368831701,132609209599454,30
WORK,B,26118,1895368833493,132609209599454,30
WORK,E,26118,1895368840554,132609209599454
WORK,E,26120,1895368840787,132609209599454
WORK,E,26115,1895368841420,132609209599454
WORK,B,26118,1895368841972,132609209599454,30
WORK,B,26120,1895368842633,132609209599454,30
WORK,B,26115,1895368843221,132609209599454,30
WORK,E,26119,1895368845259,132609209599454
WORK,E,26116,1895368846704,132609209599454
WORK,B,26119,1895368847065,132609209599454,30
WORK,B,26116,1895368848372,132609209599454,30
WORK,E,26118,1895368849672,132609209599454
WORK,B,26118,1895368850882,132609209599454,30
WORK,E,26120,1895368855890,132609209599454
WORK,E,26115,1895368856690,132609209599454
WORK,E,26118,1895368856689,132609209599454
WORK,B,26120,1895368857214,132609209599454,30
WORK,B,26115,1895368858152,132609209599454,30
WORK,B,26118,1895368859288,132609209599454,30
WORK,E,26119,1895368859952,132609209599454
WORK,B,26119,1895368861239,132609209599454,30
WORK,E,26116,1895368861847,132609209599454
WORK,B,26116,1895368863107,132609209599454,30
WORK,E,26118,1895368865981,132609209599454
WORK,B,26118,1895368867090,132609209599454,30
WORK,E,26120,1895368871633,132609209599454
WORK,E,26115,1895368872519,132609209599454
WORK,B,26120,1895368873095,132609209599454,30
WORK,E,26118,1895368873207,132609209599454
WORK,B,26115,1895368873919,132609209599454,30
WORK,B,26118,1895368874490,132609209599454,30
WORK,E,26119,1895368874685,132609209599454
WORK,B,26119,1895368875921,132609209599454,30
WORK,E,26116,1895368877074,132609209599454
WORK,B,26116,1895368878278,132609209599454,30
WORK,E,26118,1895368880403,132609209599454
WORK,B,26118,1895368881398,132609209599454,30
WORK,E,26118,1895368886893,132609209599454
WORK,B,26118,1895368887887,132609209599454,30
WORK,E,26115,1895368888126,132609209599454
WORK,E,26120,1895368888387,132609209599454
WORK,B,26115,1895368889451,132609209599454,30
WORK,B,26120,1895368889750,132609209599454,30
WORK,E,26119,1895368890147,132609209599454
WORK,B,26123,1895368891450,132609209599454,30
WORK,B,26119,1895368892354,132609209599454,30
WORK,E,26116,1895368893401,132609209599454
WORK,B,26116,1895368894603,132609209599454,30
WORK,E,26118,1895368894965,132609209599454
WORK,B,26118,1895368896059,132609209599454,30
WORK,E,26118,1895368899830,132609209599454
WORK,B,26118,1895368900695,132609209599454,30
WORK,E,26115,1895368905500,132609209599454
WORK,E,26120,1895368905636,132609209599454
WORK,E,26118,1895368906638,132609209599454
WORK,B,26115,1895368907145,132609209599454,30
WORK,B,26120,1895368907292,132609209599454,30
WORK,B,26118,1895368907835,132609209599454,30
WORK,E,26119,1895368908947,132609209599454
WORK,E,26123,1895368909560,132609209599454
WORK,E,26116,1895368909689,132609209599454
WORK,B,26119,1895368910376,132609209599454,30
WORK,B,26116,1895368911271,132609209599454,30
WORK,B,26123,1895368911813,132609209599454,30
WORK,E,26118,1895368914409,132609209599454
WORK,B,26118,1895368915542,132609209599454,30
WORK,E,26118,1895368921129,132609209599454
WORK,B,26118,1895368922254,132609209599454,30
WORK,E,26120,1895368922702,132609209599454
WORK,E,26115,1895368923136,132609209599454
WORK,B,26120,1895368923930,132609209599454,30
WORK,B,26115,1895368924576,132609209599454,30
WORK,E,26119,1895368927293,132609209599454
WORK,E,26116,1895368927757,132609209599454
WORK,E,26123,1895368928309,132609209599454
WORK,E,26118,1895368928555,132609209599454
WORK,B,26116,1895368929068,132609209599454,30
WORK,B,26123,1895368929981,132609209599454,30
WORK,B,26118,1895368930110,132609209599454,30
WORK,B,26119,1895368933131,132609209599454,30
WORK,B,26114,1895368933928,132609209599454,30
WORK,E,26118,1895368935830,132609209599454
WORK,B,26118,1895368938628,132609209599454,30
WORK,E,26115,1895368940791,132609209599454
WORK,E,26120,1895368941082,132609209599454
WORK,B,26115,1895368942125,132609209599454,30
WORK,B,26120,1895368942579,132609209599454,30
WORK,E,26118,1895368944746,132609209599454
WORK,E,26116,1895368945810,132609209599454
WORK,B,26118,1895368945959,132609209599454,30
WORK,B,26116,1895368947033,132609209599454,30
WORK,E,26123,1895368948784,132609209599454
WORK,B,26123,1895368950198,132609209599454,30
WORK,E,26118,1895368951693,132609209599454
WORK,E,26119,1895368952602,132609209599454
WORK,B,26118,1895368952807,132609209599454,30
WORK,B,26119,1895368954062,132609209599454,30
WORK,E,26114,1895368956220,132609209599454
WORK,B,26114,1895368958076,132609209599454,30
WORK,E,26118,1895368958531,132609209599454
WORK,E,26115,1895368959581,132609209599454
WORK,B,26118,1895368959794,132609209599454,30
WORK,E,26120,1895368960235,132609209599454
WORK,B,26115,1895368960893,132609209599454,30
WORK,B,26120,1895368961480,132609209599454,30
WORK,E,26116,1895368965275,132609209599454
WORK,E,26118,1895368965602,132609209599454
WORK,B,26118,1895368966720,132609209599454,30
WORK,B,26116,1895368968160,132609209599454,30
WORK,E,26123,1895368970880,132609209599454
WORK,B,26123,1895368972264,132609209599454,30
WORK,E,26118,1895368972252,132609209599454
WORK,B,26118,1895368973575,132609209599454,30
WORK,E,26119,1895368975436,132609209599454
WORK,B,26119,1895368976863,132609209599454,30
WORK,E,26114,1895368978420,132609209599454
WORK,E,26118,1895368979092,132609209599454
WORK,B,26114,1895368979960,132609209599454,30
WORK,E,26115,1895368980023,132609209599454
WORK,B,26118,1895368980201,132609209599454,30
WORK,E,26120,1895368980415,132609209599454
WORK,B,26115,1895368981306,132609209599454,30
WORK,B,26120,1895368981706,132609209599454,30
WORK,E,26118,1895368986204,132609209599454
WORK,E,26116,1895368987463,132609209599454
WORK,B,26118,1895368987638,132609209599454,30
WORK,B,26116,1895368988936,132609209599454,30
WORK,E,26118,1895368993347,132609209599454
WORK,B,26118,1895368994732,132609209599454,30
WORK,E,26123,1895368995502,132609209599454
WORK,B,26123,1895368998158,132609209599454,30
WORK,E,26119,1895369000114,132609209599454
WORK,E,26118,1895369000298,132609209599454
WORK,B,26119,1895369001701,132609209599454,30
WORK,E,26115,1895369001701,132609209599454
WORK,E,26120,1895369002232,132609209599454
WORK,B,26118,1895369002353,132609209599454,30
WORK,E,26114,1895369003080,132609209599454
WORK,B,26120,1895369003524,132609209599454,30
WORK,B,26115,1895369004658,132609209599454,30
WORK,B,26114,1895369004884,132609209599454,30
WORK,E,26118,1895369007848,132609209599454
WORK,E,26116,1895369008691,132609209599454
WORK,B,26118,1895369010056,132609209599454,30
WORK,E,26123,1895369012876,132609209599454
WORK,B,26116,1895369013447,132609209599454,30
WORK,B,26123,1895369014443,132609209599454,30
WORK,E,26118,1895369015770,132609209599454
WORK,B,26118,1895369016988,132609209599454,30
WORK,E,26115,1895369018914,132609209599454
WORK,B,26115,1895369020508,132609209599454,30
WORK,E,26118,1895369022887,132609209599454
WORK,E,26120,1895369024272,132609209599454
WORK,B,26118,1895369024435,132609209599454,30
WORK,E,26119,1895369025145,132609209599454
WORK,B,26120,1895369025529,132609209599454,30
WORK,B,26119,1895369026742,132609209599454,30
WORK,E,26114,1895369028332,132609209599454
WORK,B,26114,1895369029860,132609209599454,30
WORK,E,26118,1895369030790,132609209599454
WORK,E,26116,1895369034045,132609209599454
WORK,E,26123,1895369038368,132609209599454
WORK,E,26115,1895369040408,132609209599454
WORK,E,26120,1895369046945,132609209599454
WORK,E,26119,1895369050915,132609209599454
WORK,E,26114,1895369054075,132609209599454
WORK,E,26113,1895369074215,132609209599454
GC,B,26113,1895369079501
WORK,B,26113,1895369087585,132609209614824,18
WORK,E,26113,1895369163190,132609209614824
WORK,B,26118,1895369164503,132609209572369,12
WORK,B,26116,1895370661992,132609209596068,11
WORK,E,26116,1895370738692,132609209596068
WORK,B,26116,1895370740569,132609209596068,11
WORK,B,26123,1895370821521,132609209596068,11
WORK,B,26114,1895370979654,132609209665925,11
WORK,E,26118,1895371007888,132609209572369
WORK,B,26118,1895371015591,132609209665925,11
WORK,B,26115,1895371070421,132609209665925,11
WORK,B,26119,1895371118186,132609209665925,11
WORK,B,26120,1895371150791,132609209665925,11
WORK,B,26113,1895371268829,132609209665925,11
WORK,B,26122,1895371481624,132609209665925,11
WORK,B,26117,1895371508566,132609209665925,11
WORK,E,26123,1895371708085,132609209596068
WORK,B,26123,1895371732844,132609209596068,11
WORK,E,26116,1895371815919,132609209596068
WORK,B,26121,1895371836023,132609209665925,11
WORK,E,26123,1895371837004,132609209596068
WORK,B,26123,1895371838648,132609209596068,11
WORK,B,26116,1895371853207,132609209596068,11
WORK,E,26123,1895371905099,132609209596068
WORK,B,26123,1895371906633,132609209596068,11
WORK,E,26113,1895371981086,132609209665925
WORK,E,26123,1895371988687,132609209596068
WORK,B,26123,1895371990273,132609209596068,11
WORK,B,26113,1895372042017,132609209665925,11
WORK,E,26120,1895372056144,132609209665925
WORK,B,26120,1895372060954,132609209665925,11
WORK,E,26123,1895372076185,132609209596068
WORK,B,26123,1895372077388,132609209596068,11
WORK,E,26113,1895372106555,132609209665925
WORK,B,26113,1895372109309,132609209665925,11
WORK,E,26123,1895372116556,132609209596068
WORK,B,26123,1895372118069,132609209596068,11
WORK,E,26122,1895372124266,132609209665925
WORK,B,26122,1895372127553,132609209665925,11
WORK,E,26123,1895372154364,132609209596068
WORK,B,26123,1895372155559,132609209596068,11
WORK,E,26113,1895372171315,132609209665925
WORK,E,26121,1895372185595,132609209665925
WORK,B,26121,1895372191086,132609209665925,11
WORK,E,26120,1895372276284,132609209665925
WORK,B,26113,1895372276895,132609209665925,11
WORK,B,26120,1895372299602,132609209665925,11
WORK,E,26118,1895372347285,132609209665925
WORK,B,26118,1895372357875,132609209665925,11
WORK,E,26115,1895372398563,132609209665925
WORK,B,26115,1895372402493,132609209665925,11
WORK,E,26122,1895372458975,132609209665925
WORK,B,26122,1895372461262,132609209665925,11
WORK,E,26123,1895372462992,132609209596068
WORK,B,26123,1895372465333,132609209596068,11
WORK,E,26116,1895372513251,132609209596068
WORK,B,26116,1895372518067,132609209596068,11
WORK,E,26121,1895372537407,132609209665925
WORK,B,26121,1895372544468,132609209665925,11
WORK,E,26117,1895372672655,132609209665925
WORK,E,26113,1895372691510,132609209665925
WORK,B,26113,1895372693478,132609209665925,11
WORK,B,26117,1895372711061,132609209665925,11
WORK,E,26113,1895372732243,132609209665925
WORK,B,26113,1895372733207,132609209665925,11
WORK,E,26118,1895372735200,132609209665925
WORK,B,26118,1895372739469,132609209665925,11
WORK,E,26115,1895372739270,132609209665925
WORK,B,26115,1895372744019,132609209665925,11
WORK,E,26114,1895372755447,132609209665925
WORK,B,26114,1895372757722,132609209665925,11
WORK,E,26117,1895372780793,132609209665925
WORK,E,26115,1895372782633,132609209665925
WORK,B,26117,1895372782704,132609209665925,11
WORK,B,26115,1895372784297,132609209665925,11
WORK,E,26122,1895372789955,132609209665925
WORK,B,26122,1895372794966,132609209665925,11
WORK,E,26114,1895372816700,132609209665925
WORK,B,26114,1895372817676,132609209665925,11
WORK,E,26119,1895372821405,132609209665925
WORK,B,26119,1895372825397,132609209665925,11
WORK,E,26115,1895372829481,132609209665925
WORK,B,26115,1895372830702,132609209665925,11
WORK,E,26121,1895372842927,132609209665925
WORK,B,26121,1895372848601,132609209665925,11
WORK,E,26114,1895372856517,132609209665925
WORK,B,26114,1895372858164,132609209665925,11
WORK,E,26122,1895372860209,132609209665925
WORK,B,26122,1895372862619,132609209665925,11
WORK,E,26117,1895372864062,132609209665925
WORK,B,26117,1895372866347,132609209665925,11
WORK,E,26115,1895372879164,132609209665925
WORK,B,26115,1895372881254,132609209665925,11
WORK,E,26114,1895372889122,132609209665925
WORK,B,26114,1895372890126,132609209665925,11
WORK,E,26119,1895372893866,132609209665925
WORK,B,26119,1895372896516,132609209665925,11
WORK,E,26121,1895372909059,132609209665925
WORK,B,26121,1895372911579,132609209665925,11
WORK,E,26117,1895372913378,132609209665925
WORK,B,26117,1895372914844,132609209665925,11
WORK,E,26114,1895372923135,132609209665925
WORK,B,26114,1895372924091,132609209665925,11
WORK,E,26115,1895372925696,132609209665925
WORK,B,26115,1895372926959,132609209665925,11
WORK,E,26119,1895372937239,132609209665925
WORK,B,26119,1895372938433,132609209665925,11
WORK,E,26117,1895372956236,132609209665925
WORK,B,26117,1895372971408,132609209665925,11
WORK,E,26115,1895372971406,132609209665925
WORK,B,26115,1895372973652,132609209665925,11
WORK,E,26119,1895372987586,132609209665925
WORK,B,26119,1895372989533,132609209665925,11
WORK,E,26114,1895373004792,132609209665925
WORK,B,26114,1895373006528,132609209665925,11
WORK,E,26115,1895373019594,132609209665925
WORK,B,26115,1895373021677,132609209665925,11
WORK,E,26114,1895373037229,132609209665925
WORK,B,26114,1895373038727,132609209665925,11
WORK,E,26120,1895373040578,132609209665925
WORK,E,26117,1895373041158,132609209665925
WORK,B,26120,1895373044249,132609209665925,11
WORK,B,26117,1895373044818,132609209665925,11
WORK,E,26114,1895373069240,132609209665925
WORK,B,26114,1895373070746,132609209665925,11
WORK,E,26115,1895373076660,132609209665925
WORK,B,26115,1895373078715,132609209665925,11
WORK,E,26114,1895373099971,132609209665925
WORK,B,26114,1895373100872,132609209665925,11
WORK,E,26120,1895373105430,132609209665925
WORK,B,26120,1895373107617,132609209665925,11
WORK,E,26114,1895373137293,132609209665925
WORK,B,26114,1895373139523,132609209665925,11
WORK,E,26120,1895373149193,132609209665925
WORK,B,26120,1895373151403,132609209665925,11
WORK,E,26114,1895373177568,132609209665925
WORK,B,26114,1895373178459,132609209665925,11
WORK,E,26116,1895373181680,132609209596068
WORK,B,26116,1895373186858,132609209596068,11
WORK,E,26120,1895373194894,132609209665925
WORK,B,26120,1895373196883,132609209665925,11
WORK,E,26114,1895373219861,132609209665925
WORK,B,26114,1895373221345,132609209665925,11
WORK,E,26120,1895373241409,132609209665925
WORK,B,26120,1895373243588,132609209665925,11
WORK,E,26114,1895373263528,132609209665925
WORK,B,26114,1895373265234,132609209665925,11
WORK,E,26121,1895373278528,132609209665925
WORK,B,26121,1895373283877,132609209596068,11
WORK,E,26120,1895373292807,132609209665925
WORK,B,26120,1895373295001,132609209665925,11
WORK,E,26114,1895373305507,132609209665925
WORK,B,26114,1895373307025,132609209665925,11
WORK,E,26116,1895373340460,132609209596068
WORK,B,26116,1895373342865,132609209596068,11
WORK,E,26120,1895373344992,132609209665925
WORK,E,26114,1895373345892,132609209665925
WORK,E,26121,1895373346175,132609209596068
WORK,B,26120,1895373347313,132609209665925,11
WORK,B,26114,1895373347601,132609209665925,11
WORK,B,26121,1895373348639,132609209596068,11
WORK,E,26114,1895373375644,132609209665925
WORK,B,26114,1895373376593,132609209665925,11
WORK,E,26120,1895373382342,132609209665925
WORK,B,26120,1895373383524,132609209665925,11
WORK,E,26117,1895373386652,132609209665925
WORK,B,26117,1895373389771,132609209596068,11
WORK,E,26121,1895373401315,132609209596068
WORK,B,26121,1895373402551,132609209596068,11
WORK,E,26114,1895373411307,132609209665925
WORK,E,26120,1895373413245,132609209665925
WORK,B,26114,1895373413458,132609209596068,11
WORK,B,26120,1895373414576,132609209665925,11
WORK,E,26113,1895373451212,132609209665925
WORK,B,26113,1895373453012,132609209665925,11
WORK,E,26120,1895373453895,132609209665925
WORK,B,26120,1895373455203,132609209665925,11
WORK,E,26121,1895373457784,132609209596068
WORK,B,26121,1895373462503,132609209596068,11
WORK,E,26121,1895373523783,132609209596068
WORK,B,26121,1895373526578,132609209596068,11
WORK,E,26117,1895373536278,132609209596068
WORK,B,26117,1895373538364,132609209596068,11
WORK,E,26113,1895373566342,132609209665925
WORK,B,26113,1895373568111,132609209665925,11
WORK,E,26121,1895373587569,132609209596068
WORK,B,26121,1895373589660,132609209596068,11
WORK,E,26118,1895373647159,132609209665925
WORK,B,26118,1895373661628,132609209665925,11
WORK,E,26121,1895373667562,132609209596068
WORK,E,26115,1895373668046,132609209665925
WORK,B,26121,1895373670717,132609209596068,11
WORK,B,26115,1895373672251,132609209665925,11
WORK,E,26116,1895373691718,132609209596068
WORK,B,26116,1895373693481,132609209596068,11
WORK,E,26118,1895373712692,132609209665925
WORK,B,26118,1895373717946,132609209665925,11
WORK,E,26115,1895373732744,132609209665925
WORK,E,26121,1895373734445,132609209596068
WORK,B,26115,1895373735416,132609209665925,11
WORK,B,26121,1895373736829,132609209596068,11
WORK,E,26116,1895373755748,132609209596068
WORK,B,26116,1895373757341,132609209596068,11
WORK,E,26118,1895373775214,132609209665925
WORK,E,26115,1895373776466,132609209665925
WORK,B,26118,1895373777513,132609209665925,11
WORK,B,26115,1895373777814,132609209665925,11
WORK,E,26121,1895373790401,132609209596068
WORK,B,26121,1895373791594,132609209596068,11
WORK,E,26118,1895373816665,132609209665925
WORK,B,26118,1895373818932,132609209665925,11
WORK,E,26122,1895373846709,132609209665925
WORK,E,26121,1895373848720,132609209596068
WORK,B,26122,1895373849167,132609209665925,11
WORK,B,26121,1895373850872,132609209596068,11
WORK,E,26122,1895373868205,132609209665925
WORK,B,26122,1895373869113,132609209665925,11
WORK,E,26119,1895373897491,132609209665925
WORK,E,26122,1895373899993,132609209665925
WORK,B,26122,1895373901440,132609209665925,11
WORK,B,26119,1895373902114,132609209665925,11
WORK,E,26121,1895373907610,132609209596068
WORK,B,26121,1895373911666,132609209596068,11
WORK,E,26114,1895373913769,132609209596068
WORK,B,26114,1895373916434,132609209596068,11
WORK,E,26122,1895373933108,132609209665925
WORK,B,26122,1895373935192,132609209665925,11
WORK,E,26122,1895373962334,132609209665925
WORK,B,26122,1895373964262,132609209665925,11
WORK,E,26119,1895373964533,132609209665925
WORK,B,26119,1895373966847,132609209665925,11
WORK,E,26121,1895374052255,132609209596068
WORK,B,26121,1895374056279,132609209596068,11
WORK,E,26116,1895374087082,132609209596068
WORK,B,26116,1895374089328,132609209596068,11
WORK,E,26121,1895374122759,132609209596068
WORK,B,26121,1895374124085,132609209596068,11
WORK,E,26118,1895374162889,132609209665925
WORK,B,26118,1895374166146,132609209665925,11
WORK,E,26122,1895374183085,132609209665925
WORK,E,26121,1895374183884,132609209596068
WORK,B,26122,1895374184833,132609209665925,11
WORK,B,26121,1895374186158,132609209596068,11
WORK,E,26117,1895374246352,132609209596068
WORK,E,26121,1895374248950,132609209596068
WORK,B,26117,1895374251584,132609209596068,11
WORK,B,26121,1895374254926,132609209596068,11
WORK,E,26122,1895374316893,132609209665925
WORK,B,26122,1895374318710,132609209665925,11
WORK,E,26119,1895374320224,132609209665925
WORK,E,26121,1895374322396,132609209596068
WORK,B,26119,1895374324138,132609209665925,11
WORK,B,26121,1895374324571,132609209596068,11
WORK,E,26119,1895374327164,132609209665925
WORK,B,26119,1895374328426,132609209665925,11
WORK,E,26113,1895374416337,132609209665925
WORK,B,26113,1895374419723,132609209665925,11
WORK,E,26114,1895374460414,132609209596068
WORK,B,26114,1895374462735,132609209596068,11
WORK,E,26117,1895374473096,132609209596068
WORK,B,26117,1895374476046,132609209596068,11
WORK,E,26122,1895374492794,132609209665925
WORK,B,26122,1895374494463,132609209665925,11
WORK,E,26118,1895374494763,132609209665925
WORK,B,26118,1895374501241,132609209665925,11
WORK,E,26117,1895374668747,132609209596068
WORK,B,26117,1895374671130,132609209596068,11
WORK,E,26122,1895374737755,132609209665925
WORK,B,26122,1895374739346,132609209665925,11
WORK,E,26119,1895374794387,132609209665925
WORK,B,26119,1895374798585,132609209665925,11
WORK,E,26121,1895374861415,132609209596068
WORK,B,26121,1895374865211,132609209596068,11
WORK,E,26123,1895374870846,132609209596068
WORK,B,26123,1895374877552,132609209596068,11
WORK,E,26113,1895374989702,132609209665925
WORK,B,26113,1895374995331,132609209665925,11
WORK,E,26122,1895375018254,132609209665925
WORK,B,26122,1895375021102,132609209665925,11
WORK,E,26113,1895375045904,132609209665925
WORK,B,26113,1895375048553,132609209665925,11
WORK,E,26118,1895375054827,132609209665925
WORK,B,26118,1895375058940,132609209665925,11
WORK,E,26117,1895375063569,132609209596068
WORK,B,26117,1895375065750,132609209596068,11
WORK,E,26121,1895375066348,132609209596068
WORK,B,26121,1895375069007,132609209596068,11
WORK,E,26119,1895375227324,132609209665925
WORK,B,26119,1895375232881,132609209665925,11
WORK,E,26117,1895375234995,132609209596068
WORK,B,26117,1895375236629,132609209596068,11
WORK,E,26121,1895375255903,132609209596068
WORK,B,26121,1895375258420,132609209596068,11
WORK,E,26122,1895375277120,132609209665925
WORK,B,26122,1895375279654,132609209665925,11
WORK,E,26117,1895375283031,132609209596068
WORK,B,26117,1895375284542,132609209596068,11
WORK,E,26121,1895375317666,132609209596068
WORK,B,26121,1895375319776,132609209596068,11
WORK,E,26117,1895375330089,132609209596068
WORK,B,26117,1895375331662,132609209596068,11
WORK,E,26121,1895375357597,132609209596068
WORK,B,26121,1895375359711,132609209596068,11
WORK,E,26113,1895375372798,132609209665925
WORK,B,26113,1895375376150,132609209665925,11
WORK,E,26117,1895375378544,132609209596068
WORK,B,26117,1895375380118,132609209596068,11
WORK,E,26114,1895375385124,132609209596068
WORK,B,26114,1895375387211,132609209596068,11
WORK,E,26121,1895375393751,132609209596068
WORK,B,26121,1895375395090,132609209596068,11
WORK,E,26117,1895375426041,132609209596068
WORK,B,26117,1895375427467,132609209596068,11
WORK,E,26121,1895375463235,132609209596068
WORK,B,26121,1895375465604,132609209596068,11
WORK,E,26117,1895375471964,132609209596068
WORK,B,26117,1895375474708,132609209596068,11
WORK,E,26118,1895375510926,132609209665925
WORK,E,26121,1895375512250,132609209596068
WORK,B,26121,1895375514522,132609209596068,11
WORK,B,26118,1895375514566,132609209665925,11
WORK,E,26117,1895375523922,132609209596068
WORK,B,26117,1895375525370,132609209596068,11
WORK,E,26123,1895375532937,132609209596068
WORK,B,26123,1895375536827,132609209665925,11
WORK,E,26117,1895375570482,132609209596068
WORK,B,26117,1895375571438,132609209596068,11
WORK,E,26117,1895375619261,132609209596068
WORK,B,26117,1895375621256,132609209596068,11
WORK,E,26114,1895375666862,132609209596068
WORK,B,26114,1895375669103,132609209596068,11
WORK,E,26121,1895375671930,132609209596068
WORK,B,26121,1895375674007,132609209596068,11
WORK,E,26113,1895375682362,132609209665925
WORK,E,26117,1895375683658,132609209596068
WORK,B,26113,1895375685211,132609209665925,11
WORK,B,26117,1895375685232,132609209596068,11
WORK,E,26117,1895375731569,132609209596068
WORK,B,26117,1895375732427,132609209596068,11
WORK,E,26122,1895375774696,132609209665925
WORK,B,26122,1895375776657,132609209665925,11
WORK,E,26122,1895375779088,132609209665925
WORK,B,26122,1895375780014,132609209665925,11
WORK,E,26117,1895375785152,132609209596068
WORK,B,26117,1895375786673,132609209596068,11
WORK,E,26114,1895375809247,132609209596068
WORK,B,26114,1895375811447,132609209596068,11
WORK,E,26117,1895375838785,132609209596068
WORK,E,26122,1895375839614,132609209665925
WORK,B,26117,1895375840434,132609209596068,11
WORK,B,26122,1895375842999,132609209665925,11
WORK,E,26117,1895375910678,132609209596068
WORK,B,26117,1895375913324,132609209596068,11
WORK,E,26117,1895375959518,132609209596068
WORK,E,26118,1895375959785,132609209665925
WORK,B,26117,1895375960294,132609209596068,11
WORK,B,26118,1895375964184,132609209665925,11
WORK,E,26117,1895376011333,132609209596068
WORK,B,26117,1895376012882,132609209596068,11
WORK,E,26113,1895376102422,132609209665925
WORK,B,26113,1895376121196,132609209665925,11
WORK,E,26118,1895376466686,132609209665925
WORK,B,26118,1895376471379,132609209665925,11
WORK,E,26117,1895376479148,132609209596068
WORK,B,26117,1895376480970,132609209596068,11
WORK,E,26118,1895376517673,132609209665925
WORK,B,26118,1895376519001,132609209665925,11
WORK,E,26114,1895376695387,132609209596068
WORK,B,26114,1895376698795,132609209596068,11
WORK,E,26113,1895376833998,132609209665925
WORK,B,26113,1895376845862,132609209665925,11
WORK,E,26114,1895376881149,132609209596068
WORK,B,26114,1895376883166,132609209596068,11
WORK,E,26119,1895376946429,132609209665925
WORK,B,26119,1895376949873,132609209665925,11
WORK,E,26120,1895377136749,132609209665925
WORK,B,26120,1895377140821,132609209665925,11
WORK,E,26119,1895377153730,132609209665925
WORK,B,26119,1895377157413,132609209665925,11
WORK,E,26117,1895377183871,132609209596068
WORK,B,26117,1895377186475,132609209596068,11
WORK,E,26119,1895377194349,132609209665925
WORK,B,26119,1895377196456,132609209665925,11
WORK,E,26120,1895377255960,132609209665925
WORK,B,26120,1895377258513,132609209665925,11
WORK,E,26113,1895377321046,132609209665925
WORK,B,26113,1895377324624,132609209665925,11
WORK,E,26123,1895377469087,132609209665925
WORK,B,26123,1895377476073,132609209665925,11
WORK,E,26120,1895377686647,132609209665925
WORK,B,26120,1895377688935,132609209665925,11
WORK,E,26123,1895377694676,132609209665925
WORK,B,26123,1895377699978,132609209665925,11
WORK,E,26122,1895377704728,132609209665925
WORK,B,26122,1895377708092,132609209665925,11
WORK,E,26116,1895377787302,132609209596068
WORK,B,26116,1895377792180,132609209596068,11
WORK,E,26113,1895377807563,132609209665925
WORK,B,26113,1895377811335,132609209665925,11
WORK,E,26117,1895377829437,132609209596068
WORK,B,26117,1895377831621,132609209596068,11
WORK,E,26120,1895377973668,132609209665925
WORK,B,26120,1895377975597,132609209665925,11
WORK,E,26118,1895377979988,132609209665925
WORK,B,26118,1895377986846,132609209665925,11
WORK,E,26121,1895378087864,132609209596068
WORK,B,26121,1895378092187,132609209596068,11
WORK,E,26116,1895378112858,132609209596068
WORK,B,26116,1895378118646,132609209596068,11
WORK,E,26116,1895378295089,132609209596068
WORK,B,26116,1895378298074,132609209596068,11
WORK,E,26117,1895378412133,132609209596068
WORK,B,26117,1895378417787,132609209685392,13
WORK,E,26117,1895378420865,132609209685392
WORK,B,26117,1895378422452,132609209596068,11
WORK,E,26117,1895378427323,132609209596068
WORK,B,26117,1895378428454,132609209596068,11
WORK,E,26117,1895378433659,132609209596068
WORK,B,26117,1895378434584,132609209596068,11
WORK,E,26116,1895378517587,132609209596068
WORK,E,26118,1895378557095,132609209665925
WORK,B,26116,1895378559771,132609209596068,11
WORK,B,26118,1895378560772,132609209665925,11
WORK,E,26121,1895378705490,132609209596068
WORK,E,26116,1895378732570,132609209596068
WORK,B,26116,1895378735708,132609209596068,11
WORK,B,26121,1895378747566,132609209596068,11
WORK,E,26114,1895378863508,132609209596068
WORK,B,26114,1895378874597,132609209596068,11
WORK,E,26116,1895378886673,132609209596068
WORK,B,26116,1895378889412,132609209596068,11
WORK,E,26120,1895378916135,132609209665925
WORK,B,26120,1895378918660,132609209665925,11
WORK,E,26122,1895379003867,132609209665925
WORK,B,26122,1895379007051,132609209665925,11
WORK,E,26115,1895379022764,132609209665925
WORK,B,26115,1895379027285,132609209665925,11
WORK,E,26116,1895379065458,132609209596068
WORK,B,26116,1895379069214,132609209596068,11
WORK,E,26114,1895379172611,132609209596068
WORK,B,26114,1895379200523,132609209596068,11
WORK,E,26117,1895379302236,132609209596068
WORK,E,26114,1895379325933,132609209596068
WORK,B,26114,1895379327904,132609209596068,11
WORK,B,26117,1895379379311,132609209596068,11
WORK,E,26119,1895379409763,132609209665925
WORK,B,26119,1895379427583,132609209665925,11
WORK,E,26120,1895379472268,132609209665925
WORK,B,26120,1895379480743,132609209665925,11
WORK,E,26118,1895379509359,132609209665925
WORK,B,26118,1895379525699,132609209665925,11
WORK,E,26121,1895379820843,132609209596068
WORK,E,26116,1895379833506,132609209596068
WORK,B,26121,1895379835746,132609209596068,11
WORK,B,26116,1895379836293,132609209596068,11
WORK,E,26115,1895379943096,132609209665925
WORK,B,26115,1895379947712,132609209665925,11
WORK,E,26114,1895379977776,132609209596068
WORK,B,26114,1895379980569,132609209596068,11
WORK,E,26117,1895380002200,132609209596068
WORK,B,26117,1895380005593,132609209665925,11
WORK,E,26116,1895380016316,132609209596068
WORK,B,26116,1895380018915,132609209596068,11
WORK,E,26116,1895380201649,132609209596068
WORK,B,26116,1895380210367,132609209596068,11
WORK,E,26122,1895380365318,132609209665925
WORK,E,26117,1895380368598,132609209665925
WORK,E,26116,1895380369504,132609209596068
WORK,B,26117,1895380371359,132609209665925,11
WORK,B,26116,1895380372365,132609209596068,11
WORK,B,26122,1895380394663,132609209665925,11
WORK,E,26114,1895380419190,132609209596068
WORK,B,26114,1895380422582,132609209624258,18
roots,meta,26114,1895380484389,0,114
WORK,E,26114,1895380504230,132609209624258
WORK,B,26114,1895380505894,132609209624258,18
roots,meta,26114,1895380516453,0,8
WORK,E,26114,1895380519224,132609209624258
WORK,B,26114,1895380520782,132609209624258,18
WORK,E,26119,1895380524612,132609209665925
roots,meta,26114,1895380526646,0,16
WORK,E,26114,1895380527997,132609209624258
WORK,B,26119,1895380529139,132609209665925,11
WORK,B,26114,1895380529236,132609209624258,18
roots,meta,26114,1895380531407,0,1
WORK,E,26114,1895380534817,132609209624258
WORK,B,26114,1895380537003,132609209624258,18
roots,meta,26114,1895380540053,0,1
WORK,E,26114,1895380541682,132609209624258
WORK,B,26114,1895380542742,132609209624258,18
roots,meta,26114,1895380547845,0,123
WORK,E,26114,1895380549423,132609209624258
WORK,B,26114,1895380550459,132609209624258,18
roots,meta,26114,1895380552160,0,3
WORK,E,26114,1895380553384,132609209624258
WORK,B,26114,1895380554356,132609209624258,18
WORK,E,26121,1895380555988,132609209596068
roots,meta,26114,1895380556520,0,1
WORK,E,26114,1895380557800,132609209624258
WORK,B,26114,1895380558972,132609209624258,18
WORK,B,26121,1895380560075,132609209596068,11
roots,meta,26114,1895380565348,0,19
WORK,E,26114,1895380567625,132609209624258
WORK,B,26114,1895380568717,132609209624258,18
roots,meta,26114,1895380570617,0,28
WORK,E,26114,1895380571946,132609209624258
WORK,B,26114,1895380573090,132609209624258,18
roots,meta,26114,1895380574584,0,18
WORK,E,26114,1895380575717,132609209624258
WORK,B,26114,1895380576769,132609209624258,18
roots,meta,26114,1895380618686,0,64
WORK,E,26114,1895380635676,132609209624258
WORK,B,26114,1895380639060,132609209624258,18
WORK,E,26116,1895380639922,132609209596068
WORK,B,26116,1895380642829,132609209596068,11
roots,meta,26114,1895380653079,0,57
WORK,E,26114,1895380654957,132609209624258
WORK,B,26114,1895380656432,132609209665925,11
WORK,E,26116,1895380723737,132609209596068
WORK,E,26120,1895380743596,132609209665925
WORK,E,26115,1895380745033,132609209665925
WORK,B,26120,1895380746276,132609209665925,11
WORK,B,26115,1895380749334,132609209665925,11
WORK,B,26116,1895380759779,132609209596068,11
WORK,E,26116,1895380796812,132609209596068
WORK,E,26123,1895380826270,132609209665925
WORK,E,26113,1895380826925,132609209665925
WORK,B,26116,1895380828436,132609209596068,11
WORK,B,26123,1895380830142,132609209665925,11
WORK,B,26113,1895380830624,132609209665925,11
WORK,E,26122,1895380871262,132609209665925
WORK,B,26122,1895380893647,132609209665925,11
WORK,E,26114,1895380926465,132609209665925
WORK,B,26114,1895380943258,132609209665925,11
WORK,E,26118,1895380951380,132609209665925
WORK,B,26118,1895380958100,132609209665925,11
WORK,E,26120,1895381116561,132609209665925
WORK,B,26120,1895381140349,132609209665925,11
WORK,E,26114,1895381155017,132609209665925
WORK,B,26114,1895381158090,132609209665925,11
WORK,E,26113,1895381200537,132609209665925
WORK,B,26113,1895381237171,132609209665925,11
WORK,E,26115,1895381265529,132609209665925
WORK,B,26115,1895381268795,132609209665925,11
WORK,E,26121,1895381397722,132609209596068
WORK,B,26121,1895381427244,132609209596068,11
WORK,E,26120,1895381482204,132609209665925
WORK,B,26120,1895381484211,132609209665925,11
WORK,E,26115,1895381487671,132609209665925
WORK,B,26115,1895381490306,132609209665925,11
WORK,E,26116,1895381593237,132609209596068
WORK,B,26116,1895381597257,132609209596068,11
WORK,E,26114,1895381659082,132609209665925
WORK,B,26114,1895381661785,132609209665925,11
WORK,E,26121,1895381761448,132609209596068
WORK,E,26113,1895381784100,132609209665925
WORK,B,26113,1895381788904,132609209665925,11
WORK,B,26121,1895381796710,132609209596068,11
WORK,E,26115,1895381828293,132609209665925
WORK,B,26115,1895381831489,132609209665925,11
WORK,E,26114,1895381836511,132609209665925
WORK,E,26123,1895381840090,132609209665925
WORK,B,26114,1895381841444,132609209665925,11
WORK,E,26116,1895381845831,132609209596068
WORK,B,26123,1895381847218,132609209665925,11
WORK,B,26116,1895381849029,132609209596068,11
WORK,E,26121,1895381932506,132609209596068
WORK,B,26121,1895381935242,132609209596068,11
WORK,E,26120,1895381974887,132609209665925
WORK,B,26120,1895381977030,132609209665925,11
WORK,E,26123,1895382007390,132609209665925
WORK,B,26123,1895382009959,132609209665925,11
WORK,E,26121,1895382055404,132609209596068
WORK,B,26121,1895382057981,132609209596068,11
WORK,E,26115,1895382079498,132609209665925
WORK,B,26115,1895382082917,132609209665925,11
WORK,E,26113,1895382189935,132609209665925
WORK,B,26113,1895382194221,132609209665925,11
WORK,E,26114,1895382203512,132609209665925
WORK,B,26114,1895382206046,132609209665925,11
WORK,E,26113,1895382223157,132609209665925
WORK,B,26113,1895382224534,132609209665925,11
WORK,E,26113,1895382226038,132609209665925
WORK,B,26113,1895382227101,132609209665925,11
WORK,E,26121,1895382231115,132609209596068
WORK,B,26121,1895382237790,132609209665925,11
WORK,E,26117,1895382239573,132609209665925
WORK,B,26117,1895382242046,132609209665925,11
WORK,E,26119,1895382242345,132609209665925
WORK,B,26119,1895382246250,132609209665925,11
WORK,E,26113,1895382258767,132609209665925
WORK,B,26113,1895382260989,132609209665925,11
WORK,E,26120,1895382328705,132609209665925
WORK,B,26120,1895382330391,132609209665925,11
WORK,E,26116,1895382338543,132609209596068
WORK,B,26116,1895382342261,132609209596068,11
WORK,E,26116,1895382404868,132609209596068
WORK,B,26116,1895382406861,132609209596068,11
WORK,E,26123,1895382414251,132609209665925
WORK,B,26123,1895382417052,132609209665925,11
WORK,E,26123,1895382466099,132609209665925
WORK,B,26123,1895382467556,132609209665925,11
WORK,E,26123,1895382469298,132609209665925
WORK,B,26123,1895382470326,132609209665925,11
WORK,E,26114,1895382530809,132609209665925
WORK,B,26114,1895382533217,132609209665925,11
WORK,E,26123,1895382545003,132609209665925
WORK,B,26123,1895382549016,132609209665925,11
WORK,E,26123,1895382552576,132609209665925
WORK,B,26123,1895382553801,132609209665925,11
WORK,E,26113,1895382561632,132609209665925
WORK,B,26113,1895382565884,132609209665925,11
WORK,E,26123,1895382594056,132609209665925
WORK,B,26123,1895382595988,132609209665925,11
WORK,E,26120,1895382597548,132609209665925
WORK,B,26120,1895382599389,132609209665925,11
WORK,E,26116,1895382622428,132609209596068
WORK,B,26116,1895382626538,132609209596068,11
WORK,E,26123,1895382640648,132609209665925
WORK,B,26123,1895382642845,132609209665925,11
WORK,E,26123,1895382682494,132609209665925
WORK,B,26123,1895382683693,132609209665925,11
WORK,E,26123,1895382701199,132609209665925
WORK,B,26123,1895382702380,132609209665925,11
WORK,E,26123,1895382747532,132609209665925
WORK,B,26123,1895382749377,132609209665925,11
WORK,E,26121,1895382816954,132609209665925
WORK,B,26121,1895382823670,132609209665925,11
WORK,E,26115,1895382861336,132609209665925
WORK,B,26115,1895382865086,132609209665925,11
WORK,E,26114,1895382885326,132609209665925
WORK,B,26114,1895382887835,132609209665925,11
WORK,E,26117,1895382940019,132609209665925
WORK,B,26117,1895382941999,132609209665925,11
WORK,E,26120,1895383009239,132609209665925
WORK,B,26120,1895383010919,132609209665925,11
WORK,E,26114,1895383084663,132609209665925
WORK,B,26114,1895383086825,132609209665925,11
WORK,E,26119,1895383134652,132609209665925
WORK,B,26119,1895383137817,132609209665925,11
WORK,E,26120,1895383176530,132609209665925
WORK,B,26120,1895383178170,132609209665925,11
WORK,E,26116,1895383505759,132609209596068
WORK,B,26116,1895383510107,132609209596068,11
WORK,E,26115,1895383669660,132609209665925
WORK,B,26115,1895383674247,132609209665925,11
WORK,E,26121,1895383832434,132609209665925
WORK,B,26121,1895383836786,132609209665925,11
WORK,E,26116,1895383906002,132609209596068
WORK,B,26116,1895383909299,132609209596068,11
WORK,E,26120,1895383942324,132609209665925
WORK,B,26120,1895383944080,132609209665925,11
WORK,E,26119,1895383953747,132609209665925
WORK,B,26119,1895383957533,132609209665925,11
WORK,E,26115,1895384129502,132609209665925
WORK,B,26115,1895384133112,132609209665925,11
WORK,E,26114,1895384203686,132609209665925
WORK,B,26114,1895384206568,132609209665925,11
WORK,E,26116,1895384410115,132609209596068
WORK,B,26116,1895384413783,132609209596068,11
WORK,E,26114,1895384541883,132609209665925
WORK,B,26114,1895384544033,132609209665925,11
WORK,E,26115,1895384547231,132609209665925
WORK,B,26115,1895384551047,132609209665925,11
WORK,E,26120,1895384655350,132609209665925
WORK,B,26120,1895384657025,132609209665925,11
WORK,E,26120,1895384774997,132609209665925
WORK,B,26120,1895384776417,132609209665925,11
WORK,E,26118,1895384811066,132609209665925
WORK,B,26118,1895384814479,132609209665925,11
WORK,E,26120,1895384923868,132609209665925
WORK,E,26119,1895384930330,132609209665925
WORK,B,26119,1895384934718,132609209665925,11
WORK,B,26120,1895384945823,132609209665925,11
WORK,E,26113,1895385039974,132609209665925
WORK,B,26113,1895385043995,132609209665925,11
WORK,E,26115,1895385052421,132609209665925
WORK,B,26115,1895385055534,132609209665925,11
WORK,E,26121,1895385072026,132609209665925
WORK,B,26121,1895385075836,132609209665925,11
WORK,E,26114,1895385152962,132609209665925
WORK,B,26114,1895385155130,132609209665925,11
WORK,E,26120,1895385192267,132609209665925
WORK,B,26120,1895385193878,132609209665925,11
WORK,E,26115,1895385651123,132609209665925
WORK,B,26115,1895385657119,132609209665925,11
WORK,E,26120,1895385746904,132609209665925
WORK,B,26120,1895385749513,132609209665925,11
WORK,E,26116,1895386016693,132609209596068
WORK,B,26116,1895386020843,132609209596068,11
WORK,E,26120,1895386050890,132609209665925
WORK,B,26120,1895386052633,132609209665925,11
WORK,E,26116,1895386056151,132609209596068
WORK,B,26116,1895386057463,132609209596068,11
WORK,E,26119,1895386070071,132609209665925
WORK,B,26119,1895386073665,132609209665925,11
WORK,E,26115,1895386102564,132609209665925
WORK,B,26115,1895386107305,132609209665925,11
WORK,E,26118,1895386305990,132609209665925
WORK,B,26118,1895386308759,132609209665925,11
WORK,E,26115,1895386315614,132609209665925
WORK,B,26115,1895386319330,132609209665925,11
WORK,E,26121,1895386532151,132609209665925
WORK,B,26121,1895386536732,132609209665925,11
WORK,E,26120,1895386625935,132609209665925
WORK,B,26120,1895386627842,132609209665925,11
WORK,E,26114,1895386819291,132609209665925
WORK,B,26114,1895386822160,132609209665925,11
WORK,E,26118,1895386849045,132609209665925
WORK,B,26118,1895386852989,132609209665925,11
WORK,E,26115,1895387136280,132609209665925
WORK,B,26115,1895387140100,132609209665925,11
WORK,E,26118,1895387165982,132609209665925
WORK,E,26116,1895387165936,132609209596068
WORK,B,26118,1895387167926,132609209665925,11
WORK,B,26116,1895387169851,132609209665925,11
WORK,E,26123,1895387251443,132609209665925
WORK,B,26123,1895387255516,132609209665925,11
WORK,E,26120,1895387316890,132609209665925
WORK,B,26120,1895387318827,132609209665925,11
WORK,E,26114,1895387394695,132609209665925
WORK,B,26114,1895387396773,132609209665925,11
WORK,E,26121,1895387400813,132609209665925
WORK,B,26121,1895387404640,132609209665925,11
WORK,E,26113,1895387405357,132609209665925
WORK,B,26113,1895387409286,132609209665925,11
WORK,E,26122,1895387424237,132609209665925
WORK,B,26122,1895387429144,132609209665925,11
WORK,E,26122,1895387447419,132609209665925
WORK,B,26122,1895387448662,132609209665925,11
WORK,E,26118,1895387449285,132609209665925
WORK,B,26118,1895387451102,132609209665925,11
WORK,E,26119,1895387524896,132609209665925
WORK,B,26119,1895387528516,132609209665925,11
WORK,E,26120,1895387616181,132609209665925
WORK,B,26120,1895387645335,132609209665925,11
WORK,E,26115,1895387725672,132609209665925
WORK,E,26114,1895387741170,132609209665925
WORK,B,26114,1895387743138,132609209665925,11
WORK,E,26117,1895387749516,132609209665925
WORK,B,26117,1895387752196,132609209665925,11
WORK,B,26115,1895387764034,132609209665925,11
WORK,E,26119,1895387849542,132609209665925
WORK,E,26118,1895387851556,132609209665925
WORK,B,26118,1895387853784,132609209665925,11
WORK,B,26119,1895387887761,132609209665925,11
WORK,E,26122,1895387902126,132609209665925
WORK,B,26122,1895387905572,132609209665925,11
WORK,E,26118,1895388094804,132609209665925
WORK,B,26118,1895388102168,132609209665925,11
WORK,E,26114,1895388185555,132609209665925
WORK,E,26120,1895388190723,132609209665925
WORK,B,26114,1895388191211,132609209665925,11
WORK,B,26120,1895388192811,132609209665925,11
WORK,E,26122,1895388280039,132609209665925
WORK,E,26123,1895388290507,132609209665925
WORK,B,26123,1895388294424,132609209665925,11
WORK,B,26122,1895388316272,132609209665925,11
WORK,E,26115,1895388357652,132609209665925
WORK,B,26115,1895388387942,132609209665925,11
WORK,E,26121,1895388435484,132609209665925
WORK,B,26121,1895388471460,132609209665925,11
WORK,E,26120,1895388496044,132609209665925
WORK,E,26118,1895388496207,132609209665925
WORK,B,26118,1895388500279,132609209665925,11
WORK,B,26120,1895388518206,132609209665925,11
WORK,E,26113,1895388578093,132609209665925
WORK,B,26113,1895388614637,132609209665925,11
WORK,E,26114,1895388637045,132609209665925
WORK,B,26114,1895388639167,132609209665925,11
WORK,E,26122,1895388850504,132609209665925
WORK,B,26122,1895388889332,132609209665925,11
WORK,E,26115,1895388928789,132609209665925
WORK,B,26115,1895388940937,132609209665925,11
WORK,E,26118,1895388990535,132609209665925
WORK,E,26117,1895389006458,132609209665925
WORK,B,26117,1895389010590,132609209665925,11
WORK,B,26118,1895389017883,132609209665925,11
WORK,E,26123,1895389080484,132609209665925
WORK,E,26114,1895389097186,132609209665925
WORK,B,26114,1895389099284,132609209665925,11
WORK,B,26123,1895389140902,132609209665925,11
WORK,E,26122,1895389175789,132609209665925
WORK,B,26122,1895389221147,132609209665925,11
WORK,E,26114,1895389288385,132609209665925
WORK,B,26114,1895389321213,132609209665925,11
WORK,E,26115,1895389372930,132609209665925
WORK,E,26118,1895389397674,132609209665925
WORK,B,26118,1895389399555,132609209665925,11
WORK,B,26115,1895389403905,132609209665925,11
WORK,E,26113,1895389623577,132609209665925
WORK,B,26113,1895389659076,132609209665925,11
WORK,E,26114,1895389671018,132609209665925
WORK,B,26114,1895389673283,132609209665925,11
WORK,E,26123,1895389694226,132609209665925
WORK,B,26123,1895389703861,132609209665925,11
WORK,E,26122,1895389708045,132609209665925
WORK,B,26122,1895389711529,132609209665925,11
WORK,E,26121,1895389756643,132609209665925
WORK,B,26121,1895389790201,132609209665925,11
WORK,E,26118,1895389811337,132609209665925
WORK,B,26118,1895389813701,132609209665925,11
WORK,E,26120,1895389813857,132609209665925
WORK,B,26120,1895389815736,132609209665925,11
WORK,E,26114,1895389869996,132609209665925
WORK,E,26119,1895389876691,132609209665925
WORK,B,26119,1895389880221,132609209665925,11
WORK,B,26114,1895389893445,132609209665925,11
WORK,E,26115,1895389993013,132609209665925
WORK,B,26115,1895390024860,132609209665925,11
WORK,E,26122,1895390085261,132609209665925
WORK,B,26122,1895390120627,132609209665925,11
WORK,E,26118,1895390222319,132609209665925
WORK,B,26118,1895390247056,132609209665925,11
WORK,E,26114,1895390335977,132609209665925
WORK,B,26114,1895390356519,132609209665925,11
WORK,E,26123,1895390365073,132609209665925
WORK,B,26123,1895390368127,132609209665925,11
WORK,E,26114,1895390613782,132609209665925
WORK,B,26114,1895390630766,132609209665925,11
WORK,E,26117,1895390643919,132609209665925
WORK,B,26117,1895390646353,132609209665925,11
WORK,E,26113,1895390650937,132609209665925
WORK,E,26121,1895390653617,132609209665925
WORK,B,26113,1895390655304,132609209665925,11
WORK,B,26121,1895390657074,132609209665925,11
WORK,E,26122,1895390756002,132609209665925
WORK,E,26114,1895390785360,132609209665925
WORK,B,26114,1895390787275,132609209665925,11
WORK,B,26122,1895390790210,132609209665925,11
WORK,E,26118,1895390796026,132609209665925
WORK,B,26118,1895390798197,132609209665925,11
WORK,E,26121,1895390873019,132609209665925
WORK,B,26121,1895390903848,132609209665925,11
WORK,E,26123,1895390932470,132609209665925
WORK,B,26123,1895390938792,132609209665925,11
WORK,E,26114,1895390960119,132609209665925
WORK,B,26114,1895390981343,132609209665925,11
WORK,E,26116,1895391114258,132609209665925
WORK,E,26121,1895391124758,132609209665925
WORK,B,26121,1895391128481,132609209665925,11
WORK,E,26123,1895391151100,132609209665925
WORK,B,26123,1895391153445,132609209665925,11
WORK,E,26122,1895391171269,132609209665925
WORK,B,26122,1895391173915,132609209665925,11
WORK,E,26118,1895391290875,132609209665925
WORK,B,26118,1895391292877,132609209665925,11
WORK,E,26121,1895391298506,132609209665925
WORK,B,26121,1895391301046,132609209665925,11
WORK,B,26116,1895391315920,132609209665925,11
WORK,E,26113,1895391330485,132609209665925
WORK,B,26113,1895391334423,132609209665925,11
WORK,E,26117,1895391374502,132609209665925
WORK,B,26117,1895391376846,132609209665925,11
WORK,E,26123,1895391425268,132609209665925
WORK,B,26123,1895391431042,132609209665925,11
WORK,E,26122,1895391570113,132609209665925
WORK,B,26122,1895391573919,132609209665925,11
WORK,E,26119,1895391613138,132609209665925
WORK,B,26119,1895391616890,132609209665925,11
WORK,E,26116,1895391720062,132609209665925
WORK,B,26116,1895391724196,132609209665925,11
WORK,E,26117,1895391901185,132609209665925
WORK,B,26117,1895391903565,132609209665925,11
WORK,E,26118,1895391959676,132609209665925
WORK,B,26118,1895391962355,132609209665925,11
WORK,E,26116,1895391962521,132609209665925
WORK,B,26116,1895391966085,132609209665925,11
WORK,E,26123,1895392000194,132609209665925
WORK,B,26123,1895392003478,132609209665925,11
WORK,E,26114,1895392110801,132609209665925
WORK,B,26114,1895392113519,132609209665925,11
WORK,E,26116,1895392158677,132609209665925
WORK,B,26116,1895392161959,132609209665925,11
WORK,E,26120,1895392240791,132609209665925
WORK,B,26120,1895392243401,132609209665925,11
WORK,E,26114,1895392271404,132609209665925
WORK,B,26114,1895392273814,132609209665925,11
WORK,E,26118,1895392337993,132609209665925
WORK,B,26118,1895392339933,132609209665925,11
WORK,E,26117,1895392351209,132609209665925
WORK,B,26117,1895392353063,132609209665925,11
WORK,E,26113,1895392392441,132609209665925
WORK,E,26123,1895392396482,132609209665925
WORK,B,26113,1895392396886,132609209665925,11
WORK,B,26123,1895392402600,132609209665925,11
WORK,E,26122,1895392419842,132609209665925
WORK,E,26116,1895392420345,132609209665925
WORK,B,26122,1895392423258,132609209665925,11
WORK,B,26116,1895392423686,132609209665925,11
WORK,E,26114,1895392425057,132609209665925
WORK,B,26114,1895392427026,132609209665925,11
WORK,E,26114,1895392562632,132609209665925
WORK,B,26114,1895392564654,132609209665925,11
WORK,E,26123,1895392602789,132609209665925
WORK,B,26123,1895392605547,132609209665925,11
WORK,E,26118,1895392646149,132609209665925
WORK,B,26118,1895392648006,132609209665925,11
WORK,E,26116,1895392664199,132609209665925
WORK,B,26116,1895392667543,132609209665925,11
WORK,E,26114,1895392846375,132609209665925
WORK,B,26114,1895392848400,132609209665925,11
WORK,E,26116,1895392885803,132609209665925
WORK,B,26116,1895392889139,132609209665925,11
WORK,E,26118,1895392917872,132609209665925
WORK,B,26118,1895392919759,132609209665925,11
WORK,E,26122,1895392992061,132609209665925
WORK,B,26122,1895392996132,132609209665925,11
WORK,E,26120,1895393016811,132609209665925
WORK,B,26120,1895393018685,132609209665925,11
WORK,E,26117,1895393023396,132609209665925
WORK,B,26117,1895393025374,132609209665925,11
WORK,E,26116,1895393084181,132609209665925
WORK,B,26116,1895393087365,132609209665925,11
WORK,E,26115,1895393172291,132609209665925
WORK,B,26115,1895393176079,132609209665925,11
WORK,E,26118,1895393208540,132609209665925
WORK,B,26118,1895393210533,132609209665925,11
WORK,E,26113,1895393320127,132609209665925
WORK,B,26113,1895393323537,132609209665925,11
WORK,E,26118,1895393467264,132609209665925
WORK,B,26118,1895393469328,132609209665925,11
WORK,E,26117,1895393713209,132609209665925
WORK,B,26117,1895393715830,132609209665925,11
WORK,E,26121,1895393718635,132609209665925
WORK,B,26121,1895393722515,132609209665925,11
WORK,E,26121,1895393765853,132609209665925
WORK,B,26121,1895393767978,132609209665925,11
WORK,E,26121,1895393781496,132609209665925
WORK,B,26121,1895393782548,132609209665925,11
WORK,E,26121,1895393817100,132609209665925
WORK,B,26121,1895393819087,132609209665925,11
WORK,E,26118,1895393935911,132609209665925
WORK,B,26118,1895393937967,132609209665925,11
WORK,E,26117,1895394181169,132609209665925
WORK,B,26117,1895394183377,132609209665925,11
WORK,E,26118,1895394290627,132609209665925
WORK,B,26118,1895394292773,132609209665925,11
WORK,E,26113,1895394352278,132609209665925
WORK,B,26113,1895394387911,132609209665925,11
WORK,E,26122,1895394416627,132609209665925
WORK,B,26122,1895394420776,132609209665925,11
WORK,E,26114,1895394493551,132609209665925
WORK,B,26114,1895394495734,132609209665925,11
WORK,E,26123,1895394508006,132609209665925
WORK,B,26123,1895394511525,132609209665925,11
WORK,E,26117,1895394572509,132609209665925
WORK,B,26117,1895394574463,132609209665925,11
WORK,E,26122,1895394595087,132609209665925
WORK,B,26122,1895394597464,132609209665925,11
WORK,E,26118,1895394674674,132609209665925
WORK,B,26118,1895394676587,132609209665925,11
WORK,E,26115,1895394856935,132609209665925
WORK,E,26119,1895394857233,132609209665925
WORK,B,26119,1895394861259,132609209665925,11
WORK,B,26115,1895394861540,132609209665925,11
WORK,E,26120,1895394896090,132609209665925
WORK,B,26120,1895394898280,132609209665925,11
WORK,E,26118,1895395088878,132609209665925
WORK,B,26118,1895395090669,132609209665925,11
WORK,E,26122,1895395289632,132609209665925
WORK,B,26122,1895395293998,132609209665925,11
WORK,E,26115,1895395376669,132609209665925
WORK,B,26115,1895395379589,132609209665925,11
WORK,E,26120,1895395445628,132609209665925
WORK,B,26120,1895395447529,132609209665925,11
WORK,E,26118,1895395476814,132609209665925
WORK,B,26118,1895395478727,132609209665925,11
WORK,E,26117,1895395510324,132609209665925
WORK,E,26116,1895395511594,132609209665925
WORK,B,26117,1895395513030,132609209665925,11
WORK,B,26116,1895395515365,132609209665925,11
WORK,E,26113,1895395561639,132609209665925
WORK,B,26113,1895395567357,132609209665925,11
WORK,E,26119,1895395609328,132609209665925
WORK,B,26119,1895395612597,132609209665925,11
WORK,E,26122,1895395654020,132609209665925
WORK,B,26122,1895395658167,132609209665925,11
WORK,E,26115,1895395680589,132609209665925
WORK,B,26115,1895395683819,132609209665925,11
WORK,E,26120,1895395688746,132609209665925
WORK,E,26118,1895395689588,132609209665925
WORK,E,26123,1895395690224,132609209665925
WORK,B,26120,1895395690814,132609209665925,11
WORK,B,26118,1895395691124,132609209665925,11
WORK,B,26123,1895395693644,132609209665925,11
WORK,E,26115,1895395851820,132609209665925
WORK,B,26115,1895395854553,132609209665925,11
WORK,E,26116,1895395860502,132609209665925
WORK,B,26116,1895395864888,132609209665925,11
WORK,E,26122,1895395983378,132609209665925
WORK,B,26122,1895395987119,132609209665925,11
WORK,E,26120,1895396001340,132609209665925
WORK,B,26120,1895396003186,132609209665925,11
WORK,E,26116,1895396032330,132609209665925
WORK,B,26116,1895396034905,132609209665925,11
WORK,E,26118,1895396074904,132609209665925
WORK,B,26118,1895396076879,132609209665925,11
WORK,E,26116,1895396165521,132609209665925
WORK,B,26116,1895396167565,132609209665925,11
WORK,E,26122,1895396267166,132609209665925
WORK,B,26122,1895396270072,132609209665925,11
WORK,E,26119,1895396296323,132609209665925
WORK,B,26119,1895396299935,132609209665925,11
WORK,E,26113,1895396317524,132609209665925
WORK,B,26113,1895396321200,132609209665925,11
WORK,E,26114,1895396360161,132609209665925
WORK,B,26114,1895396363272,132609209665925,11
WORK,E,26116,1895396374435,132609209665925
WORK,B,26116,1895396376849,132609209665925,11
WORK,E,26120,1895396399728,132609209665925
WORK,E,26118,1895396400997,132609209665925
WORK,B,26120,1895396402121,132609209665925,11
WORK,B,26118,1895396402664,132609209665925,11
WORK,E,26117,1895396503559,132609209665925
WORK,B,26117,1895396507160,132609209665925,11
WORK,E,26115,1895396520665,132609209665925
WORK,B,26115,1895396527076,132609209665925,11
WORK,E,26122,1895396532477,132609209665925
WORK,B,26122,1895396537451,132609209665925,11
WORK,E,26122,1895396881034,132609209665925
WORK,B,26122,1895396883471,132609209665925,11
WORK,E,26118,1895396908979,132609209665925
WORK,B,26118,1895396910959,132609209665925,11
WORK,E,26119,1895396973193,132609209665925
WORK,B,26119,1895396976477,132609209665925,11
WORK,E,26117,1895397054387,132609209665925
WORK,B,26117,1895397056454,132609209665925,11
WORK,E,26120,1895397145550,132609209665925
WORK,B,26120,1895397147600,132609209665925,11
WORK,E,26117,1895397218893,132609209665925
WORK,B,26117,1895397220827,132609209665925,11
WORK,E,26122,1895397310538,132609209665925
WORK,B,26122,1895397313229,132609209665925,11
WORK,E,26116,1895397326297,132609209665925
WORK,B,26116,1895397329759,132609209665925,11
WORK,E,26118,1895397373915,132609209665925
WORK,B,26118,1895397375767,132609209665925,11
WORK,E,26117,1895397405015,132609209665925
WORK,B,26117,1895397407082,132609209665925,11
WORK,E,26123,1895397419334,132609209665925
WORK,B,26123,1895397421921,132609209665925,11
WORK,E,26113,1895397435121,132609209665925
WORK,B,26113,1895397440460,132609209665925,11
WORK,E,26119,1895397466604,132609209665925
WORK,B,26119,1895397469759,132609209665925,11
WORK,E,26114,1895397482854,132609209665925
WORK,B,26114,1895397484902,132609209665925,11
WORK,E,26122,1895397533195,132609209665925
WORK,B,26122,1895397535699,132609209665925,11
WORK,E,26118,1895397575723,132609209665925
WORK,B,26118,1895397577731,132609209665925,11
WORK,E,26117,1895397698254,132609209665925
WORK,B,26117,1895397700366,132609209665925,11
WORK,E,26122,1895397784980,132609209665925
WORK,B,26122,1895397788412,132609209665925,11
WORK,E,26120,1895397793149,132609209665925
WORK,B,26120,1895397795112,132609209665925,11
WORK,E,26114,1895397842299,132609209665925
WORK,B,26114,1895397844189,132609209665925,11
WORK,E,26118,1895397858449,132609209665925
WORK,B,26118,1895397860363,132609209665925,11
WORK,E,26116,1895397865481,132609209665925
WORK,B,26116,1895397869068,132609209665925,11
WORK,E,26113,1895397911453,132609209665925
WORK,B,26113,1895397913626,132609209665925,11
WORK,E,26119,1895397979648,132609209665925
WORK,B,26119,1895397984714,132609209665925,11
WORK,E,26123,1895398058947,132609209665925
WORK,B,26123,1895398063291,132609209665925,11
WORK,E,26118,1895398122702,132609209665925
WORK,B,26118,1895398124832,132609209665925,11
WORK,E,26120,1895398217880,132609209665925
WORK,B,26120,1895398220223,132609209665925,11
WORK,E,26117,1895398252686,132609209665925
WORK,B,26117,1895398254666,132609209665925,11
WORK,E,26116,1895398291013,132609209665925
WORK,B,26116,1895398295468,132609209665925,11
WORK,E,26119,1895398382492,132609209665925
WORK,B,26119,1895398384835,132609209665925,11
WORK,E,26114,1895398386581,132609209665925
WORK,B,26114,1895398388506,132609209665925,11
WORK,E,26116,1895398553079,132609209665925
WORK,B,26116,1895398558729,132609209665925,11
WORK,E,26114,1895398577349,132609209665925
WORK,B,26114,1895398579178,132609209665925,11
WORK,E,26117,1895398651202,132609209665925
WORK,B,26117,1895398653171,132609209665925,11
WORK,E,26113,1895398663558,132609209665925
WORK,B,26113,1895398666876,132609209665925,11
WORK,E,26120,1895398694353,132609209665925
WORK,B,26120,1895398696321,132609209665925,11
WORK,E,26118,1895398699071,132609209665925
WORK,B,26118,1895398700744,132609209665925,11
WORK,E,26122,1895398713303,132609209665925
WORK,B,26122,1895398717634,132609209665925,11
WORK,E,26119,1895398770561,132609209665925
WORK,B,26119,1895398772931,132609209665925,11
WORK,E,26121,1895398807673,132609209665925
WORK,B,26121,1895398811627,132609209665925,11
WORK,E,26120,1895398850166,132609209665925
WORK,B,26120,1895398851926,132609209665925,11
WORK,E,26113,1895398961498,132609209665925
WORK,B,26113,1895398963828,132609209665925,11
WORK,E,26122,1895399034674,132609209665925
WORK,B,26122,1895399037511,132609209665925,11
WORK,E,26123,1895399042652,132609209665925
WORK,B,26123,1895399048257,132609209665925,11
WORK,E,26117,1895399125386,132609209665925
WORK,B,26117,1895399127459,132609209665925,11
WORK,E,26118,1895399128197,132609209665925
WORK,B,26118,1895399130142,132609209665925,11
WORK,E,26119,1895399161012,132609209665925
WORK,B,26119,1895399163293,132609209665925,11
WORK,E,26120,1895399197097,132609209665925
WORK,B,26120,1895399199002,132609209665925,11
WORK,E,26114,1895399204757,132609209665925
WORK,B,26114,1895399206615,132609209665925,11
WORK,E,26121,1895399228426,132609209665925
WORK,B,26121,1895399231832,132609209665925,11
WORK,E,26120,1895399363709,132609209665925
WORK,B,26120,1895399365731,132609209665925,11
WORK,E,26113,1895399400641,132609209665925
WORK,B,26113,1895399403878,132609209665925,11
WORK,E,26122,1895399513565,132609209665925
WORK,B,26122,1895399516905,132609209665925,11
WORK,E,26121,1895399560000,132609209665925
WORK,E,26117,1895399561069,132609209665925
WORK,B,26117,1895399563210,132609209665925,11
WORK,B,26121,1895399563402,132609209665925,11
WORK,E,26119,1895399614636,132609209665925
WORK,B,26119,1895399616868,132609209665925,11
WORK,E,26118,1895399679623,132609209665925
WORK,B,26118,1895399681433,132609209665925,11
WORK,E,26114,1895399706585,132609209665925
WORK,B,26114,1895399708412,132609209665925,11
WORK,E,26120,1895399742478,132609209665925
WORK,E,26123,1895399742368,132609209665925
WORK,B,26120,1895399744414,132609209665925,11
WORK,B,26123,1895399746264,132609209665925,11
WORK,E,26113,1895399750548,132609209665925
WORK,B,26113,1895399752958,132609209665925,11
WORK,E,26117,1895399808459,132609209665925
WORK,B,26117,1895399811019,132609209665925,11
WORK,E,26113,1895399874353,132609209665925
WORK,B,26113,1895399876717,132609209665925,11
WORK,E,26121,1895399916559,132609209665925
WORK,B,26121,1895399919751,132609209665925,11
WORK,E,26120,1895399940175,132609209665925
WORK,B,26120,1895399942075,132609209665925,11
WORK,E,26122,1895399979309,132609209665925
WORK,B,26122,1895399984138,132609209665925,11
WORK,E,26113,1895400062478,132609209665925
WORK,B,26113,1895400064733,132609209665925,11
WORK,E,26118,1895400080055,132609209665925
WORK,B,26118,1895400081903,132609209665925,11
WORK,E,26119,1895400108628,132609209665925
WORK,B,26119,1895400111974,132609209665925,11
WORK,E,26120,1895400123555,132609209665925
WORK,B,26120,1895400125265,132609209665925,11
WORK,E,26114,1895400266833,132609209665925
WORK,B,26114,1895400269100,132609209665925,11
WORK,E,26120,1895400314775,132609209665925
WORK,B,26120,1895400316640,132609209665925,11
WORK,E,26121,1895400317665,132609209665925
WORK,B,26121,1895400321214,132609209665925,11
WORK,E,26122,1895400324046,132609209665925
WORK,B,26122,1895400327931,132609209665925,11
WORK,E,26117,1895400343435,132609209665925
WORK,B,26117,1895400345403,132609209665925,11
WORK,E,26123,1895400366638,132609209665925
WORK,B,26123,1895400369745,132609209665925,11
WORK,E,26114,1895400493985,132609209665925
WORK,B,26114,1895400496109,132609209665925,11
WORK,E,26118,1895400585465,132609209665925
WORK,B,26118,1895400587346,132609209665925,11
WORK,E,26121,1895400630543,132609209665925
WORK,B,26121,1895400632805,132609209665925,11
WORK,E,26123,1895400671805,132609209665925
WORK,B,26123,1895400674332,132609209665925,11
WORK,E,26119,1895400702056,132609209665925
WORK,B,26119,1895400705367,132609209665925,11
WORK,E,26113,1895400762059,132609209665925
WORK,B,26113,1895400765210,132609209665925,11
WORK,E,26120,1895400784895,132609209665925
WORK,E,26117,1895400788437,132609209665925
WORK,B,26120,1895400789347,132609209665925,11
WORK,B,26117,1895400791475,132609209665925,11
WORK,E,26118,1895400916190,132609209665925
WORK,B,26118,1895400918232,132609209665925,11
WORK,E,26122,1895400932349,132609209665925
WORK,B,26122,1895400935234,132609209665925,11
WORK,E,26114,1895401028365,132609209665925
WORK,B,26114,1895401030756,132609209665925,11
WORK,E,26117,1895401095693,132609209665925
WORK,B,26117,1895401097700,132609209665925,11
WORK,E,26121,1895401123864,132609209665925
WORK,B,26121,1895401129913,132609209665925,11
WORK,E,26123,1895401134302,132609209665925
WORK,B,26123,1895401137804,132609209665925,11
WORK,E,26120,1895401217381,132609209665925
WORK,B,26120,1895401219308,132609209665925,11
WORK,E,26113,1895401332822,132609209665925
WORK,B,26113,1895401335327,132609209665925,11
WORK,E,26119,1895401350596,132609209665925
WORK,B,26119,1895401353223,132609209665925,11
WORK,E,26118,1895401356669,132609209665925
WORK,B,26118,1895401358491,132609209665925,11
WORK,E,26121,1895401548713,132609209665925
WORK,B,26121,1895401551400,132609209665925,11
WORK,E,26122,1895401572957,132609209665925
WORK,B,26122,1895401576442,132609209665925,11
WORK,E,26114,1895401579609,132609209665925
WORK,B,26114,1895401581732,132609209665925,11
WORK,E,26117,1895401594597,132609209665925
WORK,B,26117,1895401596287,132609209665925,11
WORK,E,26120,1895401658920,132609209665925
WORK,B,26120,1895401662503,132609209665925,11
WORK,E,26119,1895401699593,132609209665925
WORK,B,26119,1895401701784,132609209665925,11
WORK,E,26122,1895401823990,132609209665925
WORK,B,26122,1895401826712,132609209665925,11
WORK,E,26118,1895401874027,132609209665925
WORK,B,26118,1895401876190,132609209665925,11
WORK,E,26120,1895401929322,132609209665925
WORK,B,26120,1895401930931,132609209665925,11
WORK,E,26113,1895402003197,132609209665925
WORK,B,26113,1895402006721,132609209665925,11
WORK,E,26120,1895402046731,132609209665925
WORK,B,26120,1895402048651,132609209665925,11
WORK,E,26119,1895402067145,132609209665925
WORK,B,26119,1895402070913,132609209665925,11
WORK,E,26121,1895402125400,132609209665925
WORK,B,26121,1895402128912,132609209665925,11
WORK,E,26120,1895402161689,132609209665925
WORK,B,26120,1895402163632,132609209665925,11
WORK,E,26123,1895402171066,132609209665925
WORK,B,26123,1895402174771,132609209665925,11
WORK,E,26122,1895402183367,132609209665925
WORK,B,26122,1895402185454,132609209665925,11
WORK,E,26114,1895402197931,132609209665925
WORK,B,26114,1895402199935,132609209665925,11
WORK,E,26118,1895402228380,132609209665925
WORK,B,26118,1895402232686,132609209665925,11
WORK,E,26116,1895402537742,132609209665925
WORK,B,26116,1895402541790,132609209665925,11
WORK,E,26120,1895402590062,132609209665925
WORK,B,26120,1895402591881,132609209665925,11
WORK,E,26113,1895402598714,132609209665925
WORK,B,26113,1895402601440,132609209665925,11
WORK,E,26122,1895402681749,132609209665925
WORK,B,26122,1895402686216,132609209665925,11
WORK,E,26119,1895402692264,132609209665925
WORK,B,26119,1895402696497,132609209665925,11
WORK,E,26120,1895402893356,132609209665925
WORK,B,26120,1895402895048,132609209665925,11
WORK,E,26113,1895403069858,132609209665925
WORK,B,26113,1895403072265,132609209665925,11
WORK,E,26118,1895403074479,132609209665925
WORK,B,26118,1895403076464,132609209665925,11
WORK,E,26122,1895403110242,132609209665925
WORK,B,26122,1895403113044,132609209665925,11
WORK,E,26116,1895403149173,132609209665925
WORK,B,26116,1895403152752,132609209665925,11
WORK,E,26120,1895403222565,132609209665925
WORK,B,26120,1895403224690,132609209665925,11
WORK,E,26115,1895403333483,132609209665925
WORK,B,26115,1895403337433,132609209665925,11
WORK,E,26123,1895403371487,132609209665925
WORK,B,26123,1895403374802,132609209665925,11
WORK,E,26118,1895403411383,132609209665925
WORK,B,26118,1895403413276,132609209665925,11
WORK,E,26120,1895403414302,132609209665925
WORK,B,26120,1895403415519,132609209665925,11
WORK,E,26118,1895403647242,132609209665925
WORK,B,26118,1895403650297,132609209665925,11
WORK,E,26122,1895403660967,132609209665925
WORK,B,26122,1895403663296,132609209665925,11
WORK,E,26120,1895403680522,132609209665925
WORK,B,26120,1895403682265,132609209665925,11
WORK,E,26116,1895403697343,132609209665925
WORK,B,26116,1895403701153,132609209665925,11
WORK,E,26113,1895403840858,132609209665925
WORK,B,26113,1895403844265,132609209665925,11
WORK,E,26118,1895404014651,132609209665925
WORK,B,26118,1895404016667,132609209665925,11
WORK,E,26121,1895404068018,132609209665925
WORK,E,26122,1895404068872,132609209665925
WORK,B,26121,1895404071274,132609209665925,11
WORK,B,26122,1895404072549,132609209665925,11
WORK,E,26120,1895404145807,132609209665925
WORK,B,26120,1895404147603,132609209665925,11
WORK,E,26116,1895404239097,132609209665925
WORK,B,26116,1895404242327,132609209665925,11
WORK,E,26113,1895404252860,132609209665925
WORK,B,26113,1895404256650,132609209665925,11
WORK,E,26115,1895404433064,132609209665925
WORK,B,26115,1895404446997,132609209665925,11
WORK,E,26117,1895404452609,132609209665925
WORK,B,26117,1895404456036,132609209665925,11
WORK,E,26120,1895404539102,132609209665925
WORK,B,26120,1895404562484,132609209665925,11
WORK,E,26114,1895404589416,132609209665925
WORK,B,26114,1895404592323,132609209665925,11
WORK,E,26118,1895404625006,132609209665925
WORK,B,26118,1895404626872,132609209665925,11
WORK,E,26119,1895404667212,132609209665925
WORK,E,26122,1895404667208,132609209665925
WORK,B,26122,1895404670692,132609209665925,11
WORK,B,26119,1895404670883,132609209665925,11
WORK,E,26117,1895404873578,132609209665925
WORK,B,26117,1895404875548,132609209665925,11
WORK,E,26114,1895405007664,132609209665925
WORK,B,26114,1895405009467,132609209665925,11
WORK,E,26120,1895405107397,132609209665925
WORK,B,26120,1895405109513,132609209665925,11
WORK,E,26116,1895405125521,132609209665925
WORK,B,26116,1895405128007,132609209665925,11
WORK,E,26113,1895405199103,132609209665925
WORK,B,26113,1895405201524,132609209665925,11
WORK,E,26119,1895405264605,132609209665925
WORK,B,26119,1895405267315,132609209665925,11
WORK,E,26122,1895405279531,132609209665925
WORK,B,26122,1895405281682,132609209665925,11
WORK,E,26120,1895405285925,132609209665925
WORK,B,26120,1895405287986,132609209665925,11
WORK,E,26114,1895405305719,132609209665925
WORK,B,26114,1895405307634,132609209665925,11
WORK,E,26118,1895405326786,132609209665925
WORK,B,26118,1895405329058,132609209665925,11
WORK,E,26117,1895405499706,132609209665925
WORK,B,26117,1895405501788,132609209665925,11
WORK,E,26122,1895405532128,132609209665925
WORK,B,26122,1895405535134,132609209665925,11
WORK,E,26120,1895405793358,132609209665925
WORK,B,26120,1895405795456,132609209665925,11
WORK,E,26118,1895405799388,132609209665925
WORK,B,26118,1895405802912,132609209665925,11
WORK,E,26113,1895405828242,132609209665925
WORK,B,26113,1895405831871,132609209665925,11
WORK,E,26119,1895405874759,132609209665925
WORK,B,26119,1895405877501,132609209665925,11
WORK,E,26114,1895405879294,132609209665925
WORK,B,26114,1895405881393,132609209665925,11
WORK,E,26116,1895405889276,132609209665925
WORK,B,26116,1895405892749,132609209665925,11
WORK,E,26115,1895405939151,132609209665925
WORK,B,26115,1895405942290,132609209665925,11
WORK,E,26121,1895405992562,132609209665925
WORK,B,26121,1895405995730,132609209665925,11
WORK,E,26117,1895406046422,132609209665925
WORK,B,26117,1895406048475,132609209665925,11
WORK,E,26120,1895406078307,132609209665925
WORK,B,26120,1895406080510,132609209665925,11
WORK,E,26122,1895406142727,132609209665925
WORK,B,26122,1895406146109,132609209665925,11
WORK,E,26114,1895406279515,132609209665925
WORK,B,26114,1895406281364,132609209665925,11
WORK,E,26119,1895406288938,132609209665925
WORK,B,26119,1895406291150,132609209665925,11
WORK,E,26117,1895406339087,132609209665925
WORK,B,26117,1895406340904,132609209665925,11
WORK,E,26113,1895406371772,132609209665925
WORK,B,26113,1895406374369,132609209665925,11
WORK,E,26120,1895406440238,132609209665925
WORK,B,26120,1895406442261,132609209665925,11
WORK,E,26116,1895406542634,132609209665925
WORK,B,26116,1895406546015,132609209665925,11
WORK,E,26121,1895406615425,132609209665925
WORK,B,26121,1895406620073,132609209665925,11
WORK,E,26117,1895406718775,132609209665925
WORK,B,26117,1895406720973,132609209665925,11
WORK,E,26119,1895406785324,132609209665925
WORK,E,26118,1895406787019,132609209665925
WORK,B,26118,1895406789093,132609209665925,11
WORK,B,26119,1895406789153,132609209665925,11
WORK,E,26113,1895406798400,132609209665925
WORK,B,26113,1895406800644,132609209665925,11
WORK,E,26114,1895406976929,132609209665925
WORK,B,26114,1895406978887,132609209665925,11
WORK,E,26121,1895406980181,132609209665925
WORK,B,26121,1895406982425,132609209665925,11
WORK,E,26117,1895407035453,132609209665925
WORK,B,26117,1895407037797,132609209665925,11
WORK,E,26120,1895407046879,132609209665925
WORK,B,26120,1895407049262,132609209665925,11
WORK,E,26116,1895407136979,132609209665925
WORK,B,26116,1895407139804,132609209665925,11
WORK,E,26119,1895407280800,132609209665925
WORK,B,26119,1895407284524,132609209665925,11
WORK,E,26114,1895407296833,132609209665925
WORK,B,26114,1895407298977,132609209665925,11
WORK,E,26121,1895407309058,132609209665925
WORK,B,26121,1895407311435,132609209665925,11
WORK,E,26120,1895407343354,132609209665925
WORK,B,26120,1895407345260,132609209665925,11
WORK,E,26113,1895407351963,132609209665925
WORK,B,26113,1895407354137,132609209665925,11
WORK,E,26115,1895407380816,132609209665925
WORK,B,26115,1895407385794,132609209665925,11
WORK,E,26117,1895407418292,132609209665925
WORK,B,26117,1895407420045,132609209665925,11
WORK,E,26118,1895407453351,132609209665925
WORK,B,26118,1895407455502,132609209665925,11
WORK,E,26122,1895407501992,132609209665925
WORK,B,26122,1895407505030,132609209665925,11
WORK,E,26114,1895407571211,132609209665925
WORK,B,26114,1895407573460,132609209665925,11
WORK,E,26120,1895407684110,132609209665925
WORK,B,26120,1895407687478,132609209665925,11
WORK,E,26117,1895407730729,132609209665925
WORK,B,26117,1895407732675,132609209665925,11
WORK,E,26119,1895407766237,132609209665925
WORK,B,26119,1895407768860,132609209665925,11
WORK,E,26121,1895407869737,132609209665925
WORK,B,26121,1895407873922,132609209665925,11
WORK,E,26113,1895407891219,132609209665925
WORK,B,26113,1895407894351,132609209665925,11
WORK,E,26118,1895408070879,132609209665925
WORK,B,26118,1895408073048,132609209665925,11
WORK,E,26114,1895408074588,132609209665925
WORK,B,26114,1895408076668,132609209665925,11
WORK,E,26120,1895408085275,132609209665925
WORK,B,26120,1895408087135,132609209665925,11
WORK,E,26117,1895408128645,132609209665925
WORK,B,26117,1895408130687,132609209665925,11
WORK,E,26119,1895408210902,132609209665925
WORK,B,26119,1895408213639,132609209665925,11
WORK,E,26114,1895408257915,132609209665925
WORK,B,26114,1895408259837,132609209665925,11
WORK,E,26120,1895408286605,132609209665925
WORK,E,26122,1895408286794,132609209665925
WORK,B,26120,1895408288599,132609209665925,11
WORK,B,26122,1895408290118,132609209665925,11
WORK,E,26113,1895408326144,132609209665925
WORK,B,26113,1895408331592,132609209665925,11
WORK,E,26117,1895408392959,132609209665925
WORK,B,26117,1895408395159,132609209665925,11
WORK,E,26118,1895408447633,132609209665925
WORK,B,26118,1895408449751,132609209665925,11
WORK,E,26123,1895408488296,132609209665925
WORK,B,26123,1895408492819,132609209665925,11
WORK,E,26114,1895408546811,132609209665925
WORK,B,26114,1895408548584,132609209665925,11
WORK,E,26120,1895408585513,132609209665925
WORK,B,26120,1895408587285,132609209665925,11
WORK,E,26118,1895408619092,132609209665925
WORK,B,26118,1895408620672,132609209665925,11
WORK,E,26117,1895408624273,132609209665925
WORK,B,26117,1895408626116,132609209665925,11
WORK,E,26113,1895408669578,132609209665925
WORK,B,26113,1895408674072,132609209665925,11
WORK,E,26119,1895408727500,132609209665925
WORK,B,26119,1895408731637,132609209665925,11
WORK,E,26122,1895408789952,132609209665925
WORK,B,26122,1895408792755,132609209665925,11
WORK,E,26114,1895408806994,132609209665925
WORK,B,26114,1895408808882,132609209665925,11
WORK,E,26120,1895408841980,132609209665925
WORK,B,26120,1895408843951,132609209665925,11
WORK,E,26117,1895408982318,132609209665925
WORK,B,26117,1895408985806,132609209665925,11
WORK,E,26113,1895409011080,132609209665925
WORK,B,26113,1895409013527,132609209665925,11
WORK,E,26114,1895409096299,132609209665925
WORK,B,26114,1895409098325,132609209665925,11
WORK,E,26119,1895409108131,132609209665925
WORK,B,26119,1895409110962,132609209665925,11
WORK,E,26118,1895409121847,132609209665925
WORK,B,26118,1895409125378,132609209665925,11
WORK,E,26120,1895409150362,132609209665925
WORK,B,26120,1895409152224,132609209665925,11
WORK,E,26114,1895409274964,132609209665925
WORK,B,26114,1895409276742,132609209665925,11
WORK,E,26123,1895409326763,132609209665925
WORK,B,26123,1895409330911,132609209665925,11
WORK,E,26113,1895409356426,132609209665925
WORK,B,26113,1895409358492,132609209665925,11
WORK,E,26122,1895409414895,132609209665925
WORK,B,26122,1895409417400,132609209665925,11
WORK,E,26120,1895409446666,132609209665925
WORK,B,26120,1895409448412,132609209665925,11
WORK,E,26114,1895409505228,132609209665925
WORK,B,26114,1895409507434,132609209665925,11
WORK,E,26117,1895409589480,132609209665925
WORK,B,26117,1895409591583,132609209665925,11
WORK,E,26119,1895409603519,132609209665925
WORK,B,26119,1895409607061,132609209665925,11
WORK,E,26118,1895409627086,132609209665925
WORK,B,26118,1895409628937,132609209665925,11
WORK,E,26113,1895409640103,132609209665925
WORK,B,26113,1895409644485,132609209665925,11
WORK,E,26120,1895409691451,132609209665925
WORK,B,26120,1895409693206,132609209665925,11
WORK,E,26122,1895409793068,132609209665925
WORK,B,26122,1895409796522,132609209665925,11
WORK,E,26120,1895409851682,132609209665925
WORK,B,26120,1895409853526,132609209665925,11
WORK,E,26114,1895409887139,132609209665925
WORK,B,26114,1895409889425,132609209665925,11
WORK,E,26118,1895409892850,132609209665925
WORK,B,26118,1895409894664,132609209665925,11
WORK,E,26119,1895409997393,132609209665925
WORK,B,26119,1895410000110,132609209665925,11
WORK,E,26113,1895410013733,132609209665925
WORK,E,26123,1895410014381,132609209665925
WORK,B,26123,1895410017097,132609209665925,11
WORK,B,26113,1895410017515,132609209665925,11
WORK,E,26122,1895410087298,132609209665925
WORK,B,26122,1895410089704,132609209665925,11
WORK,E,26119,1895410295039,132609209665925
WORK,E,26120,1895410295947,132609209665925
WORK,B,26120,1895410298308,132609209665925,11
WORK,B,26119,1895410298645,132609209665925,11
WORK,E,26113,1895410325582,132609209665925
WORK,B,26113,1895410328063,132609209665925,11
WORK,E,26114,1895410345617,132609209665925
WORK,B,26114,1895410347615,132609209665925,11
WORK,E,26122,1895410450705,132609209665925
WORK,B,26122,1895410468718,132609209665925,11
WORK,E,26123,1895410648841,132609209665925
WORK,E,26113,1895410651393,132609209665925
WORK,B,26113,1895410654923,132609209665925,11
WORK,E,26117,1895410762678,132609209665925
WORK,B,26117,1895410765635,132609209665925,11
WORK,B,26123,1895410831585,132609209665925,11
WORK,E,26116,1895410844171,132609209665925
WORK,B,26116,1895410847761,132609209665925,11
WORK,E,26114,1895410874969,132609209665925
WORK,E,26120,1895410876336,132609209665925
WORK,B,26114,1895410877203,132609209665925,11
WORK,B,26120,1895410878766,132609209665925,11
WORK,E,26122,1895410886489,132609209665925
WORK,B,26122,1895410889333,132609209665925,11
WORK,E,26119,1895410973477,132609209665925
WORK,B,26119,1895410976877,132609209665925,11
WORK,E,26113,1895410991609,132609209665925
WORK,B,26113,1895410993929,132609209665925,11
WORK,E,26117,1895411049372,132609209665925
WORK,B,26117,1895411051250,132609209665925,11
WORK,E,26118,1895411112668,132609209665925
WORK,B,26118,1895411114959,132609209665925,11
WORK,E,26122,1895411135636,132609209665925
WORK,B,26122,1895411137831,132609209665925,11
WORK,E,26123,1895411193446,132609209665925
WORK,B,26123,1895411195983,132609209665925,11
WORK,E,26116,1895411286991,132609209665925
WORK,B,26116,1895411290731,132609209665925,11
WORK,E,26120,1895411383271,132609209665925
WORK,B,26120,1895411385083,132609209665925,11
WORK,E,26117,1895411505039,132609209665925
WORK,B,26117,1895411509184,132609209665925,11
WORK,E,26113,1895411521375,132609209665925
WORK,B,26113,1895411523524,132609209665925,11
WORK,E,26116,1895411599123,132609209665925
WORK,B,26116,1895411601132,132609209665925,11
WORK,E,26123,1895411614505,132609209665925
WORK,B,26123,1895411616589,132609209665925,11
WORK,E,26118,1895411675949,132609209665925
WORK,B,26118,1895411678141,132609209665925,11
WORK,E,26119,1895411732512,132609209665925
WORK,B,26119,1895411736652,132609209665925,11
WORK,E,26117,1895411741584,132609209665925
WORK,B,26117,1895411743711,132609209665925,11
WORK,E,26114,1895411815134,132609209665925
WORK,B,26114,1895411817165,132609209665925,11
WORK,E,26120,1895411934496,132609209665925
WORK,B,26120,1895411936436,132609209665925,11
WORK,E,26122,1895411968554,132609209665925
WORK,B,26122,1895411974357,132609209665925,11
WORK,E,26113,1895411989072,132609209665925
WORK,B,26113,1895411992632,132609209665925,11
WORK,E,26118,1895412044952,132609209665925
WORK,B,26118,1895412046943,132609209665925,11
WORK,E,26115,1895412205382,132609209665925
WORK,B,26115,1895412209315,132609209665925,11
WORK,E,26116,1895412285349,132609209665925
WORK,B,26116,1895412289268,132609209665925,11
WORK,E,26114,1895412381618,132609209665925
WORK,B,26114,1895412387012,132609209665925,11
WORK,E,26118,1895412389816,132609209665925
WORK,B,26118,1895412391722,132609209665925,11
WORK,E,26113,1895412449550,132609209665925
WORK,B,26113,1895412451930,132609209665925,11
WORK,E,26119,1895412453298,132609209665925
WORK,B,26119,1895412456312,132609209665925,11
WORK,E,26120,1895412459141,132609209665925
WORK,B,26120,1895412460951,132609209665925,11
WORK,E,26123,1895412469651,132609209665925
WORK,B,26123,1895412472981,132609209665925,11
WORK,E,26117,1895412690652,132609209665925
WORK,B,26117,1895412692600,132609209665925,11
WORK,E,26122,1895412709695,132609209665925
WORK,B,26122,1895412713362,132609209665925,11
WORK,E,26118,1895412784723,132609209665925
WORK,B,26118,1895412786572,132609209665925,11
WORK,E,26123,1895412810117,132609209665925
WORK,B,26123,1895412812298,132609209665925,11
WORK,E,26120,1895412891725,132609209665925
WORK,B,26120,1895412893488,132609209665925,11
WORK,E,26115,1895412915920,132609209665925
WORK,B,26115,1895412919243,132609209665925,11
WORK,E,26114,1895412960722,132609209665925
WORK,B,26114,1895412962731,132609209665925,11
WORK,E,26113,1895412984927,132609209665925
WORK,B,26113,1895412989218,132609209665925,11
WORK,E,26116,1895413036267,132609209665925
WORK,B,26116,1895413039351,132609209665925,11
WORK,E,26122,1895413083850,132609209665925
WORK,B,26122,1895413086689,132609209665925,11
WORK,E,26117,1895413123199,132609209665925
WORK,B,26117,1895413125176,132609209665925,11
WORK,E,26123,1895413195949,132609209665925
WORK,B,26123,1895413198164,132609209665925,11
WORK,E,26120,1895413287223,132609209665925
WORK,B,26120,1895413289336,132609209665925,11
WORK,E,26119,1895413342134,132609209665925
WORK,E,26118,1895413343795,132609209665925
WORK,B,26119,1895413345749,132609209665925,11
WORK,B,26118,1895413345869,132609209665925,11
WORK,E,26117,1895413471634,132609209665925
WORK,B,26117,1895413473579,132609209665925,11
WORK,E,26122,1895413532961,132609209665925
WORK,B,26122,1895413535265,132609209665925,11
WORK,E,26113,1895413567278,132609209665925
WORK,E,26118,1895413569217,132609209665925
WORK,B,26113,1895413570545,132609209665925,11
WORK,B,26118,1895413571115,132609209665925,11
WORK,E,26123,1895413624132,132609209665925
WORK,B,26123,1895413626160,132609209665925,11
WORK,E,26116,1895413692167,132609209665925
WORK,B,26116,1895413697065,132609209624258,18
WORK,E,26115,1895413739814,132609209665925
WORK,B,26115,1895413742456,132609209665925,11
WORK,E,26114,1895413746509,132609209665925
WORK,B,26114,1895413750280,132609209757476,18
roots,meta,26116,1895413776491,0,88
roots,meta,26114,1895413779076,0,1024
WORK,E,26116,1895413784149,132609209624258
WORK,B,26116,1895413785484,132609209624258,18
roots,meta,26114,1895413799899,0,1024
WORK,E,26120,1895413800481,132609209665925
WORK,B,26120,1895413802338,132609209665925,11
roots,meta,26116,1895413817560,0,89
roots,meta,26114,1895413817882,0,1024
WORK,E,26116,1895413819551,132609209624258
WORK,B,26116,1895413820857,132609209624258,18
WORK,E,26122,1895413826109,132609209665925
WORK,B,26122,1895413828453,132609209665925,11
roots,meta,26114,1895413833125,0,1024
roots,meta,26116,1895413833947,0,55
WORK,E,26116,1895413835757,132609209624258
WORK,B,26116,1895413836940,132609209624258,18
WORK,E,26118,1895413837664,132609209665925
WORK,B,26118,1895413839470,132609209665925,11
roots,meta,26114,1895413845174,0,1024
roots,meta,26116,1895413849747,0,60
WORK,E,26116,1895413851529,132609209624258
WORK,B,26116,1895413852689,132609209624258,18
roots,meta,26114,1895413857961,0,1024
roots,meta,26114,1895413872205,0,1024
roots,meta,26114,1895413886084,0,1024
roots,meta,26116,1895413886111,0,89
WORK,E,26116,1895413888252,132609209624258
WORK,B,26116,1895413889404,132609209624258,18
WORK,E,26113,1895413895973,132609209665925
roots,meta,26116,1895413896475,0,48
WORK,E,26116,1895413897951,132609209624258
WORK,B,26113,1895413898232,132609209665925,11
WORK,B,26116,1895413899083,132609209624258,18
roots,meta,26114,1895413900240,0,1024
roots,meta,26116,1895413912776,0,85
roots,meta,26114,1895413913417,0,1024
WORK,E,26116,1895413914341,132609209624258
WORK,B,26116,1895413915544,132609209624258,18
roots,meta,26116,1895413923382,0,44
roots,meta,26114,1895413923874,0,1024
WORK,E,26116,1895413924999,132609209624258
WORK,B,26116,1895413926168,132609209624258,18
roots,meta,26114,1895413937378,0,1024
roots,meta,26116,1895413944194,0,103
WORK,E,26116,1895413945683,132609209624258
WORK,B,26116,1895413946811,132609209624258,18
roots,meta,26114,1895413948484,0,1024
roots,meta,26114,1895413960037,0,1024
roots,meta,26116,1895413962046,0,83
WORK,E,26117,1895413962311,132609209665925
WORK,E,26116,1895413963596,132609209624258
WORK,B,26116,1895413965100,132609209624258,18
WORK,B,26117,1895413965451,132609209665925,11
roots,meta,26114,1895413972685,0,1024
roots,meta,26116,1895413973241,0,78
WORK,E,26116,1895413975111,132609209624258
WORK,B,26116,1895413976319,132609209624258,18
roots,meta,26114,1895413983714,0,1024
roots,meta,26116,1895413995000,0,108
WORK,E,26116,1895413996690,132609209624258
roots,meta,26114,1895413996876,0,1024
WORK,B,26116,1895413999472,132609209770587,17
roots,meta,26116,1895414002399,0,36
WORK,E,26116,1895414004197,132609209770587
WORK,B,26116,1895414006433,132609209664764,19
roots,meta,26116,1895414013963,0,14
WORK,E,26116,1895414016954,132609209664764
WORK,B,26116,1895414019556,132609209765471,27
WORK,E,26116,1895414021487,132609209765471
roots,meta,26114,1895414022192,0,746
WORK,B,26116,1895414023661,132609209583329,19
WORK,E,26114,1895414024851,132609209757476
WORK,B,26114,1895414027620,132609209683076,20
WORK,E,26116,1895414028270,132609209583329
WORK,B,26116,1895414030344,132609209597856,20
WORK,E,26116,1895414032667,132609209597856
WORK,B,26116,1895414036634,132609209616458,18
WORK,E,26116,1895414040224,132609209616458
WORK,B,26116,1895414042431,132609209634082,25
roots,meta,26116,1895414048770,0,37
WORK,E,26116,1895414050676,132609209634082
WORK,E,26123,1895414050943,132609209665925
WORK,B,26123,1895414053239,132609209665925,11
WORK,B,26116,1895414054201,132609209678144,23
WORK,E,26116,1895414059107,132609209678144
WORK,B,26116,1895414060186,132609209678144,23
roots,meta,26114,1895414065320,0,1024
WORK,E,26116,1895414076099,132609209678144
WORK,B,26116,1895414077206,132609209678144,23
WORK,E,26116,1895414079075,132609209678144
WORK,B,26116,1895414080093,132609209678144,23
WORK,E,26116,1895414085808,132609209678144
WORK,B,26116,1895414087705,132609209678144,23
WORK,E,26116,1895414094075,132609209678144
WORK,B,26116,1895414095168,132609209678144,23
WORK,E,26116,1895414101366,132609209678144
WORK,B,26116,1895414102450,132609209678144,23
roots,meta,26114,1895414104090,0,1024
WORK,E,26116,1895414105310,132609209678144
WORK,B,26116,1895414106410,132609209678144,23
WORK,E,26119,1895414131564,132609209665925
WORK,B,26119,1895414135291,132609209665925,11
roots,meta,26114,1895414148296,0,1024
WORK,E,26116,1895414154462,132609209678144
WORK,B,26116,1895414157509,132609209678144,23
roots,meta,26114,1895414164482,0,1024
roots,meta,26114,1895414175987,0,1024
WORK,E,26116,1895414179262,132609209678144
WORK,B,26116,1895414180462,132609209678144,23
WORK,E,26116,1895414197081,132609209678144
WORK,B,26116,1895414198617,132609209678144,23
roots,meta,26114,1895414200812,0,1024
roots,meta,26114,1895414228056,0,1024
roots,meta,26114,1895414265401,0,1024
WORK,E,26122,1895414273208,132609209665925
WORK,B,26122,1895414275389,132609209665925,11
roots,meta,26114,1895414276667,0,1024
roots,meta,26114,1895414292188,0,1024
roots,meta,26114,1895414303700,0,1024
WORK,E,26118,1895414304613,132609209665925
WORK,E,26120,1895414305105,132609209665925
WORK,B,26118,1895414306777,132609209665925,11
WORK,B,26120,1895414306833,132609209665925,11
roots,meta,26114,1895414315515,0,1024
WORK,E,26113,1895414322330,132609209665925
WORK,B,26113,1895414325865,132609209665925,11
roots,meta,26114,1895414340131,0,1024
roots,meta,26114,1895414374734,0,1024
roots,meta,26114,1895414385566,0,1024
WORK,E,26116,1895414396975,132609209678144
roots,meta,26114,1895414398209,0,1024
WORK,B,26116,1895414399034,132609209678144,23
roots,meta,26114,1895414411151,0,1024
WORK,E,26119,1895414436863,132609209665925
roots,meta,26114,1895414437141,0,1024
WORK,B,26119,1895414439329,132609209665925,11
WORK,E,26123,1895414447451,132609209665925
WORK,B,26123,1895414449595,132609209665925,11
roots,meta,26114,1895414456519,0,548
WORK,E,26117,1895414472893,132609209665925
WORK,E,26114,1895414473333,132609209683076
WORK,B,26117,1895414475539,132609209665925,11
WORK,B,26114,1895414475945,132609209739855,29
roots,meta,26114,1895414528887,0,1024
roots,meta,26114,1895414541612,0,1024
roots,meta,26114,1895414572271,0,1024
WORK,E,26118,1895414593436,132609209665925
WORK,B,26118,1895414595524,132609209665925,11
WORK,E,26116,1895414595398,132609209678144
WORK,B,26116,1895414597599,132609209678144,23
roots,meta,26114,1895414630351,0,1024
roots,meta,26114,1895414668611,0,1024
roots,meta,26114,1895414691211,0,1024
roots,meta,26114,1895414712838,0,834
WORK,E,26114,1895414714770,132609209739855
WORK,E,26115,1895414718471,132609209665925
WORK,B,26114,1895414720147,132609209646046,22
WORK,E,26120,1895414722728,132609209665925
WORK,B,26115,1895414723525,132609209665925,11
WORK,B,26120,1895414724885,132609209665925,11
roots,meta,26114,1895414747744,0,778
WORK,E,26114,1895414751544,132609209646046
WORK,B,26114,1895414754234,132609209713976,17
WORK,E,26117,1895414755380,132609209665925
WORK,B,26117,1895414757521,132609209665925,11
WORK,E,26114,1895414758722,132609209713976
WORK,B,26114,1895414760307,132609209678144,23
WORK,E,26122,1895414767046,132609209665925
WORK,B,26122,1895414770793,132609209665925,11
WORK,E,26114,1895414772807,132609209678144
WORK,E,26123,1895414772675,132609209665925
WORK,B,26114,1895414774119,132609209678144,23
WORK,B,26123,1895414776084,132609209665925,11
WORK,E,26114,1895414776903,132609209678144
WORK,B,26114,1895414778097,132609209678144,23
WORK,E,26114,1895414781490,132609209678144
WORK,B,26114,1895414782546,132609209678144,23
WORK,E,26114,1895414784072,132609209678144
WORK,B,26114,1895414785553,132609209678144,23
WORK,E,26113,1895414787868,132609209665925
WORK,B,26113,1895414790290,132609209665925,11
WORK,E,26114,1895414820542,132609209678144
WORK,B,26114,1895414824350,132609209678144,23
WORK,E,26119,1895414943469,132609209665925
WORK,B,26119,1895414947160,132609209665925,11
WORK,E,26114,1895414990040,132609209678144
WORK,B,26114,1895414991867,132609209678144,23
WORK,E,26117,1895415000125,132609209665925
WORK,B,26117,1895415001703,132609209665925,11
WORK,E,26120,1895415128257,132609209665925
WORK,B,26120,1895415130128,132609209665925,11
WORK,E,26114,1895415138186,132609209678144
WORK,B,26114,1895415139599,132609209678144,23
WORK,E,26118,1895415188693,132609209665925
WORK,B,26118,1895415190716,132609209665925,11
WORK,E,26115,1895415208071,132609209665925
WORK,B,26115,1895415211692,132609209665925,11
WORK,E,26123,1895415217583,132609209665925
WORK,B,26123,1895415219964,132609209665925,11
WORK,E,26113,1895415236686,132609209665925
WORK,B,26113,1895415238970,132609209665925,11
WORK,E,26117,1895415345000,132609209665925
WORK,B,26117,1895415347249,132609209665925,11
WORK,E,26122,1895415357439,132609209665925
WORK,B,26122,1895415362138,132609209665925,11
WORK,E,26119,1895415364622,132609209665925
WORK,B,26119,1895415367002,132609209665925,11
WORK,E,26120,1895415509141,132609209665925
WORK,B,26120,1895415511342,132609209665925,11
WORK,E,26115,1895415518917,132609209665925
WORK,E,26116,1895415519226,132609209678144
WORK,B,26116,1895415522744,132609209678144,23
WORK,B,26115,1895415522766,132609209665925,11
WORK,E,26113,1895415567436,132609209665925
WORK,B,26113,1895415569461,132609209665925,11
WORK,E,26123,1895415577899,132609209665925
WORK,B,26123,1895415580914,132609209665925,11
WORK,E,26114,1895415582433,132609209678144
WORK,B,26114,1895415584758,132609209678144,23
WORK,E,26118,1895415637654,132609209665925
WORK,B,26118,1895415640114,132609209665925,11
WORK,E,26116,1895415710485,132609209678144
WORK,B,26116,1895415715951,132609209678144,23
WORK,E,26114,1895415759241,132609209678144
WORK,B,26114,1895415761234,132609209678144,23
WORK,E,26114,1895415777559,132609209678144
WORK,B,26114,1895415778871,132609209678144,23
WORK,E,26115,1895415809926,132609209665925
WORK,B,26115,1895415813355,132609209665925,11
WORK,E,26122,1895415830332,132609209665925
WORK,E,26119,1895415830353,132609209665925
WORK,B,26122,1895415834047,132609209665925,11
WORK,B,26119,1895415834444,132609209665925,11
WORK,E,26117,1895415850094,132609209665925
WORK,B,26117,1895415852597,132609209665925,11
WORK,E,26113,1895415875255,132609209665925
WORK,B,26113,1895415877378,132609209665925,11
WORK,E,26116,1895415907366,132609209678144
WORK,B,26116,1895415909553,132609209678144,23
WORK,E,26116,1895415932681,132609209678144
WORK,B,26116,1895415933865,132609209678144,23
WORK,E,26120,1895415934003,132609209665925
WORK,B,26120,1895415936050,132609209665925,11
WORK,E,26114,1895415939281,132609209678144
WORK,B,26114,1895415941395,132609209678144,23
WORK,E,26114,1895415977052,132609209678144
WORK,B,26114,1895415978752,132609209678144,23
WORK,E,26123,1895416015844,132609209665925
WORK,B,26123,1895416018190,132609209665925,11
WORK,E,26116,1895416072211,132609209678144
WORK,B,26116,1895416074170,132609209678144,23
WORK,E,26116,1895416091703,132609209678144
WORK,B,26116,1895416092812,132609209678144,23
WORK,E,26115,1895416095293,132609209665925
WORK,B,26115,1895416097589,132609209665925,11
WORK,E,26117,1895416147529,132609209665925
WORK,B,26117,1895416149388,132609209665925,11
WORK,E,26120,1895416152711,132609209665925
WORK,B,26120,1895416154647,132609209665925,11
WORK,E,26114,1895416166093,132609209678144
WORK,B,26114,1895416200421,132609209678144,23
WORK,E,26114,1895416205541,132609209678144
WORK,B,26114,1895416206821,132609209678144,23
WORK,E,26114,1895416209101,132609209678144
WORK,B,26114,1895416210135,132609209678144,23
WORK,E,26113,1895416215030,132609209665925
WORK,E,26119,1895416216617,132609209665925
WORK,B,26113,1895416218397,132609209665925,11
WORK,B,26119,1895416219776,132609209665925,11
WORK,E,26116,1895416271985,132609209678144
WORK,B,26116,1895416274342,132609209678144,23
WORK,E,26117,1895416318568,132609209665925
WORK,B,26117,1895416320360,132609209665925,11
WORK,E,26122,1895416365694,132609209665925
WORK,B,26122,1895416369529,132609209665925,11
WORK,E,26114,1895416378133,132609209678144
WORK,B,26114,1895416380190,132609209678144,23
WORK,E,26114,1895416386228,132609209678144
WORK,B,26114,1895416389608,132609209678144,23
WORK,E,26114,1895416427173,132609209678144
WORK,B,26114,1895416428900,132609209678144,23
WORK,E,26114,1895416458938,132609209678144
WORK,B,26114,1895416460073,132609209678144,23
WORK,E,26116,1895416465903,132609209678144
WORK,B,26116,1895416469341,132609209678144,23
WORK,E,26120,1895416479473,132609209665925
WORK,B,26120,1895416481606,132609209665925,11
WORK,E,26123,1895416488887,132609209665925
WORK,B,26123,1895416492183,132609209665925,11
WORK,E,26115,1895416496958,132609209665925
WORK,B,26115,1895416500134,132609209665925,11
WORK,E,26114,1895416504079,132609209678144
WORK,B,26114,1895416505478,132609209678144,23
WORK,E,26114,1895416540101,132609209678144
WORK,B,26114,1895416541159,132609209678144,23
WORK,E,26114,1895416574167,132609209678144
WORK,B,26114,1895416575261,132609209678144,23
WORK,E,26119,1895416601454,132609209665925
WORK,B,26119,1895416607527,132609209665925,11
WORK,E,26114,1895416616343,132609209678144
WORK,B,26114,1895416618687,132609209678144,23
WORK,E,26116,1895416633394,132609209678144
WORK,B,26116,1895416635699,132609209678144,23
WORK,E,26114,1895416658628,132609209678144
WORK,B,26114,1895416661045,132609209678144,23
WORK,E,26118,1895416668027,132609209665925
WORK,B,26118,1895416670410,132609209665925,11
WORK,E,26113,1895416674759,132609209665925
WORK,B,26113,1895416678055,132609209665925,11
WORK,E,26114,1895416695569,132609209678144
WORK,B,26114,1895416696840,132609209678144,23
WORK,E,26117,1895416724146,132609209665925
WORK,E,26114,1895416726191,132609209678144
WORK,B,26117,1895416726348,132609209665925,11
WORK,B,26114,1895416727221,132609209678144,23
WORK,E,26120,1895416749291,132609209665925
WORK,E,26115,1895416751459,132609209665925
WORK,B,26120,1895416751661,132609209665925,11
WORK,B,26115,1895416753814,132609209665925,11
WORK,E,26114,1895416767738,132609209678144
WORK,B,26114,1895416769516,132609209678144,23
WORK,E,26114,1895416807840,132609209678144
WORK,B,26114,1895416809460,132609209678144,23
WORK,E,26114,1895416866084,132609209678144
WORK,B,26114,1895416867918,132609209678144,23
WORK,E,26114,1895416897807,132609209678144
WORK,B,26114,1895416898842,132609209678144,23
WORK,E,26114,1895416930020,132609209678144
WORK,B,26114,1895416931759,132609209678144,23
WORK,E,26114,1895416985177,132609209678144
WORK,B,26114,1895416987026,132609209678144,23
WORK,E,26115,1895416996031,132609209665925
WORK,B,26115,1895416999442,132609209665925,11
WORK,E,26113,1895417000971,132609209665925
WORK,B,26113,1895417006238,132609209665925,11
WORK,E,26114,1895417033389,132609209678144
WORK,B,26114,1895417035381,132609209678144,23
WORK,E,26123,1895417077720,132609209665925
WORK,E,26120,1895417077949,132609209665925
WORK,E,26119,1895417078781,132609209665925
WORK,B,26120,1895417080060,132609209665925,11
WORK,B,26123,1895417080995,132609209665925,11
WORK,B,26119,1895417082771,132609209665925,11
WORK,E,26117,1895417101207,132609209665925
WORK,E,26114,1895417102747,132609209678144
WORK,B,26117,1895417103265,132609209665925,11
WORK,B,26114,1895417104743,132609209678144,23
WORK,E,26114,1895417152795,132609209678144
WORK,B,26114,1895417153885,132609209678144,23
WORK,E,26114,1895417182778,132609209678144
WORK,B,26114,1895417183847,132609209678144,23
WORK,E,26114,1895417283298,132609209678144
WORK,B,26114,1895417285131,132609209678144,23
WORK,E,26114,1895417322790,132609209678144
WORK,B,26114,1895417324000,132609209678144,23
WORK,E,26115,1895417334075,132609209665925
WORK,B,26115,1895417337813,132609209665925,11
WORK,E,26114,1895417362709,132609209678144
WORK,B,26114,1895417365217,132609209678144,23
WORK,E,26113,1895417366420,132609209665925
WORK,B,26113,1895417368776,132609209665925,11
WORK,E,26120,1895417379295,132609209665925
WORK,B,26120,1895417381331,132609209665925,11
WORK,E,26114,1895417443911,132609209678144
WORK,B,26114,1895417445769,132609209678144,23
WORK,E,26117,1895417490818,132609209665925
WORK,B,26117,1895417492857,132609209665925,11
WORK,E,26114,1895417493678,132609209678144
WORK,B,26114,1895417494874,132609209678144,23
WORK,E,26119,1895417502484,132609209665925
WORK,E,26122,1895417505164,132609209665925
WORK,B,26119,1895417506639,132609209665925,11
WORK,B,26122,1895417509503,132609209678144,23
WORK,E,26115,1895417519866,132609209665925
WORK,B,26115,1895417522073,132609209665925,11
WORK,E,26114,1895417530008,132609209678144
WORK,B,26114,1895417531697,132609209678144,23
WORK,E,26122,1895417554856,132609209678144
WORK,B,26122,1895417558952,132609209665925,11
WORK,E,26114,1895417566283,132609209678144
WORK,B,26114,1895417569179,132609209665925,11
WORK,E,26120,1895417663470,132609209665925
WORK,B,26120,1895417665404,132609209665925,11
WORK,E,26123,1895417665508,132609209665925
WORK,B,26123,1895417667865,132609209665925,11
WORK,E,26113,1895417715346,132609209665925
WORK,B,26113,1895417717572,132609209665925,11
WORK,E,26118,1895417742825,132609209665925
WORK,B,26118,1895417745011,132609209665925,11
WORK,E,26117,1895417762916,132609209665925
WORK,B,26117,1895417764799,132609209665925,11
WORK,E,26114,1895417849211,132609209665925
WORK,B,26114,1895417851463,132609209665925,11
WORK,E,26122,1895417866997,132609209665925
WORK,B,26122,1895417870964,132609209665925,11
WORK,E,26119,1895417891974,132609209665925
WORK,B,26119,1895417894283,132609209665925,11
WORK,E,26121,1895417900459,132609209665925
WORK,B,26121,1895417903235,132609209665925,11
WORK,E,26115,1895418030596,132609209665925
WORK,B,26115,1895418033090,132609209665925,11
WORK,E,26113,1895418043460,132609209665925
WORK,B,26113,1895418047719,132609209665925,11
WORK,E,26114,1895418122917,132609209665925
WORK,B,26114,1895418127400,132609209665925,11
WORK,E,26121,1895418195846,132609209665925
WORK,B,26121,1895418197957,132609209665925,11
WORK,E,26119,1895418203561,132609209665925
WORK,B,26119,1895418206324,132609209665925,11
WORK,E,26118,1895418254893,132609209665925
WORK,B,26118,1895418258126,132609209665925,11
WORK,E,26116,1895418268017,132609209678144
WORK,B,26116,1895418272059,132609209678144,23
WORK,E,26117,1895418275182,132609209665925
WORK,B,26117,1895418276987,132609209665925,11
WORK,E,26116,1895418338506,132609209678144
WORK,B,26116,1895418341660,132609209678144,23
WORK,E,26115,1895418343171,132609209665925
WORK,B,26115,1895418346376,132609209665925,11
WORK,E,26120,1895418376524,132609209665925
WORK,B,26120,1895418380294,132609209665925,11
WORK,E,26113,1895418420861,132609209665925
WORK,B,26113,1895418425012,132609209665925,11
WORK,E,26121,1895418506865,132609209665925
WORK,B,26121,1895418508702,132609209665925,11
WORK,E,26116,1895418527803,132609209678144
WORK,B,26116,1895418530022,132609209678144,23
WORK,E,26116,1895418551015,132609209678144
WORK,B,26116,1895418553608,132609209678144,23
WORK,E,26114,1895418611772,132609209665925
WORK,B,26114,1895418614593,132609209665925,11
WORK,E,26116,1895418708556,132609209678144
WORK,B,26116,1895418710696,132609209678144,23
WORK,E,26116,1895418723693,132609209678144
WORK,B,26116,1895418724858,132609209678144,23
WORK,E,26115,1895418747461,132609209665925
WORK,B,26115,1895418751687,132609209678144,23
WORK,E,26120,1895418774253,132609209665925
WORK,B,26120,1895418778282,132609209665925,11
WORK,E,26118,1895418802325,132609209665925
WORK,B,26118,1895418805681,132609209665925,11
WORK,E,26119,1895418815118,132609209665925
WORK,B,26119,1895418818243,132609209665925,11
WORK,E,26117,1895418821430,132609209665925
WORK,B,26117,1895418839198,132609209665925,11
WORK,E,26121,1895418849822,132609209665925
WORK,B,26121,1895418851825,132609209665925,11
WORK,E,26113,1895418884092,132609209665925
WORK,E,26116,1895418885819,132609209678144
WORK,B,26113,1895418889242,132609209665925,11
WORK,B,26116,1895418890197,132609209665925,11
WORK,E,26115,1895418899773,132609209678144
WORK,B,26115,1895418901582,132609209665925,11
WORK,E,26119,1895419115256,132609209665925
WORK,B,26119,1895419122228,132609209665925,11
WORK,E,26114,1895419144296,132609209665925
WORK,E,26122,1895419145855,132609209665925
WORK,B,26114,1895419146785,132609209665925,11
WORK,B,26122,1895419149791,132609209665925,11
WORK,E,26116,1895419172796,132609209665925
WORK,B,26116,1895419176457,132609209665925,11
WORK,E,26117,1895419180716,132609209665925
WORK,B,26117,1895419183010,132609209665925,11
WORK,E,26121,1895419188967,132609209665925
WORK,B,26121,1895419190921,132609209665925,11
WORK,E,26118,1895419226278,132609209665925
WORK,B,26118,1895419228490,132609209665925,11
WORK,E,26120,1895419298349,132609209665925
WORK,B,26120,1895419301688,132609209665925,11
WORK,E,26115,1895419345990,132609209665925
WORK,B,26115,1895419350549,132609209665925,11
WORK,E,26116,1895419431702,132609209665925
WORK,E,26117,1895419432281,132609209665925
WORK,B,26116,1895419432971,132609209665925,11
WORK,B,26117,1895419436484,132609209665925,11
WORK,E,26122,1895419491670,132609209665925
WORK,B,26122,1895419494950,132609209665925,11
WORK,E,26114,1895419504930,132609209665925
WORK,B,26114,1895419507137,132609209665925,11
WORK,E,26119,1895419518415,132609209665925
WORK,B,26119,1895419521698,132609209665925,11
WORK,E,26113,1895419585151,132609209665925
WORK,B,26113,1895419589442,132609209665925,11
WORK,E,26120,1895419739719,132609209665925
WORK,B,26120,1895419742609,132609209665925,11
WORK,E,26115,1895419761671,132609209665925
WORK,B,26115,1895419765659,132609209665925,11
WORK,E,26118,1895419801337,132609209665925
WORK,B,26118,1895419803839,132609209665925,11
WORK,E,26117,1895419806149,132609209665925
WORK,B,26117,1895419808501,132609209665925,11
WORK,E,26114,1895419889200,132609209665925
WORK,B,26114,1895419891504,132609209665925,11
WORK,E,26122,1895419953795,132609209665925
WORK,B,26122,1895419957803,132609209665925,11
WORK,E,26119,1895420002581,132609209665925
WORK,E,26121,1895420003566,132609209665925
WORK,B,26119,1895420008899,132609209665925,11
WORK,E,26113,1895420102160,132609209665925
WORK,E,26115,1895420126090,132609209665925
WORK,B,26115,1895420129078,132609209665925,11
WORK,E,26117,1895420129192,132609209665925
WORK,E,26118,1895420129865,132609209665925
WORK,E,26123,1895420155679,132609209665925
WORK,E,26114,1895420202540,132609209665925
WORK,E,26120,1895420231441,132609209665925
WORK,E,26116,1895420277781,132609209665925
WORK,E,26122,1895420332294,132609209665925
WORK,E,26115,1895420390693,132609209665925
WORK,E,26119,1895420490276,132609209665925
BUCKET_OPEN,i,26119,1895420496066,18
BUCKET_OPEN,i,26119,1895420496735,18
WORK,B,26115,1895420732134,132609209724486,7
WORK,E,26115,1895420838020,132609209724486
BUCKET_OPEN,i,26115,1895420842318,20
BUCKET_OPEN,i,26115,1895420842932,20
plan_end_of_gc,B,26115,1895420848071
plan_end_of_gc,E,26115,1895420849508
GC,E,26115,1895420851538
WORK,B,26122,1895421149184,132609209769154,11
WORK,B,26119,1895421151240,132609209769154,11
WORK,B,26115,1895421167502,132609209769154,11
WORK,E,26115,1895421182212,132609209769154
WORK,B,26115,1895421184502,132609209769154,11
WORK,E,26115,1895421196491,132609209769154
WORK,B,26115,1895421197611,132609209769154,11
WORK,E,26115,1895421203502,132609209769154
WORK,B,26115,1895421204582,132609209769154,11
WORK,E,26122,1895421230930,132609209769154
WORK,B,26122,1895421233200,132609209769154,11
WORK,E,26119,1895421252794,132609209769154
WORK,B,26119,1895421256624,132609209769154,11
WORK,E,26115,1895421276073,132609209769154
WORK,B,26115,1895421281211,132609209769154,11
WORK,E,26122,1895421294685,132609209769154
WORK,B,26122,1895421296353,132609209769154,11
WORK,E,26122,1895421304834,132609209769154
WORK,B,26122,1895421305918,132609209769154,11
WORK,E,26122,1895421357296,132609209769154
WORK,B,26122,1895421359125,132609209769154,11
WORK,E,26115,1895421373751,132609209769154
WORK,B,26115,1895421375985,132609209769154,11
WORK,E,26122,1895421398741,132609209769154
WORK,B,26122,1895421399898,132609209769154,11
WORK,E,26119,1895421418381,132609209769154
WORK,B,26119,1895421420654,132609209769154,11
WORK,E,26115,1895421423705,132609209769154
WORK,B,26115,1895421425705,132609209769154,11
WORK,E,26122,1895421442662,132609209769154
WORK,B,26122,1895421444527,132609209769154,11
WORK,E,26115,1895421476409,132609209769154
WORK,B,26115,1895421478411,132609209769154,11
WORK,E,26122,1895421497072,132609209769154
WORK,B,26122,1895421498910,132609209769154,11
WORK,E,26115,1895421521205,132609209769154
WORK,B,26115,1895421522319,132609209769154,11
WORK,E,26119,1895421536590,132609209769154
WORK,B,26119,1895421538785,132609209769154,11
WORK,E,26122,1895421542089,132609209769154
WORK,B,26122,1895421543456,132609209769154,11
WORK,E,26115,1895421546258,132609209769154
WORK,B,26115,1895421547457,132609209769154,11
WORK,E,26115,1895421557211,132609209769154
WORK,B,26115,1895421558258,132609209769154,11
WORK,E,26122,1895421572021,132609209769154
WORK,B,26122,1895421573165,132609209769154,11
WORK,E,26115,1895421593542,132609209769154
WORK,B,26115,1895421594728,132609209769154,11
WORK,E,26122,1895421616902,132609209769154
WORK,B,26122,1895421618050,132609209769154,11
WORK,E,26119,1895421638436,132609209769154
WORK,B,26119,1895421647878,132609209769154,11
WORK,B,26121,1895421653177,132609209769154,11
WORK,E,26115,1895421653269,132609209769154
WORK,B,26115,1895421654697,132609209769154,11
WORK,E,26122,1895421660338,132609209769154
WORK,B,26122,1895421661409,132609209769154,11
WORK,E,26122,1895421708674,132609209769154
WORK,E,26121,1895421727325,132609209769154
WORK,B,26121,1895421730637,132609209769154,11
WORK,E,26115,1895421730605,132609209769154
WORK,B,26115,1895421733583,132609209769154,11
WORK,B,26122,1895421737772,132609209769154,11
WORK,E,26119,1895421751633,132609209769154
WORK,B,26119,1895421754018,132609209769154,11
WORK,E,26121,1895421756190,132609209769154
WORK,B,26121,1895421758313,132609209769154,11
WORK,E,26121,1895421763183,132609209769154
WORK,B,26121,1895421764307,132609209769154,11
WORK,E,26121,1895421766591,132609209769154
WORK,B,26121,1895421767592,132609209769154,11
WORK,E,26115,1895421784232,132609209769154
WORK,B,26115,1895421786355,132609209769154,11
WORK,E,26122,1895421803015,132609209769154
WORK,B,26122,1895421804876,132609209769154,11
WORK,E,26115,1895421827064,132609209769154
WORK,B,26115,1895421828358,132609209769154,11
WORK,E,26121,1895421839816,132609209769154
WORK,E,26119,1895421841144,132609209769154
WORK,B,26121,1895421841823,132609209769154,11
WORK,B,26119,1895421843295,132609209769154,11
WORK,E,26121,1895421859159,132609209769154
WORK,B,26121,1895421861071,132609209769154,11
WORK,E,26122,1895421874791,132609209769154
WORK,B,26122,1895421876602,132609209769154,11
WORK,E,26115,1895421884290,132609209769154
WORK,B,26115,1895421892896,132609209769154,11
WORK,E,26121,1895421907948,132609209769154
WORK,B,26121,1895421917965,132609209769154,11
WORK,E,26115,1895421939209,132609209769154
WORK,B,26115,1895421940423,132609209769154,11
WORK,E,26122,1895421944921,132609209769154
WORK,B,26122,1895421947199,132609209769154,11
WORK,E,26121,1895421954852,132609209769154
WORK,B,26121,1895421956171,132609209769154,11
WORK,E,26119,1895421958185,132609209769154
WORK,E,26122,1895421959929,132609209769154
WORK,B,26119,1895421960379,132609209769154,11
WORK,B,26122,1895421961031,132609209769154,11
WORK,E,26115,1895421980704,132609209769154
WORK,B,26115,1895421982074,132609209769154,11
WORK,E,26121,1895422003763,132609209769154
WORK,B,26121,1895422005207,132609209769154,11
WORK,E,26122,1895422009559,132609209769154
WORK,B,26122,1895422010782,132609209769154,11
WORK,E,26115,1895422021314,132609209769154
WORK,E,26119,1895422021777,132609209769154
WORK,B,26115,1895422022889,132609209769154,11
WORK,B,26119,1895422023239,132609209769154,11
WORK,E,26121,1895422050013,132609209769154
WORK,B,26121,1895422052021,132609209769154,11
WORK,E,26122,1895422062772,132609209769154
WORK,B,26122,1895422064837,132609209769154,11
WORK,E,26115,1895422068190,132609209769154
WORK,B,26115,1895422070523,132609209769154,11
WORK,E,26121,1895422096559,132609209769154
WORK,B,26121,1895422104368,132609209769154,11
WORK,E,26122,1895422110017,132609209769154
WORK,B,26122,1895422111302,132609209769154,11
WORK,E,26115,1895422133312,132609209769154
WORK,B,26115,1895422135304,132609209769154,11
WORK,E,26121,1895422150280,132609209769154
WORK,B,26121,1895422152572,132609209769154,11
WORK,E,26121,1895422158253,132609209769154
WORK,E,26122,1895422158692,132609209769154
WORK,B,26121,1895422159403,132609209769154,11
WORK,B,26122,1895422160751,132609209769154,11
WORK,E,26122,1895422162917,132609209769154
WORK,B,26122,1895422166229,132609209769154,11
WORK,E,26119,1895422189146,132609209769154
WORK,E,26115,1895422189829,132609209769154
WORK,B,26115,1895422192327,132609209769154,11
WORK,B,26119,1895422192406,132609209769154,11
WORK,E,26122,1895422213076,132609209769154
WORK,B,26122,1895422215133,132609209769154,11
WORK,E,26122,1895422232151,132609209769154
WORK,B,26122,1895422233299,132609209769154,11
WORK,E,26115,1895422264972,132609209769154
WORK,B,26115,1895422267283,132609209769154,11
WORK,E,26122,1895422293359,132609209769154
WORK,B,26122,1895422297534,132609209769154,11
WORK,E,26122,1895422300350,132609209769154
WORK,B,26122,1895422301648,132609209769154,11
WORK,E,26122,1895422304140,132609209769154
WORK,B,26122,1895422305327,132609209769154,11
WORK,E,26122,1895422307492,132609209769154
WORK,B,26122,1895422309859,132609209769154,11
WORK,E,26119,1895422328485,132609209769154
WORK,E,26122,1895422328995,132609209769154
WORK,B,26122,1895422331136,132609209769154,11
WORK,B,26119,1895422333108,132609209769154,11
WORK,E,26122,1895422333190,132609209769154
WORK,B,26122,1895422334461,132609209769154,11
WORK,E,26122,1895422337605,132609209769154
WORK,B,26122,1895422340922,132609209769154,11
WORK,E,26115,1895422449705,132609209769154
WORK,B,26115,1895422464455,132609209769154,11
WORK,E,26122,1895422484788,132609209769154
WORK,B,26122,1895422488880,132609209769154,11
WORK,E,26115,1895422495637,132609209769154
WORK,B,26115,1895422498045,132609209769154,11
WORK,E,26122,1895422550833,132609209769154
WORK,B,26122,1895422553067,132609209769154,11
WORK,E,26115,1895422556334,132609209769154
WORK,B,26115,1895422558931,132609209769154,11
WORK,E,26121,1895422559268,132609209769154
WORK,B,26121,1895422563687,132609209769154,11
WORK,E,26115,1895422573818,132609209769154
WORK,B,26115,1895422575102,132609209769154,11
WORK,E,26121,1895422586134,132609209769154
WORK,B,26121,1895422587515,132609209769154,11
WORK,E,26115,1895422617686,132609209769154
WORK,B,26115,1895422620397,132609209769154,11
WORK,E,26119,1895422624941,132609209769154
WORK,B,26119,1895422628475,132609209769154,11
WORK,E,26121,1895422713275,132609209769154
WORK,B,26121,1895422719635,132609209769154,11
WORK,E,26122,1895422720246,132609209769154
WORK,B,26122,1895422722320,132609209769154,11
WORK,E,26115,1895422734877,132609209769154
WORK,B,26115,1895422737292,132609209769154,11
WORK,E,26122,1895422794799,132609209769154
WORK,B,26122,1895422796728,132609209769154,11
WORK,E,26119,1895422865511,132609209769154
WORK,B,26119,1895422869556,132609209769154,11
WORK,E,26115,1895422925365,132609209769154
WORK,B,26115,1895422928990,132609209769154,11
WORK,E,26115,1895423022610,132609209769154
WORK,B,26115,1895423025889,132609209769154,11
WORK,E,26122,1895423026683,132609209769154
WORK,B,26122,1895423028920,132609209769154,11
WORK,E,26115,1895423092598,132609209769154
WORK,B,26115,1895423094567,132609209769154,11
WORK,E,26122,1895423158670,132609209769154
WORK,B,26122,1895423160922,132609209769154,11
WORK,E,26115,1895423164113,132609209769154
WORK,B,26115,1895423166096,132609209769154,11
WORK,E,26115,1895423230493,132609209769154
WORK,B,26115,1895423234714,132609209769154,11
WORK,E,26115,1895423305627,132609209769154
WORK,B,26115,1895423307684,132609209769154,11
WORK,E,26115,1895423376506,132609209769154
WORK,B,26115,1895423378372,132609209769154,11
WORK,E,26115,1895423462368,132609209769154
WORK,B,26115,1895423465936,132609209769154,11
WORK,E,26115,1895423531371,132609209769154
WORK,B,26115,1895423534427,132609209769154,11
WORK,E,26122,1895423550550,132609209769154
WORK,B,26122,1895423553619,132609209769154,11
WORK,E,26115,1895423599950,132609209769154
WORK,B,26115,1895423602391,132609209769154,11
WORK,E,26122,1895423648877,132609209769154
WORK,B,26122,1895423650913,132609209769154,11
WORK,E,26115,1895423666517,132609209769154
WORK,B,26115,1895423668501,132609209769154,11
WORK,E,26122,1895423706672,132609209769154
WORK,B,26122,1895423709986,132609209769154,11
WORK,E,26115,1895423734042,132609209769154
WORK,B,26115,1895423735966,132609209769154,11
WORK,E,26122,1895423769037,132609209769154
WORK,B,26122,1895423770911,132609209769154,11
WORK,E,26115,1895423801532,132609209769154
WORK,B,26115,1895423803663,132609209769154,11
WORK,E,26122,1895423829875,132609209769154
WORK,B,26122,1895423831788,132609209769154,11
WORK,E,26115,1895423867101,132609209769154
WORK,B,26115,1895423869223,132609209769154,11
WORK,E,26119,1895423887906,132609209769154
WORK,E,26122,1895423891692,132609209769154
WORK,B,26119,1895423892276,132609209769154,11
WORK,B,26122,1895423893605,132609209769154,11
WORK,E,26115,1895423934319,132609209769154
WORK,B,26115,1895423936605,132609209769154,11
WORK,E,26122,1895423952594,132609209769154
WORK,B,26122,1895423954322,132609209769154,11
WORK,E,26115,1895423999572,132609209769154
WORK,B,26115,1895424001491,132609209769154,11
WORK,E,26122,1895424014473,132609209769154
WORK,B,26122,1895424016405,132609209769154,11
WORK,E,26122,1895424077324,132609209769154
WORK,B,26122,1895424079337,132609209769154,11
WORK,E,26119,1895424132284,132609209769154
WORK,B,26119,1895424136911,132609209769154,11
WORK,E,26122,1895424150133,132609209769154
WORK,B,26122,1895424151880,132609209769154,11
WORK,E,26115,1895424164579,132609209769154
WORK,B,26115,1895424168919,132609209769154,11
WORK,B,26113,1895424169935,132609209769154,11
WORK,E,26122,1895424317865,132609209769154
WORK,B,26122,1895424320369,132609209769154,11
WORK,E,26115,1895424341633,132609209769154
WORK,B,26115,1895424344175,132609209769154,11
WORK,E,26122,1895424395007,132609209769154
WORK,B,26122,1895424397071,132609209769154,11
WORK,E,26119,1895424426740,132609209769154
WORK,B,26119,1895424430568,132609209769154,11
WORK,E,26115,1895424455889,132609209769154
WORK,B,26115,1895424460950,132609209769154,11
WORK,E,26121,1895424462691,132609209769154
WORK,E,26122,1895424465914,132609209769154
WORK,B,26121,1895424466097,132609209769154,11
WORK,B,26122,1895424467911,132609209769154,11
WORK,E,26115,1895424528874,132609209769154
WORK,B,26115,1895424531586,132609209769154,11
WORK,B,26123,1895424612784,132609209769154,11
WORK,E,26119,1895424646027,132609209769154
WORK,B,26119,1895424648822,132609209769154,11
WORK,E,26121,1895424649955,132609209769154
WORK,B,26121,1895424653494,132609209769154,11
WORK,E,26122,1895424674343,132609209769154
WORK,B,26122,1895424676637,132609209769154,11
WORK,E,26123,1895424686544,132609209769154
WORK,B,26123,1895424689113,132609209769154,11
WORK,E,26123,1895424753716,132609209769154
WORK,B,26123,1895424755713,132609209769154,11
WORK,E,26121,1895424800692,132609209769154
WORK,B,26121,1895424804633,132609209769154,11
WORK,E,26123,1895424810595,132609209769154
WORK,B,26123,1895424813693,132609209769154,11
WORK,E,26119,1895424871777,132609209769154
WORK,B,26119,1895424874176,132609209769154,11
WORK,E,26113,1895424880401,132609209769154
WORK,E,26122,1895424882173,132609209769154
WORK,B,26122,1895424884258,132609209769154,11
WORK,B,26113,1895424885597,132609209769154,11
WORK,E,26121,1895424922517,132609209769154
WORK,B,26121,1895424928989,132609209769154,11
WORK,E,26119,1895424941527,132609209769154
WORK,B,26119,1895424943535,132609209769154,11
WORK,E,26121,1895425015375,132609209769154
WORK,B,26121,1895425018059,132609209769154,11
WORK,E,26122,1895425035835,132609209769154
WORK,B,26122,1895425039233,132609209769154,11
WORK,E,26119,1895425039893,132609209769154
WORK,B,26119,1895425041911,132609209769154,11
WORK,E,26123,1895425067525,132609209769154
WORK,B,26123,1895425072061,132609209769154,11
WORK,E,26113,1895425200066,132609209769154
WORK,B,26113,1895425205412,132609209769154,11
WORK,E,26122,1895425220385,132609209769154
WORK,B,26122,1895425223045,132609209769154,11
WORK,E,26121,1895425262855,132609209769154
WORK,E,26123,1895425265004,132609209769154
WORK,B,26121,1895425266280,132609209769154,11
WORK,B,26123,1895425267320,132609209769154,11
WORK,E,26119,1895425277394,132609209769154
WORK,B,26119,1895425281065,132609209769154,11
WORK,E,26119,1895425289586,132609209769154
WORK,B,26119,1895425291630,132609209769154,11
WORK,E,26115,1895425329749,132609209769154
WORK,B,26115,1895425334466,132609209769154,11
WORK,E,26119,1895425351959,132609209769154
WORK,E,26122,1895425410148,132609209769154
WORK,E,26115,1895425419179,132609209769154
WORK,E,26121,1895425465945,132609209769154
WORK,E,26113,1895425484431,132609209769154
WORK,E,26123,1895425574616,132609209769154
WORK,B,26123,1895425582621,132609209684752,20
WORK,B,26121,1895425582581,132609209684752,20
WORK,B,26120,1895425606039,132609209684752,20
WORK,E,26123,1895425657927,132609209684752
WORK,B,26123,1895425659619,132609209684752,20
WORK,E,26121,1895425667269,132609209684752
WORK,B,26121,1895425669168,132609209684752,20
WORK,E,26120,1895425679104,132609209684752
WORK,B,26120,1895425681233,132609209684752,20
WORK,E,26123,1895425725499,132609209684752
WORK,B,26123,1895425727033,132609209684752,20
WORK,E,26121,1895425735909,132609209684752
WORK,B,26121,1895425737318,132609209684752,20
WORK,E,26120,1895425748092,132609209684752
WORK,B,26120,1895425749775,132609209684752,20
WORK,E,26121,1895425767186,132609209684752
WORK,B,26121,1895425769765,132609209684752,20
WORK,E,26123,1895425797143,132609209684752
WORK,B,26123,1895425798767,132609209684752,20
WORK,E,26120,1895425819354,132609209684752
WORK,E,26121,1895425838208,132609209684752
WORK,B,26119,1895425865414,132609209648742,14
WORK,E,26123,1895425881403,132609209684752
WORK,B,26121,1895903666574,132609209599454,30
WORK,B,26123,1895903669637,132609209599454,30
WORK,B,26113,1895903676804,132609209599454,30
WORK,B,26114,1895903687264,132609209599454,30
WORK,E,26123,1895903689224,132609209599454
WORK,B,26123,1895903691662,132609209599454,30
WORK,E,26113,1895903692409,132609209599454
WORK,B,26113,1895903694761,132609209599454,30
WORK,B,26116,1895903700545,132609209599454,30
WORK,E,26114,1895903703196,132609209599454
WORK,E,26123,1895903706268,132609209599454
WORK,B,26114,1895903707522,132609209599454,30
WORK,B,26123,1895903707845,132609209599454,30
WORK,E,26113,1895903708303,132609209599454
WORK,B,26113,1895903709934,132609209599454,30
WORK,E,26116,1895903715963,132609209599454
WORK,B,26116,1895903719807,132609209599454,30
WORK,E,26123,1895903722520,132609209599454
WORK,E,26114,1895903722736,132609209599454
WORK,E,26113,1895903723721,132609209599454
WORK,B,26123,1895903724081,132609209599454,30
WORK,B,26114,1895903724508,132609209599454,30
WORK,B,26122,1895903724572,132609209599454,30
WORK,B,26113,1895903725266,132609209599454,30
WORK,E,26119,1895903729441,132609209648742
WORK,E,26121,1895903732252,132609209599454
WORK,E,26116,1895903734902,132609209599454
WORK,B,26121,1895903735129,132609209599454,30
WORK,B,26119,1895903735230,132609209599454,30
WORK,B,26116,1895903736361,132609209599454,30
WORK,E,26123,1895903741118,132609209599454
WORK,E,26113,1895903741303,132609209599454
WORK,E,26114,1895903742190,132609209599454
WORK,B,26120,1895903742218,132609209599454,30
WORK,E,26119,1895903742472,132609209599454
WORK,B,26113,1895903743168,132609209599454,30
WORK,B,26123,1895903743479,132609209599454,30
WORK,B,26114,1895903744211,132609209599454,30
WORK,E,26122,1895903744516,132609209599454
WORK,B,26119,1895903744708,132609209599454,30
WORK,B,26122,1895903746889,132609209599454,30
WORK,E,26120,1895903751276,132609209599454
WORK,E,26119,1895903751506,132609209599454
WORK,E,26121,1895903751770,132609209599454
WORK,E,26116,1895903752516,132609209599454
WORK,B,26119,1895903752903,132609209599454,30
WORK,B,26121,1895903753283,132609209599454,30
WORK,B,26120,1895903753508,132609209599454,30
WORK,B,26118,1895903753794,132609209599454,30
WORK,B,26116,1895903754119,132609209599454,30
WORK,E,26120,1895903760502,132609209599454
WORK,E,26113,1895903760818,132609209599454
WORK,E,26123,1895903761122,132609209599454
WORK,E,26119,1895903761755,132609209599454
WORK,B,26113,1895903762237,132609209599454,30
WORK,B,26120,1895903762244,132609209599454,30
WORK,B,26123,1895903762795,132609209599454,30
WORK,E,26114,1895903762832,132609209599454
WORK,B,26114,1895903764955,132609209599454,30
WORK,E,26122,1895903764973,132609209599454
WORK,B,26119,1895903765453,132609209599454,30
WORK,E,26118,1895903765602,132609209599454
WORK,B,26122,1895903766644,132609209599454,30
WORK,B,26118,1895903768538,132609209599454,30
WORK,E,26120,1895903769127,132609209599454
WORK,E,26121,1895903770590,132609209599454
WORK,B,26120,1895903770866,132609209599454,30
WORK,B,26121,1895903772058,132609209599454,30
WORK,E,26116,1895903772859,132609209599454
WORK,B,26116,1895903774346,132609209599454,30
WORK,E,26119,1895903774129,132609209599454
WORK,E,26118,1895903776770,132609209599454
WORK,B,26119,1895903776902,132609209599454,30
WORK,E,26120,1895903777577,132609209599454
WORK,B,26120,1895903779104,132609209599454,30
WORK,B,26118,1895903779105,132609209599454,30
WORK,E,26113,1895903780156,132609209599454
WORK,B,26113,1895903781528,132609209599454,30
WORK,E,26123,1895903781518,132609209599454
WORK,B,26123,1895903782990,132609209599454,30
WORK,E,26114,1895903784006,132609209599454
WORK,E,26119,1895903785423,132609209599454
WORK,B,26114,1895903785786,132609209599454,30
WORK,E,26120,1895903786109,132609209599454
WORK,E,26122,1895903786206,132609209599454
WORK,B,26120,1895903787591,132609209599454,30
WORK,E,26118,1895903788122,132609209599454
WORK,B,26122,1895903788647,132609209599454,30
WORK,B,26119,1895903788809,132609209599454,30
WORK,E,26121,1895903791615,132609209599454
WORK,B,26121,1895903792893,132609209599454,30
WORK,E,26116,1895903793653,132609209599454
WORK,E,26120,1895903793924,132609209599454
WORK,B,26116,1895903795387,132609209599454,30
WORK,E,26119,1895903795451,132609209599454
WORK,B,26118,1895903796374,132609209599454,30
WORK,B,26120,1895903796596,132609209599454,30
WORK,B,26119,1895903797745,132609209599454,30
WORK,E,26113,1895903801239,132609209599454
WORK,E,26123,1895903803576,132609209599454
WORK,E,26120,1895903803799,132609209599454
WORK,B,26113,1895903804221,132609209599454,30
WORK,B,26123,1895903805138,132609209599454,30
WORK,B,26120,1895903805708,132609209599454,30
WORK,E,26118,1895903806215,132609209599454
WORK,E,26114,1895903806478,132609209599454
WORK,E,26119,1895903807035,132609209599454
WORK,B,26118,1895903807995,132609209599454,30
WORK,E,26116,1895903808162,132609209599454
WORK,B,26114,1895903808518,132609209599454,30
WORK,B,26119,1895903809261,132609209599454,30
WORK,E,26122,1895903809638,132609209599454
WORK,B,26116,1895903810024,132609209599454,30
WORK,E,26121,1895903811300,132609209599454
WORK,B,26122,1895903811627,132609209599454,30
WORK,E,26120,1895903812453,132609209599454
WORK,B,26121,1895903814612,132609209599454,30
WORK,E,26113,1895903817149,132609209599454
WORK,B,26120,1895903817762,132609209599454,30
WORK,E,26118,1895903818150,132609209599454
WORK,B,26113,1895903818729,132609209599454,30
WORK,E,26119,1895903818853,132609209599454
WORK,B,26118,1895903819851,132609209599454,30
WORK,B,26119,1895903820672,132609209599454,30
WORK,E,26120,1895903824029,132609209599454
WORK,B,26120,1895903825676,132609209599454,30
WORK,E,26123,1895903826020,132609209599454
WORK,B,26123,1895903827555,132609209599454,30
WORK,E,26118,1895903829062,132609209599454
WORK,E,26119,1895903829032,132609209599454
WORK,E,26116,1895903829664,132609209599454
WORK,E,26114,1895903830219,132609209599454
WORK,B,26118,1895903830613,132609209599454,30
WORK,B,26116,1895903831316,132609209599454,30
WORK,B,26114,1895903832090,132609209599454,30
WORK,E,26120,1895903832095,132609209599454
WORK,E,26122,1895903832314,132609209599454
WORK,B,26120,1895903833981,132609209599454,30
WORK,B,26122,1895903834317,132609209599454,30
WORK,E,26121,1895903835078,132609209599454
WORK,B,26119,1895903835570,132609209599454,30
WORK,B,26121,1895903836646,132609209599454,30
WORK,E,26118,1895903838041,132609209599454
WORK,E,26113,1895903838997,132609209599454
WORK,B,26113,1895903840782,132609209599454,30
WORK,E,26120,1895903840814,132609209599454
WORK,B,26118,1895903841736,132609209599454,30
WORK,E,26119,1895903842335,132609209599454
WORK,B,26120,1895903842565,132609209599454,30
WORK,B,26119,1895903845433,132609209599454,30
WORK,E,26123,1895903849267,132609209599454
WORK,E,26120,1895903850448,132609209599454
WORK,E,26118,1895903850512,132609209599454
WORK,B,26123,1895903850907,132609209599454,30
WORK,B,26120,1895903851963,132609209599454,30
WORK,E,26116,1895903852364,132609209599454
WORK,E,26119,1895903853257,132609209599454
WORK,B,26118,1895903853521,132609209599454,30
WORK,E,26114,1895903853834,132609209599454
WORK,B,26116,1895903854102,132609209599454,30
WORK,B,26119,1895903855117,132609209599454,30
WORK,B,26114,1895903855674,132609209599454,30
WORK,E,26122,1895903856552,132609209599454
WORK,B,26122,1895903858273,132609209599454,30
WORK,E,26120,1895903858669,132609209599454
WORK,E,26121,1895903859235,132609209599454
WORK,E,26118,1895903864170,132609209599454
WORK,E,26113,1895903864384,132609209599454
WORK,E,26119,1895903864663,132609209599454
WORK,E,26123,1895903875417,132609209599454
WORK,E,26116,1895903876810,132609209599454
WORK,E,26114,1895903880006,132609209599454
WORK,E,26122,1895903881320,132609209599454
GC,B,26122,1895903886257
WORK,B,26122,1895903895258,132609209614824,18
WORK,E,26122,1895903965041,132609209614824
WORK,B,26122,1895903969814,132609209572369,12
WORK,B,26120,1895904716467,132609209596068,11
WORK,B,26118,1895904747743,132609209596068,11
WORK,B,26119,1895904765206,132609209596068,11
WORK,B,26113,1895904785511,132609209685392,13
WORK,E,26113,1895904788852,132609209685392
WORK,B,26113,1895904790341,132609209596068,11
WORK,B,26117,1895904800338,132609209624258,18
roots,meta,26117,1895904812155,0,18
WORK,E,26117,1895904815270,132609209624258
WORK,B,26117,1895904816705,132609209624258,18
WORK,B,26116,1895904823112,132609209624258,18
WORK,B,26123,1895904826673,132609209634082,25
roots,meta,26123,1895904834782,0,37
WORK,E,26123,1895904837000,132609209634082
WORK,B,26123,1895904839170,132609209757476,18
roots,meta,26117,1895904840605,0,51
WORK,E,26117,1895904842612,132609209624258
WORK,B,26117,1895904843926,132609209624258,18
roots,meta,26116,1895904846932,0,48
WORK,E,26116,1895904849492,132609209624258
WORK,B,26116,1895904852133,132609209770587,17
roots,meta,26116,1895904854127,0,36
WORK,E,26116,1895904855768,132609209770587
WORK,B,26116,1895904858089,132609209664764,19
WORK,E,26122,1895904858022,132609209572369
roots,meta,26116,1895904860850,0,12
roots,meta,26123,1895904861023,0,1024
WORK,E,26116,1895904862485,132609209664764
WORK,B,26122,1895904863022,132609209646046,22
WORK,B,26116,1895904864358,132609209765471,27
WORK,E,26116,1895904865768,132609209765471
WORK,B,26116,1895904867799,132609209583329,19
WORK,E,26116,1895904871016,132609209583329
WORK,B,26116,1895904872763,132609209597856,20
WORK,E,26116,1895904874843,132609209597856
WORK,B,26116,1895904876583,132609209616458,18
WORK,E,26116,1895904877977,132609209616458
WORK,B,26114,1895904878514,132609209678144,23
roots,meta,26122,1895904879269,0,791
roots,meta,26123,1895904879268,0,1024
WORK,B,26116,1895904879979,132609209678144,23
roots,meta,26117,1895904882618,0,19
WORK,E,26122,1895904883150,132609209646046
WORK,E,26117,1895904884957,132609209624258
WORK,B,26122,1895904885563,132609209713976,17
WORK,B,26117,1895904886350,132609209624258,18
WORK,E,26122,1895904888320,132609209713976
WORK,E,26116,1895904889168,132609209678144
WORK,B,26122,1895904889930,132609209678144,23
roots,meta,26117,1895904889898,0,19
WORK,E,26117,1895904892240,132609209624258
WORK,B,26117,1895904893528,132609209624258,18
WORK,B,26116,1895904895208,132609209678144,23
WORK,E,26122,1895904896462,132609209678144
roots,meta,26123,1895904896977,0,1024
WORK,B,26122,1895904897789,132609209678144,23
WORK,E,26122,1895904901653,132609209678144
WORK,B,26122,1895904902919,132609209678144,23
roots,meta,26117,1895904911316,0,81
roots,meta,26123,1895904912091,0,1024
WORK,E,26117,1895904913249,132609209624258
WORK,B,26117,1895904914484,132609209624258,18
roots,meta,26117,1895904917473,0,19
WORK,E,26117,1895904919002,132609209624258
WORK,B,26117,1895904920082,132609209624258,18
roots,meta,26123,1895904923575,0,1024
roots,meta,26117,1895904929449,0,81
WORK,E,26117,1895904931179,132609209624258
WORK,B,26117,1895904932348,132609209624258,18
roots,meta,26123,1895904935465,0,1024
roots,meta,26123,1895904947795,0,1024
roots,meta,26123,1895904961099,0,1024
roots,meta,26117,1895904971238,0,99
WORK,E,26117,1895904977532,132609209624258
WORK,B,26117,1895904979872,132609209624258,18
roots,meta,26123,1895904980534,0,1024
WORK,E,26122,1895904986061,132609209678144
WORK,B,26115,1895904987930,132609209678144,23
WORK,B,26122,1895904988509,132609209678144,23
roots,meta,26123,1895904999647,0,1024
WORK,E,26122,1895905000172,132609209678144
roots,meta,26117,1895905004460,0,104
WORK,B,26122,1895905005440,132609209678144,23
WORK,E,26113,1895905005509,132609209596068
WORK,B,26113,1895905008600,132609209596068,11
WORK,E,26117,1895905008852,132609209624258
WORK,B,26117,1895905013377,132609209624258,18
roots,meta,26123,1895905015947,0,1024
WORK,E,26113,1895905020352,132609209596068
roots,meta,26117,1895905020550,0,19
WORK,B,26113,1895905022703,132609209596068,11
WORK,E,26117,1895905022976,132609209624258
WORK,B,26117,1895905024437,132609209624258,18
roots,meta,26117,1895905028151,0,20
WORK,E,26117,1895905029540,132609209624258
roots,meta,26123,1895905033336,0,1024
WORK,B,26117,1895905034176,132609209624258,18
roots,meta,26123,1895905049618,0,1024
roots,meta,26123,1895905062954,0,1024
roots,meta,26117,1895905069579,0,158
WORK,E,26117,1895905072433,132609209624258
WORK,B,26117,1895905074162,132609209624258,18
roots,meta,26123,1895905075074,0,1024
roots,meta,26117,1895905077263,0,19
WORK,E,26117,1895905078567,132609209624258
WORK,B,26117,1895905079650,132609209624258,18
roots,meta,26123,1895905087876,0,1024
roots,meta,26123,1895905099091,0,1024
roots,meta,26117,1895905102060,0,118
WORK,E,26117,1895905103916,132609209624258
WORK,B,26117,1895905105889,132609209678144,23
WORK,E,26116,1895905106456,132609209678144
WORK,B,26116,1895905108800,132609209678144,23
roots,meta,26123,1895905127229,0,1024
roots,meta,26123,1895905137370,0,261
WORK,E,26123,1895905139606,132609209757476
WORK,B,26123,1895905144504,132609209683076,20
roots,meta,26123,1895905154355,0,1024
roots,meta,26123,1895905164927,0,1024
roots,meta,26123,1895905177441,0,1024
roots,meta,26123,1895905187343,0,1024
roots,meta,26123,1895905197138,0,1024
roots,meta,26123,1895905208189,0,1024
WORK,E,26115,1895905210831,132609209678144
WORK,B,26115,1895905213893,132609209678144,23
roots,meta,26123,1895905217946,0,1024
roots,meta,26123,1895905231726,0,1024
roots,meta,26123,1895905244365,0,1024
roots,meta,26123,1895905258635,0,1024
roots,meta,26123,1895905270554,0,1024
roots,meta,26123,1895905281261,0,1024
roots,meta,26123,1895905293477,0,1024
WORK,E,26120,1895905297397,132609209596068
WORK,B,26120,1895905300841,132609209596068,11
WORK,E,26116,1895905301256,132609209678144
WORK,B,26116,1895905303464,132609209678144,23
roots,meta,26123,1895905312774,0,1024
roots,meta,26123,1895905328223,0,1024
roots,meta,26123,1895905342068,0,1024
WORK,E,26116,1895905351885,132609209678144
roots,meta,26123,1895905354739,0,1024
WORK,B,26116,1895905354875,132609209665925,11
roots,meta,26123,1895905367522,0,1024
roots,meta,26123,1895905374764,0,619
WORK,E,26123,1895905376823,132609209683076
WORK,B,26123,1895905379357,132609209739855,29
WORK,E,26122,1895905407378,132609209678144
WORK,B,26122,1895905410826,132609209678144,23
roots,meta,26123,1895905428643,0,1024
roots,meta,26123,1895905440965,0,1024
roots,meta,26123,1895905452953,0,1024
roots,meta,26123,1895905496086,0,1024
roots,meta,26123,1895905512316,0,1024
roots,meta,26123,1895905523597,0,1024
roots,meta,26123,1895905534114,0,842
WORK,E,26123,1895905541886,132609209739855
WORK,B,26123,1895905544789,132609209665925,11
WORK,E,26114,1895905577091,132609209678144
WORK,B,26114,1895905584475,132609209678144,23
WORK,E,26122,1895905607048,132609209678144
WORK,B,26122,1895905622069,132609209678144,23
WORK,B,26121,1895905622639,132609209665925,11
WORK,E,26113,1895905673391,132609209596068
WORK,B,26113,1895905676879,132609209596068,11
WORK,E,26115,1895905763845,132609209678144
WORK,B,26115,1895905770477,132609209678144,23
WORK,E,26122,1895905810133,132609209678144
WORK,B,26122,1895905812868,132609209678144,23
WORK,E,26123,1895905862895,132609209665925
WORK,B,26123,1895905865320,132609209665925,11
WORK,E,26115,1895905971072,132609209678144
WORK,B,26115,1895905973736,132609209678144,23
WORK,E,26116,1895905981342,132609209665925
WORK,E,26115,1895905981736,132609209678144
WORK,B,26115,1895905983035,132609209678144,23
WORK,B,26116,1895905984597,132609209665925,11
WORK,E,26122,1895905992008,132609209678144
WORK,B,26122,1895905997064,132609209665925,11
WORK,E,26115,1895906125202,132609209678144
WORK,E,26123,1895906127461,132609209665925
WORK,B,26115,1895906127985,132609209665925,11
WORK,B,26123,1895906130110,132609209665925,11
WORK,E,26116,1895906274838,132609209665925
WORK,B,26116,1895906277624,132609209665925,11
WORK,E,26120,1895906332044,132609209596068
WORK,B,26120,1895906334579,132609209596068,11
WORK,E,26119,1895906357109,132609209596068
WORK,B,26119,1895906361037,132609209596068,11
WORK,E,26119,1895906380069,132609209596068
WORK,B,26119,1895906382222,132609209596068,11
WORK,E,26117,1895906397305,132609209678144
WORK,E,26119,1895906401695,132609209596068
WORK,B,26117,1895906402657,132609209678144,23
WORK,B,26119,1895906404224,132609209596068,11
WORK,E,26119,1895906418772,132609209596068
WORK,B,26119,1895906422577,132609209596068,11
WORK,E,26119,1895906490512,132609209596068
WORK,B,26119,1895906492431,132609209596068,11
WORK,E,26113,1895906505175,132609209596068
WORK,B,26113,1895906510098,132609209596068,11
WORK,E,26119,1895906510331,132609209596068
WORK,B,26119,1895906512394,132609209596068,11
WORK,E,26119,1895906520696,132609209596068
WORK,B,26119,1895906521812,132609209596068,11
WORK,E,26116,1895906533923,132609209665925
WORK,B,26116,1895906536801,132609209665925,11
WORK,E,26117,1895906582369,132609209678144
WORK,B,26117,1895906584768,132609209678144,23
WORK,E,26122,1895906675052,132609209665925
WORK,B,26122,1895906678313,132609209665925,11
WORK,E,26121,1895906784760,132609209665925
WORK,E,26117,1895906786062,132609209678144
WORK,B,26117,1895906790146,132609209678144,23
WORK,B,26121,1895906790498,132609209665925,11
WORK,E,26120,1895906824057,132609209596068
WORK,B,26120,1895906826938,132609209596068,11
WORK,E,26116,1895906841248,132609209665925
WORK,B,26116,1895906846109,132609209665925,11
WORK,E,26119,1895906917729,132609209596068
WORK,B,26119,1895906921665,132609209596068,11
WORK,E,26113,1895906943434,132609209596068
WORK,B,26113,1895906946856,132609209596068,11
WORK,E,26123,1895906952985,132609209665925
WORK,B,26123,1895906955182,132609209665925,11
WORK,E,26114,1895906983021,132609209678144
WORK,E,26119,1895906985607,132609209596068
WORK,B,26119,1895906988096,132609209596068,11
WORK,B,26114,1895906988270,132609209678144,23
WORK,E,26114,1895906999919,132609209678144
WORK,B,26114,1895907002135,132609209665925,11
WORK,E,26120,1895907114773,132609209596068
WORK,B,26120,1895907116703,132609209665925,11
WORK,E,26113,1895907357327,132609209596068
WORK,B,26113,1895907360539,132609209596068,11
WORK,E,26119,1895907418877,132609209596068
WORK,B,26119,1895907421857,132609209596068,11
WORK,E,26121,1895907634496,132609209665925
WORK,B,26121,1895907640964,132609209665925,11
WORK,E,26116,1895907700041,132609209665925
WORK,B,26116,1895907705025,132609209665925,11
WORK,E,26119,1895907791251,132609209596068
WORK,B,26119,1895907797425,132609209596068,11
WORK,E,26120,1895907915372,132609209665925
WORK,B,26120,1895907918244,132609209665925,11
WORK,E,26113,1895907965018,132609209596068
WORK,B,26113,1895907967583,132609209596068,11
WORK,E,26116,1895908095856,132609209665925
WORK,B,26116,1895908100428,132609209665925,11
WORK,E,26123,1895908142085,132609209665925
WORK,B,26123,1895908144339,132609209665925,11
WORK,E,26115,1895908397972,132609209665925
WORK,B,26115,1895908403072,132609209665925,11
WORK,E,26119,1895908426308,132609209596068
WORK,B,26119,1895908429863,132609209596068,11
WORK,E,26123,1895908514054,132609209665925
WORK,B,26123,1895908516140,132609209665925,11
WORK,E,26113,1895908547469,132609209596068
WORK,B,26113,1895908552651,132609209596068,11
WORK,E,26116,1895908647740,132609209665925
WORK,B,26116,1895908650975,132609209665925,11
WORK,E,26121,1895908709243,132609209665925
WORK,B,26121,1895908712974,132609209665925,11
WORK,E,26120,1895908782591,132609209665925
WORK,B,26120,1895908784906,132609209665925,11
WORK,E,26117,1895908816952,132609209678144
WORK,E,26113,1895908817436,132609209596068
WORK,B,26113,1895908820809,132609209596068,11
WORK,B,26117,1895908821891,132609209678144,23
WORK,E,26123,1895908893217,132609209665925
WORK,B,26123,1895908895393,132609209665925,11
WORK,E,26114,1895908945919,132609209665925
WORK,B,26114,1895908949096,132609209665925,11
WORK,E,26117,1895909016490,132609209678144
WORK,B,26117,1895909019533,132609209678144,23
WORK,E,26116,1895909020161,132609209665925
WORK,B,26116,1895909023121,132609209665925,11
WORK,E,26117,1895909029415,132609209678144
WORK,B,26117,1895909030627,132609209678144,23
WORK,E,26117,1895909034805,132609209678144
WORK,B,26117,1895909035833,132609209678144,23
WORK,E,26121,1895909042676,132609209665925
WORK,B,26121,1895909046325,132609209665925,11
WORK,E,26119,1895909119983,132609209596068
WORK,B,26119,1895909123840,132609209596068,11
WORK,E,26123,1895909150090,132609209665925
WORK,B,26123,1895909151979,132609209665925,11
WORK,E,26122,1895909162751,132609209665925
WORK,B,26122,1895909167089,132609209665925,11
WORK,E,26117,1895909229464,132609209678144
WORK,B,26117,1895909231895,132609209665925,11
WORK,E,26121,1895909270975,132609209665925
WORK,B,26121,1895909274641,132609209665925,11
WORK,E,26116,1895909277851,132609209665925
WORK,B,26116,1895909283069,132609209665925,11
WORK,E,26115,1895909403574,132609209665925
WORK,B,26115,1895909407709,132609209665925,11
WORK,E,26120,1895909435045,132609209665925
WORK,B,26120,1895909437064,132609209665925,11
WORK,E,26116,1895909460621,132609209665925
WORK,B,26116,1895909462814,132609209665925,11
WORK,E,26119,1895909523903,132609209596068
WORK,B,26119,1895909527310,132609209596068,11
WORK,E,26123,1895909542300,132609209665925
WORK,B,26123,1895909544383,132609209665925,11
WORK,E,26117,1895909600625,132609209665925
WORK,B,26117,1895909603390,132609209665925,11
WORK,E,26119,1895909656754,132609209596068
WORK,B,26119,1895909659305,132609209596068,11
WORK,E,26123,1895909683151,132609209665925
WORK,B,26123,1895909685136,132609209665925,11
WORK,E,26116,1895909737816,132609209665925
WORK,B,26116,1895909740462,132609209665925,11
WORK,E,26123,1895909912637,132609209665925
WORK,B,26123,1895909915513,132609209665925,11
WORK,E,26116,1895909946453,132609209665925
WORK,B,26116,1895909948721,132609209665925,11
WORK,E,26121,1895909952529,132609209665925
WORK,B,26121,1895909957128,132609209665925,11
WORK,E,26120,1895909969591,132609209665925
WORK,B,26120,1895909971867,132609209665925,11
WORK,E,26116,1895910018246,132609209665925
WORK,B,26116,1895910022808,132609209665925,11
WORK,E,26122,1895910029129,132609209665925
WORK,B,26122,1895910035252,132609209665925,11
WORK,E,26119,1895910080345,132609209596068
WORK,B,26119,1895910083554,132609209596068,11
WORK,E,26119,1895910103736,132609209596068
WORK,B,26119,1895910108250,132609209596068,11
WORK,E,26123,1895910139289,132609209665925
WORK,B,26123,1895910141272,132609209665925,11
WORK,E,26117,1895910194266,132609209665925
WORK,B,26117,1895910198231,132609209665925,11
WORK,E,26116,1895910218520,132609209665925
WORK,B,26116,1895910220745,132609209665925,11
WORK,E,26116,1895910224464,132609209665925
WORK,B,26116,1895910225553,132609209665925,11
WORK,E,26120,1895910229664,132609209665925
WORK,E,26116,1895910230663,132609209665925
WORK,B,26120,1895910232350,132609209665925,11
WORK,B,26116,1895910232564,132609209665925,11
WORK,E,26116,1895910236278,132609209665925
WORK,B,26116,1895910237278,132609209665925,11
WORK,E,26116,1895910240495,132609209665925
WORK,B,26116,1895910241425,132609209665925,11
WORK,E,26116,1895910244447,132609209665925
WORK,B,26116,1895910245459,132609209665925,11
WORK,E,26114,1895910497440,132609209665925
WORK,B,26114,1895910501911,132609209665925,11
WORK,E,26118,1895910544144,132609209596068
WORK,B,26118,1895910552159,132609209596068,11
WORK,E,26123,1895910559131,132609209665925
WORK,B,26123,1895910561359,132609209665925,11
WORK,E,26121,1895910596633,132609209665925
WORK,B,26121,1895910599495,132609209665925,11
WORK,E,26123,1895910610434,132609209665925
WORK,B,26123,1895910613857,132609209665925,11
WORK,E,26123,1895910633307,132609209665925
WORK,B,26123,1895910634722,132609209665925,11
WORK,E,26123,1895910659050,132609209665925
WORK,B,26123,1895910660232,132609209665925,11
WORK,E,26113,1895910667368,132609209596068
WORK,B,26113,1895910670818,132609209596068,11
WORK,E,26123,1895910683522,132609209665925
WORK,B,26123,1895910685391,132609209665925,11
WORK,E,26123,1895910706264,132609209665925
WORK,B,26123,1895910708188,132609209665925,11
WORK,E,26123,1895910731802,132609209665925
WORK,B,26123,1895910732902,132609209665925,11
WORK,E,26123,1895910755996,132609209665925
WORK,B,26123,1895910757697,132609209665925,11
WORK,E,26123,1895910784625,132609209665925
WORK,B,26123,1895910786323,132609209665925,11
WORK,E,26121,1895910788461,132609209665925
WORK,B,26121,1895910790786,132609209665925,11
WORK,E,26123,1895910814242,132609209665925
WORK,B,26123,1895910818334,132609209665925,11
WORK,E,26123,1895910856747,132609209665925
WORK,B,26123,1895910858269,132609209665925,11
WORK,E,26113,1895910869528,132609209596068
WORK,B,26113,1895910873197,132609209596068,11
WORK,E,26123,1895910881615,132609209665925
WORK,B,26123,1895910882836,132609209665925,11
WORK,E,26123,1895910906813,132609209665925
WORK,B,26123,1895910907904,132609209665925,11
WORK,E,26116,1895910934797,132609209665925
WORK,E,26123,1895910935723,132609209665925
WORK,B,26123,1895910936880,132609209665925,11
WORK,B,26116,1895910938188,132609209665925,11
WORK,E,26123,1895910966483,132609209665925
WORK,B,26123,1895910967804,132609209665925,11
WORK,E,26119,1895911031329,132609209596068
WORK,B,26119,1895911035263,132609209596068,11
WORK,E,26115,1895911154733,132609209665925
WORK,E,26123,1895911155901,132609209665925
WORK,B,26123,1895911158291,132609209665925,11
WORK,B,26115,1895911158533,132609209665925,11
WORK,E,26116,1895911163670,132609209665925
WORK,B,26116,1895911166903,132609209665925,11
WORK,E,26117,1895911167062,132609209665925
WORK,E,26113,1895911168611,132609209596068
WORK,B,26117,1895911170463,132609209665925,11
WORK,B,26113,1895911171405,132609209596068,11
WORK,E,26119,1895911217986,132609209596068
WORK,B,26119,1895911220237,132609209596068,11
WORK,E,26118,1895911237386,132609209596068
WORK,B,26118,1895911243914,132609209596068,11
WORK,E,26121,1895911250692,132609209665925
WORK,B,26121,1895911253651,132609209665925,11
WORK,E,26113,1895911277064,132609209596068
WORK,B,26113,1895911281126,132609209596068,11
WORK,E,26116,1895911327240,132609209665925
WORK,B,26116,1895911329521,132609209665925,11
WORK,E,26122,1895911419274,132609209665925
WORK,B,26122,1895911425447,132609209665925,11
WORK,E,26123,1895911444184,132609209665925
WORK,B,26123,1895911446207,132609209665925,11
WORK,E,26121,1895911488616,132609209665925
WORK,B,26121,1895911490744,132609209665925,11
WORK,E,26118,1895911639394,132609209596068
WORK,B,26118,1895911642403,132609209596068,11
WORK,E,26117,1895911689637,132609209665925
WORK,B,26117,1895911692163,132609209665925,11
WORK,E,26113,1895911745051,132609209596068
WORK,B,26113,1895911749241,132609209596068,11
WORK,E,26114,1895911801657,132609209665925
WORK,B,26114,1895911805306,132609209665925,11
WORK,E,26116,1895911841817,132609209665925
WORK,B,26116,1895911845119,132609209665925,11
WORK,E,26120,1895911845228,132609209665925
WORK,B,26120,1895911847894,132609209665925,11
WORK,E,26119,1895911967476,132609209596068
WORK,B,26119,1895911972535,132609209596068,11
WORK,E,26121,1895911972814,132609209665925
WORK,B,26121,1895911975905,132609209665925,11
WORK,E,26119,1895911979123,132609209596068
WORK,B,26119,1895911980488,132609209596068,11
WORK,E,26115,1895911983711,132609209665925
WORK,B,26115,1895911989965,132609209665925,11
WORK,E,26119,1895911994759,132609209596068
WORK,B,26119,1895911999216,132609209596068,11
WORK,E,26119,1895912009330,132609209596068
WORK,B,26119,1895912011197,132609209596068,11
WORK,E,26119,1895912021335,132609209596068
WORK,B,26119,1895912023129,132609209596068,11
WORK,E,26119,1895912029079,132609209596068
WORK,B,26119,1895912030104,132609209596068,11
WORK,E,26119,1895912040276,132609209596068
WORK,B,26119,1895912042049,132609209596068,11
WORK,E,26119,1895912048038,132609209596068
WORK,B,26119,1895912049058,132609209596068,11
WORK,E,26123,1895912121850,132609209665925
WORK,B,26123,1895912124049,132609209665925,11
WORK,E,26117,1895912126513,132609209665925
WORK,B,26117,1895912128947,132609209665925,11
WORK,E,26116,1895912217390,132609209665925
WORK,B,26116,1895912221372,132609209665925,11
WORK,E,26120,1895912478545,132609209665925
WORK,B,26120,1895912481066,132609209665925,11
WORK,E,26123,1895912503913,132609209665925
WORK,B,26123,1895912508198,132609209665925,11
WORK,E,26116,1895912548079,132609209665925
WORK,B,26116,1895912550538,132609209665925,11
WORK,E,26122,1895912642067,132609209665925
WORK,B,26122,1895912646732,132609209665925,11
WORK,E,26123,1895912686662,132609209665925
WORK,B,26123,1895912688714,132609209665925,11
WORK,E,26117,1895912829352,132609209665925
WORK,B,26117,1895912832175,132609209665925,11
WORK,E,26118,1895912915733,132609209596068
WORK,B,26118,1895912920013,132609209596068,11
WORK,E,26123,1895912930452,132609209665925
WORK,B,26123,1895912932631,132609209665925,11
WORK,E,26116,1895913018266,132609209665925
WORK,B,26116,1895913021250,132609209665925,11
WORK,E,26114,1895913043694,132609209665925
WORK,E,26120,1895913045053,132609209665925
WORK,B,26120,1895913047223,132609209665925,11
WORK,B,26114,1895913048192,132609209665925,11
WORK,E,26120,1895913110359,132609209665925
WORK,B,26120,1895913113174,132609209665925,11
WORK,E,26114,1895913157857,132609209665925
WORK,B,26114,1895913160190,132609209665925,11
WORK,E,26113,1895913176529,132609209596068
WORK,B,26113,1895913179893,132609209596068,11
WORK,E,26119,1895913334747,132609209596068
WORK,B,26119,1895913339348,132609209596068,11
WORK,E,26120,1895913343057,132609209665925
WORK,B,26120,1895913345272,132609209665925,11
WORK,E,26113,1895913400596,132609209596068
WORK,B,26113,1895913404482,132609209624258,18
WORK,E,26118,1895913445764,132609209596068
WORK,B,26118,1895913452631,132609209596068,11
roots,meta,26113,1895913472262,0,114
WORK,E,26113,1895913478526,132609209624258
WORK,B,26113,1895913481286,132609209624258,18
roots,meta,26113,1895913489908,0,8
WORK,E,26113,1895913492231,132609209624258
WORK,B,26113,1895913493361,132609209624258,18
roots,meta,26113,1895913499472,0,16
WORK,E,26119,1895913499295,132609209596068
WORK,E,26113,1895913501172,132609209624258
WORK,B,26119,1895913502225,132609209596068,11
WORK,B,26113,1895913502520,132609209624258,18
roots,meta,26113,1895913505004,0,1
WORK,E,26113,1895913511109,132609209624258
WORK,B,26113,1895913512957,132609209624258,18
roots,meta,26113,1895913515496,0,1
WORK,E,26113,1895913516748,132609209624258
WORK,B,26113,1895913517811,132609209624258,18
roots,meta,26113,1895913520646,0,22
WORK,E,26113,1895913522007,132609209624258
WORK,B,26113,1895913523055,132609209624258,18
roots,meta,26113,1895913524592,0,3
WORK,E,26113,1895913526098,132609209624258
WORK,E,26117,1895913529543,132609209665925
WORK,B,26113,1895913530418,132609209624258,18
roots,meta,26113,1895913533345,0,1
WORK,B,26117,1895913533410,132609209665925,11
WORK,E,26113,1895913537585,132609209624258
WORK,B,26113,1895913538875,132609209624258,18
roots,meta,26113,1895913550516,0,19
WORK,E,26113,1895913553233,132609209624258
WORK,B,26113,1895913554955,132609209624258,18
roots,meta,26113,1895913557755,0,21
WORK,E,26113,1895913558989,132609209624258
WORK,B,26113,1895913560300,132609209665925,11
WORK,E,26123,1895913591732,132609209665925
WORK,B,26123,1895913593771,132609209665925,11
WORK,E,26120,1895913598107,132609209665925
WORK,B,26120,1895913599924,132609209665925,11
WORK,E,26119,1895913644862,132609209596068
WORK,B,26119,1895913647817,132609209665925,11
WORK,E,26119,1895913831974,132609209665925
WORK,B,26119,1895913882758,132609209665925,11
WORK,E,26123,1895913901546,132609209665925
WORK,B,26123,1895913905635,132609209665925,11
WORK,E,26120,1895913940123,132609209665925
WORK,B,26120,1895913941928,132609209665925,11
WORK,E,26121,1895913962470,132609209665925
WORK,B,26121,1895913967932,132609209665925,11
WORK,E,26122,1895914013162,132609209665925
WORK,E,26118,1895914014460,132609209596068
WORK,B,26118,1895914018573,132609209596068,11
WORK,B,26122,1895914023143,132609209665925,11
WORK,E,26123,1895914134981,132609209665925
WORK,E,26113,1895914141620,132609209665925
WORK,B,26113,1895914145899,132609209665925,11
WORK,E,26121,1895914155724,132609209665925
WORK,B,26121,1895914159309,132609209665925,11
WORK,E,26118,1895914161042,132609209596068
WORK,B,26123,1895914163607,132609209665925,11
WORK,B,26118,1895914164739,132609209596068,11
WORK,E,26118,1895914223947,132609209596068
WORK,B,26118,1895914226823,132609209596068,11
WORK,E,26118,1895914259329,132609209596068
WORK,B,26118,1895914261645,132609209596068,11
WORK,E,26120,1895914302501,132609209665925
WORK,B,26120,1895914308809,132609209665925,11
WORK,E,26117,1895914311773,132609209665925
WORK,B,26117,1895914315266,132609209665925,11
WORK,E,26119,1895914339395,132609209665925
WORK,B,26119,1895914342771,132609209665925,11
WORK,E,26121,1895914399366,132609209665925
WORK,B,26121,1895914432197,132609209665925,11
WORK,E,26116,1895914434794,132609209665925
WORK,B,26116,1895914438130,132609209665925,11
WORK,E,26123,1895914580332,132609209665925
WORK,B,26123,1895914601270,132609209665925,11
WORK,E,26117,1895914603085,132609209665925
WORK,B,26117,1895914606630,132609209665925,11
WORK,E,26121,1895914649832,132609209665925
WORK,B,26121,1895914651965,132609209665925,11
WORK,E,26120,1895914668693,132609209665925
WORK,B,26120,1895914673397,132609209665925,11
WORK,E,26118,1895914692038,132609209596068
WORK,B,26118,1895914730943,132609209596068,11
WORK,E,26119,1895914754841,132609209665925
WORK,B,26119,1895914758094,132609209665925,11
WORK,E,26116,1895914833799,132609209665925
WORK,E,26113,1895914839879,132609209665925
WORK,B,26113,1895914845568,132609209665925,11
WORK,E,26123,1895914854596,132609209665925
WORK,B,26123,1895914856628,132609209665925,11
WORK,B,26116,1895914867798,132609209665925,11
WORK,E,26121,1895914883672,132609209665925
WORK,B,26121,1895914887267,132609209665925,11
WORK,E,26118,1895914974428,132609209596068
WORK,E,26120,1895914993272,132609209665925
WORK,B,26120,1895914995277,132609209665925,11
WORK,B,26118,1895915006454,132609209596068,11
WORK,E,26122,1895915010748,132609209665925
WORK,B,26122,1895915015266,132609209665925,11
WORK,E,26118,1895915053847,132609209596068
WORK,B,26118,1895915055090,132609209596068,11
WORK,E,26118,1895915080700,132609209596068
WORK,B,26118,1895915110163,132609209596068,11
WORK,E,26118,1895915130464,132609209596068
WORK,B,26118,1895915133828,132609209596068,11
WORK,E,26119,1895915221861,132609209665925
WORK,E,26123,1895915228282,132609209665925
WORK,B,26123,1895915230431,132609209665925,11
WORK,B,26119,1895915254201,132609209665925,11
WORK,E,26116,1895915300507,132609209665925
WORK,B,26116,1895915304716,132609209665925,11
WORK,E,26120,1895915389206,132609209665925
WORK,B,26120,1895915412633,132609209665925,11
WORK,E,26121,1895915415970,132609209665925
WORK,B,26121,1895915420013,132609209665925,11
WORK,E,26123,1895915438354,132609209665925
WORK,B,26123,1895915440453,132609209665925,11
WORK,E,26113,1895915442635,132609209665925
WORK,B,26113,1895915446144,132609209665925,11
WORK,E,26123,1895915603386,132609209665925
WORK,B,26123,1895915622471,132609209665925,11
WORK,E,26119,1895915705323,132609209665925
WORK,E,26118,1895915731835,132609209596068
WORK,B,26118,1895915735798,132609209596068,11
WORK,B,26119,1895915736076,132609209665925,11
WORK,E,26116,1895915743072,132609209665925
WORK,B,26116,1895915746301,132609209665925,11
WORK,E,26123,1895915793685,132609209665925
WORK,B,26123,1895915795873,132609209665925,11
WORK,E,26120,1895915797152,132609209665925
WORK,B,26120,1895915801415,132609209665925,11
WORK,E,26113,1895915868654,132609209665925
WORK,B,26113,1895915905493,132609209665925,11
WORK,E,26121,1895915930705,132609209665925
WORK,B,26121,1895915933651,132609209665925,11
WORK,E,26123,1895915969156,132609209665925
WORK,B,26123,1895915987468,132609209665925,11
WORK,E,26116,1895916005005,132609209665925
WORK,B,26116,1895916007340,132609209665925,11
WORK,E,26123,1895916120399,132609209665925
WORK,B,26123,1895916142310,132609209665925,11
WORK,E,26120,1895916209993,132609209665925
WORK,E,26119,1895916223877,132609209665925
WORK,B,26119,1895916227504,132609209665925,11
WORK,B,26120,1895916228481,132609209665925,11
WORK,E,26121,1895916282298,132609209665925
WORK,B,26121,1895916286063,132609209665925,11
WORK,E,26122,1895916370465,132609209665925
WORK,E,26113,1895916397475,132609209665925
WORK,B,26113,1895916400369,132609209665925,11
WORK,E,26119,1895916404257,132609209665925
WORK,B,26122,1895916406026,132609209665925,11
WORK,B,26119,1895916406482,132609209665925,11
WORK,E,26118,1895916494999,132609209596068
WORK,E,26116,1895916527124,132609209665925
WORK,B,26118,1895916528028,132609209596068,11
WORK,B,26116,1895916529964,132609209665925,11
WORK,E,26119,1895916665997,132609209665925
WORK,E,26113,1895916671553,132609209665925
WORK,B,26113,1895916677811,132609209665925,11
WORK,B,26119,1895916698959,132609209665925,11
WORK,E,26121,1895916703600,132609209665925
WORK,B,26121,1895916706023,132609209665925,11
WORK,E,26120,1895916708149,132609209665925
WORK,B,26120,1895916710401,132609209665925,11
WORK,E,26122,1895916762482,132609209665925
WORK,B,26122,1895916765739,132609209665925,11
WORK,E,26116,1895916823309,132609209665925
WORK,E,26115,1895916832473,132609209665925
WORK,B,26115,1895916836493,132609209665925,11
WORK,B,26116,1895916850587,132609209665925,11
WORK,E,26117,1895916986042,132609209665925
WORK,B,26117,1895917021025,132609209665925,11
WORK,E,26121,1895917035334,132609209665925
WORK,B,26121,1895917037413,132609209665925,11
WORK,E,26118,1895917099863,132609209596068
WORK,B,26118,1895917106378,132609209596068,11
WORK,E,26114,1895917136084,132609209665925
WORK,B,26114,1895917142613,132609209665925,11
WORK,E,26118,1895917193194,132609209596068
WORK,B,26118,1895917195294,132609209596068,11
WORK,E,26120,1895917268182,132609209665925
WORK,B,26120,1895917271030,132609209665925,11
WORK,E,26119,1895917271585,132609209665925
WORK,B,26119,1895917277032,132609209665925,11
WORK,E,26114,1895917283017,132609209665925
WORK,B,26114,1895917285211,132609209665925,11
WORK,E,26116,1895917319272,132609209665925
WORK,B,26116,1895917325574,132609209665925,11
WORK,E,26116,1895917343843,132609209665925
WORK,B,26116,1895917345376,132609209665925,11
WORK,E,26114,1895917413882,132609209665925
WORK,E,26117,1895917449965,132609209665925
WORK,B,26114,1895917450570,132609209665925,11
WORK,B,26117,1895917452721,132609209665925,11
WORK,E,26121,1895917649109,132609209665925
WORK,E,26120,1895917691624,132609209665925
WORK,B,26120,1895917693996,132609209665925,11
WORK,E,26123,1895917694902,132609209665925
WORK,B,26123,1895917697132,132609209665925,11
WORK,E,26119,1895917707776,132609209665925
WORK,B,26119,1895917710299,132609209665925,11
WORK,E,26114,1895917742514,132609209665925
WORK,B,26114,1895917744899,132609209665925,11
WORK,E,26118,1895917748055,132609209596068
WORK,B,26118,1895917751667,132609209596068,11
WORK,B,26121,1895917780745,132609209665925,11
WORK,E,26121,1895917814220,132609209665925
WORK,B,26121,1895917816579,132609209665925,11
WORK,E,26115,1895917912354,132609209665925
WORK,B,26115,1895917915965,132609209665925,11
WORK,E,26116,1895918085524,132609209665925
WORK,E,26117,1895918085670,132609209665925
WORK,B,26117,1895918090270,132609209665925,11
WORK,B,26116,1895918090288,132609209665925,11
WORK,E,26120,1895918193650,132609209665925
WORK,B,26120,1895918198295,132609209678144,23
WORK,E,26119,1895918209334,132609209665925
WORK,B,26119,1895918212875,132609209665925,11
WORK,E,26121,1895918223484,132609209665925
WORK,E,26116,1895918225466,132609209665925
WORK,E,26118,1895918226600,132609209596068
WORK,B,26116,1895918227236,132609209665925,11
WORK,B,26121,1895918227687,132609209665925,11
WORK,B,26118,1895918229888,132609209596068,11
WORK,E,26114,1895918241802,132609209665925
WORK,B,26114,1895918244283,132609209665925,11
WORK,E,26122,1895918313003,132609209665925
WORK,B,26122,1895918316491,132609209665925,11
WORK,E,26118,1895918407027,132609209596068
WORK,E,26120,1895918407121,132609209678144
WORK,B,26118,1895918409347,132609209596068,11
WORK,B,26120,1895918409579,132609209678144,23
WORK,E,26115,1895918415423,132609209665925
WORK,B,26115,1895918420597,132609209678144,23
WORK,E,26116,1895918421614,132609209665925
WORK,B,26116,1895918424293,132609209678144,23
WORK,E,26116,1895918430557,132609209678144
WORK,B,26116,1895918431821,132609209678144,23
WORK,E,26118,1895918432016,132609209596068
WORK,B,26118,1895918433240,132609209596068,11
WORK,E,26116,1895918437294,132609209678144
WORK,B,26116,1895918440354,132609209665925,11
WORK,E,26115,1895918508166,132609209678144
WORK,B,26115,1895918510704,132609209678144,23
WORK,E,26118,1895918559065,132609209596068
WORK,B,26118,1895918561313,132609209596068,11
WORK,E,26115,1895918565225,132609209678144
WORK,B,26115,1895918567325,132609209678144,23
WORK,E,26120,1895918575615,132609209678144
WORK,B,26120,1895918577737,132609209678144,23
WORK,E,26115,1895918612732,132609209678144
WORK,E,26120,1895918614482,132609209678144
WORK,B,26115,1895918614948,132609209678144,23
WORK,B,26120,1895918616476,132609209678144,23
WORK,E,26115,1895918625938,132609209678144
WORK,B,26115,1895918627173,132609209678144,23
WORK,E,26115,1895918629528,132609209678144
WORK,B,26115,1895918630587,132609209678144,23
WORK,E,26115,1895918633672,132609209678144
WORK,B,26115,1895918634649,132609209678144,23
WORK,E,26115,1895918636157,132609209678144
WORK,B,26115,1895918639739,132609209678144,23
WORK,E,26115,1895918643282,132609209678144
WORK,B,26115,1895918644591,132609209678144,23
WORK,E,26115,1895918648594,132609209678144
WORK,B,26115,1895918649599,132609209678144,23
WORK,E,26115,1895918651506,132609209678144
WORK,B,26115,1895918652465,132609209678144,23
WORK,E,26115,1895918653891,132609209678144
WORK,B,26115,1895918655927,132609209665925,11
WORK,E,26119,1895918685467,132609209665925
WORK,B,26119,1895918688251,132609209665925,11
WORK,E,26121,1895918740573,132609209665925
WORK,B,26121,1895918745637,132609209665925,11
WORK,E,26120,1895918781311,132609209678144
WORK,B,26120,1895918783647,132609209678144,23
WORK,E,26120,1895918787917,132609209678144
WORK,B,26120,1895918789182,132609209678144,23
WORK,E,26122,1895918789793,132609209665925
WORK,B,26122,1895918793040,132609209665925,11
WORK,E,26116,1895918882891,132609209665925
WORK,B,26116,1895918885391,132609209665925,11
WORK,E,26120,1895918937896,132609209678144
WORK,B,26120,1895918939519,132609209678144,23
WORK,E,26123,1895919001328,132609209665925
WORK,B,26123,1895919003461,132609209665925,11
WORK,E,26120,1895919092776,132609209678144
WORK,B,26120,1895919094659,132609209678144,23
WORK,E,26115,1895919279234,132609209665925
WORK,B,26115,1895919284273,132609209665925,11
WORK,E,26119,1895919429956,132609209665925
WORK,E,26116,1895919430846,132609209665925
WORK,B,26116,1895919435948,132609209665925,11
WORK,B,26119,1895919435992,132609209665925,11
WORK,E,26114,1895919444288,132609209665925
WORK,B,26114,1895919447998,132609209665925,11
WORK,E,26118,1895919509014,132609209596068
WORK,B,26118,1895919512681,132609209596068,11
WORK,E,26113,1895919596589,132609209665925
WORK,B,26113,1895919601046,132609209665925,11
WORK,E,26115,1895919762599,132609209665925
WORK,B,26115,1895919765111,132609209665925,11
WORK,E,26118,1895919791794,132609209596068
WORK,B,26118,1895919794267,132609209596068,11
WORK,E,26119,1895919948296,132609209665925
WORK,B,26119,1895919950831,132609209665925,11
WORK,E,26115,1895920073625,132609209665925
WORK,B,26115,1895920076570,132609209665925,11
WORK,E,26122,1895920135196,132609209665925
WORK,B,26122,1895920138491,132609209665925,11
WORK,E,26116,1895920154791,132609209665925
WORK,B,26116,1895920157428,132609209665925,11
WORK,E,26114,1895920189224,132609209665925
WORK,B,26114,1895920193352,132609209665925,11
WORK,E,26113,1895920202495,132609209665925
WORK,B,26113,1895920208399,132609209665925,11
WORK,E,26123,1895920255833,132609209665925
WORK,B,26123,1895920258795,132609209665925,11
WORK,E,26117,1895920336955,132609209665925
WORK,B,26117,1895920339481,132609209665925,11
WORK,E,26114,1895920352325,132609209665925
WORK,B,26114,1895920354733,132609209665925,11
WORK,E,26113,1895920421317,132609209665925
WORK,B,26113,1895920423619,132609209665925,11
WORK,E,26114,1895920440816,132609209665925
WORK,B,26114,1895920444234,132609209665925,11
WORK,E,26115,1895920456174,132609209665925
WORK,B,26115,1895920460649,132609209665925,11
WORK,E,26119,1895920466703,132609209665925
WORK,B,26119,1895920469134,132609209665925,11
WORK,E,26118,1895920612832,132609209596068
WORK,B,26118,1895920616489,132609209596068,11
WORK,E,26114,1895920740759,132609209665925
WORK,B,26114,1895920743069,132609209665925,11
WORK,E,26118,1895920749236,132609209596068
WORK,B,26118,1895920751462,132609209596068,11
WORK,E,26116,1895920777567,132609209665925
WORK,B,26116,1895920779734,132609209665925,11
WORK,E,26122,1895920845666,132609209665925
WORK,B,26122,1895920850465,132609209665925,11
WORK,E,26118,1895920892420,132609209596068
WORK,B,26118,1895920894559,132609209596068,11
WORK,E,26114,1895920949593,132609209665925
WORK,B,26114,1895920952787,132609209665925,11
WORK,E,26123,1895920990216,132609209665925
WORK,B,26123,1895920992765,132609209665925,11
WORK,E,26113,1895921003456,132609209665925
WORK,B,26113,1895921006521,132609209665925,11
WORK,E,26119,1895921015642,132609209665925
WORK,B,26119,1895921017831,132609209665925,11
WORK,E,26115,1895921137309,132609209665925
WORK,B,26115,1895921140818,132609209665925,11
WORK,E,26118,1895921208957,132609209596068
WORK,B,26118,1895921214348,132609209596068,11
WORK,E,26123,1895921249869,132609209665925
WORK,B,26123,1895921252472,132609209665925,11
WORK,E,26122,1895921326170,132609209665925
WORK,B,26122,1895921329556,132609209665925,11
WORK,E,26116,1895921340494,132609209665925
WORK,B,26116,1895921342725,132609209665925,11
WORK,E,26114,1895921376612,132609209665925
WORK,B,26114,1895921382088,132609209665925,11
WORK,E,26120,1895921464349,132609209678144
WORK,B,26120,1895921467897,132609209678144,23
WORK,E,26119,1895921542348,132609209665925
WORK,B,26119,1895921545583,132609209665925,11
WORK,E,26115,1895921616785,132609209665925
WORK,B,26115,1895921621500,132609209665925,11
WORK,E,26123,1895921670085,132609209665925
WORK,E,26114,1895921673953,132609209665925
WORK,B,26123,1895921674472,132609209665925,11
WORK,B,26114,1895921678394,132609209665925,11
WORK,E,26120,1895921679496,132609209678144
WORK,B,26120,1895921681492,132609209678144,23
WORK,E,26120,1895921716499,132609209678144
WORK,B,26120,1895921717831,132609209678144,23
WORK,E,26120,1895921760245,132609209678144
WORK,B,26120,1895921762076,132609209678144,23
WORK,E,26120,1895921797876,132609209678144
WORK,B,26120,1895921799836,132609209678144,23
WORK,E,26120,1895921853912,132609209678144
WORK,B,26120,1895921856038,132609209678144,23
WORK,E,26118,1895921867157,132609209596068
WORK,B,26118,1895921870890,132609209596068,11
WORK,E,26118,1895921882092,132609209596068
WORK,B,26118,1895921883250,132609209596068,11
WORK,E,26118,1895921891952,132609209596068
WORK,E,26120,1895921892965,132609209678144
WORK,B,26118,1895921893399,132609209596068,11
WORK,B,26120,1895921894439,132609209678144,23
WORK,E,26118,1895921902149,132609209596068
WORK,B,26118,1895921903595,132609209665925,11
WORK,E,26120,1895921936043,132609209678144
WORK,B,26120,1895921938176,132609209678144,23
WORK,E,26113,1895921961040,132609209665925
WORK,B,26113,1895921965870,132609209665925,11
WORK,E,26120,1895921976936,132609209678144
WORK,B,26120,1895921979783,132609209678144,23
WORK,E,26119,1895922011171,132609209665925
WORK,B,26119,1895922016057,132609209665925,11
WORK,E,26120,1895922023311,132609209678144
WORK,B,26120,1895922025508,132609209678144,23
WORK,E,26120,1895922060066,132609209678144
WORK,B,26120,1895922061714,132609209678144,23
WORK,E,26122,1895922062466,132609209665925
WORK,B,26122,1895922066159,132609209665925,11
WORK,E,26120,1895922095405,132609209678144
WORK,B,26120,1895922097136,132609209678144,23
WORK,E,26120,1895922174793,132609209678144
WORK,B,26120,1895922177157,132609209678144,23
WORK,E,26120,1895922221256,132609209678144
WORK,B,26120,1895922223444,132609209678144,23
WORK,E,26120,1895922264853,132609209678144
WORK,B,26120,1895922268805,132609209678144,23
WORK,E,26122,1895922271001,132609209665925
WORK,B,26122,1895922274307,132609209665925,11
WORK,E,26120,1895922305836,132609209678144
WORK,B,26120,1895922307766,132609209678144,23
WORK,E,26123,1895922314986,132609209665925
WORK,B,26123,1895922316892,132609209665925,11
WORK,E,26120,1895922337781,132609209678144
WORK,B,26120,1895922338891,132609209678144,23
WORK,E,26118,1895922361710,132609209665925
WORK,B,26118,1895922368679,132609209665925,11
WORK,E,26117,1895922389158,132609209665925
WORK,B,26117,1895922392662,132609209665925,11
WORK,E,26120,1895922394324,132609209678144
WORK,B,26120,1895922396431,132609209678144,23
WORK,E,26114,1895922404351,132609209665925
WORK,B,26114,1895922407541,132609209665925,11
WORK,E,26120,1895922442040,132609209678144
WORK,B,26120,1895922444021,132609209678144,23
WORK,E,26116,1895922517429,132609209665925
WORK,B,26116,1895922520803,132609209665925,11
WORK,E,26120,1895922523266,132609209678144
WORK,B,26120,1895922525455,132609209678144,23
WORK,E,26120,1895922581378,132609209678144
WORK,B,26120,1895922583168,132609209678144,23
WORK,E,26120,1895922627368,132609209678144
WORK,B,26120,1895922629152,132609209678144,23
WORK,E,26120,1895922735340,132609209678144
WORK,B,26120,1895922737607,132609209678144,23
WORK,E,26118,1895922738236,132609209665925
WORK,B,26118,1895922740974,132609209665925,11
WORK,E,26120,1895922781500,132609209678144
WORK,B,26120,1895922783455,132609209678144,23
WORK,E,26122,1895922791786,132609209665925
WORK,E,26123,1895922791950,132609209665925
WORK,B,26123,1895922794488,132609209665925,11
WORK,B,26122,1895922796108,132609209665925,11
WORK,E,26120,1895922820097,132609209678144
WORK,B,26120,1895922821459,132609209678144,23
WORK,E,26115,1895922869160,132609209665925
WORK,B,26115,1895922873986,132609209665925,11
WORK,E,26120,1895922906339,132609209678144
WORK,B,26120,1895922911941,132609209665925,11
WORK,E,26119,1895923029244,132609209665925
WORK,B,26119,1895923032050,132609209665925,11
WORK,E,26123,1895923101162,132609209665925
WORK,B,26123,1895923105522,132609209665925,11
WORK,E,26117,1895923150907,132609209665925
WORK,B,26117,1895923153963,132609209665925,11
WORK,E,26116,1895923223318,132609209665925
WORK,B,26116,1895923225019,132609209665925,11
WORK,E,26113,1895923247609,132609209665925
WORK,B,26113,1895923252634,132609209665925,11
WORK,E,26123,1895923433425,132609209665925
WORK,B,26123,1895923435372,132609209665925,11
WORK,E,26114,1895923447143,132609209665925
WORK,B,26114,1895923452220,132609209665925,11
WORK,E,26122,1895923485349,132609209665925
WORK,B,26122,1895923489174,132609209665925,11
WORK,E,26120,1895923587598,132609209665925
WORK,B,26120,1895923589637,132609209665925,11
WORK,E,26113,1895923674204,132609209665925
WORK,B,26113,1895923676577,132609209665925,11
WORK,E,26119,1895923722763,132609209665925
WORK,B,26119,1895923725917,132609209665925,11
WORK,E,26123,1895923741533,132609209665925
WORK,B,26123,1895923743618,132609209665925,11
WORK,E,26117,1895924043254,132609209665925
WORK,B,26117,1895924045553,132609209665925,11
WORK,E,26114,1895924127458,132609209665925
WORK,E,26113,1895924127937,132609209665925
WORK,B,26114,1895924132557,132609209665925,11
WORK,B,26113,1895924133837,132609209665925,11
WORK,E,26123,1895924154871,132609209665925
WORK,E,26116,1895924156751,132609209665925
WORK,B,26123,1895924157211,132609209665925,11
WORK,B,26116,1895924159201,132609209665925,11
WORK,E,26118,1895924181204,132609209665925
WORK,B,26118,1895924185314,132609209665925,11
WORK,E,26115,1895924229285,132609209665925
WORK,B,26115,1895924233502,132609209665925,11
WORK,E,26117,1895924273001,132609209665925
WORK,B,26117,1895924275010,132609209665925,11
WORK,E,26120,1895924330053,132609209665925
WORK,B,26120,1895924331924,132609209665925,11
WORK,E,26122,1895924341379,132609209665925
WORK,B,26122,1895924344792,132609209665925,11
WORK,E,26113,1895924585404,132609209665925
WORK,B,26113,1895924589163,132609209665925,11
WORK,E,26118,1895924590499,132609209665925
WORK,B,26118,1895924592829,132609209665925,11
WORK,E,26123,1895924652103,132609209665925
WORK,B,26123,1895924654146,132609209665925,11
WORK,E,26117,1895924710951,132609209665925
WORK,E,26120,1895924719257,132609209665925
WORK,B,26117,1895924720432,132609209665925,11
WORK,B,26120,1895924721584,132609209665925,11
WORK,E,26114,1895924758042,132609209665925
WORK,B,26114,1895924761494,132609209665925,11
WORK,E,26113,1895924829629,132609209665925
WORK,E,26116,1895924862120,132609209665925
WORK,B,26116,1895924865065,132609209665925,11
WORK,B,26113,1895924866114,132609209665925,11
WORK,E,26119,1895924915408,132609209665925
WORK,B,26119,1895924918773,132609209665925,11
WORK,E,26123,1895924933484,132609209665925
WORK,B,26123,1895924935482,132609209665925,11
WORK,E,26121,1895924975620,132609209665925
WORK,B,26121,1895924980081,132609209665925,11
WORK,E,26122,1895925001285,132609209665925
WORK,B,26122,1895925004252,132609209665925,11
WORK,E,26117,1895925051075,132609209665925
WORK,B,26117,1895925053194,132609209665925,11
WORK,E,26116,1895925322773,132609209665925
WORK,B,26116,1895925325311,132609209665925,11
WORK,E,26117,1895925360473,132609209665925
WORK,B,26117,1895925362481,132609209665925,11
WORK,E,26123,1895925402671,132609209665925
WORK,B,26123,1895925404796,132609209665925,11
WORK,E,26119,1895925405059,132609209665925
WORK,B,26119,1895925407753,132609209665925,11
WORK,E,26122,1895925435290,132609209665925
WORK,E,26120,1895925435735,132609209665925
WORK,E,26113,1895925435829,132609209665925
WORK,B,26122,1895925437804,132609209665925,11
WORK,B,26120,1895925438792,132609209665925,11
WORK,B,26113,1895925439662,132609209665925,11
WORK,E,26116,1895925445662,132609209665925
WORK,B,26116,1895925448012,132609209665925,11
WORK,E,26118,1895925541923,132609209665925
WORK,B,26118,1895925545214,132609209665925,11
WORK,E,26120,1895925595256,132609209665925
WORK,B,26120,1895925599919,132609209665925,11
WORK,E,26116,1895925605490,132609209665925
WORK,B,26116,1895925607761,132609209665925,11
WORK,E,26123,1895925672513,132609209665925
WORK,B,26123,1895925675227,132609209665925,11
WORK,E,26121,1895925686984,132609209665925
WORK,B,26121,1895925690783,132609209665925,11
WORK,E,26119,1895925734465,132609209665925
WORK,B,26119,1895925738517,132609209665925,11
WORK,E,26120,1895925768385,132609209665925
WORK,B,26120,1895925770495,132609209665925,11
WORK,E,26115,1895925802376,132609209665925
WORK,B,26115,1895925806196,132609209665925,11
WORK,E,26123,1895926011494,132609209665925
WORK,B,26123,1895926014137,132609209665925,11
WORK,E,26116,1895926085425,132609209665925
WORK,B,26116,1895926087345,132609209665925,11
WORK,E,26114,1895926099868,132609209665925
WORK,B,26114,1895926104291,132609209665925,11
WORK,E,26120,1895926179399,132609209665925
WORK,B,26120,1895926181560,132609209665925,11
WORK,E,26122,1895926214197,132609209665925
WORK,B,26122,1895926217373,132609209665925,11
WORK,E,26119,1895926225059,132609209665925
WORK,B,26119,1895926228602,132609209665925,11
WORK,E,26117,1895926228963,132609209665925
WORK,B,26117,1895926233692,132609209665925,11
WORK,E,26113,1895926260867,132609209665925
WORK,B,26113,1895926264024,132609209665925,11
WORK,E,26116,1895926371565,132609209665925
WORK,B,26116,1895926373906,132609209665925,11
WORK,E,26115,1895926458031,132609209665925
WORK,B,26115,1895926462341,132609209665925,11
WORK,E,26119,1895926520409,132609209665925
WORK,B,26119,1895926523587,132609209665925,11
WORK,E,26120,1895926580581,132609209665925
WORK,B,26120,1895926582738,132609209665925,11
WORK,E,26121,1895926604179,132609209665925
WORK,B,26121,1895926606650,132609209665925,11
WORK,E,26116,1895926712096,132609209665925
WORK,B,26116,1895926714716,132609209665925,11
WORK,E,26117,1895926738801,132609209665925
WORK,B,26117,1895926740846,132609209665925,11
WORK,E,26123,1895926802193,132609209665925
WORK,B,26123,1895926804707,132609209665925,11
WORK,E,26122,1895926836079,132609209665925
WORK,B,26122,1895926839390,132609209665925,11
WORK,E,26118,1895926864737,132609209665925
WORK,E,26120,1895926867074,132609209665925
WORK,B,26118,1895926867634,132609209665925,11
WORK,B,26120,1895926869431,132609209665925,11
WORK,E,26116,1895926948349,132609209665925
WORK,B,26116,1895926950720,132609209665925,11
WORK,E,26120,1895927142488,132609209665925
WORK,B,26120,1895927144678,132609209665925,11
WORK,E,26117,1895927163702,132609209665925
WORK,B,26117,1895927165995,132609209665925,11
WORK,E,26115,1895927190055,132609209665925
WORK,B,26115,1895927194288,132609209665925,11
WORK,E,26114,1895927199277,132609209665925
WORK,B,26114,1895927202525,132609209665925,11
WORK,E,26119,1895927227119,132609209665925
WORK,B,26119,1895927230044,132609209665925,11
WORK,E,26121,1895927472716,132609209665925
WORK,B,26121,1895927475058,132609209665925,11
WORK,E,26116,1895927582684,132609209665925
WORK,B,26116,1895927584652,132609209665925,11
WORK,E,26123,1895927651153,132609209665925
WORK,B,26123,1895927654064,132609209665925,11
WORK,E,26118,1895927759252,132609209665925
WORK,B,26118,1895927762464,132609209665925,11
WORK,E,26122,1895927790900,132609209665925
WORK,B,26122,1895927794128,132609209665925,11
WORK,E,26117,1895927826004,132609209665925
WORK,B,26117,1895927828956,132609209665925,11
WORK,E,26113,1895927921463,132609209665925
WORK,B,26113,1895927926361,132609209665925,11
WORK,E,26120,1895928004576,132609209665925
WORK,B,26120,1895928007188,132609209665925,11
WORK,E,26119,1895928061846,132609209665925
WORK,B,26119,1895928066178,132609209665925,11
WORK,E,26116,1895928190169,132609209665925
WORK,B,26116,1895928194544,132609209665925,11
WORK,E,26113,1895928299343,132609209665925
WORK,B,26113,1895928303145,132609209665925,11
WORK,E,26117,1895928384304,132609209665925
WORK,B,26117,1895928387027,132609209665925,11
WORK,E,26115,1895928412337,132609209665925
WORK,B,26115,1895928416914,132609209665925,11
WORK,E,26123,1895928445864,132609209665925
WORK,B,26123,1895928449840,132609209665925,11
WORK,E,26121,1895928503585,132609209665925
WORK,E,26122,1895928508419,132609209665925
WORK,B,26121,1895928508959,132609209665925,11
WORK,B,26122,1895928511872,132609209665925,11
WORK,E,26120,1895928519154,132609209665925
WORK,B,26120,1895928521871,132609209665925,11
WORK,E,26118,1895928612452,132609209665925
WORK,B,26118,1895928616883,132609209665925,11
WORK,E,26120,1895928866423,132609209665925
WORK,B,26120,1895928887309,132609209665925,11
WORK,E,26123,1895928898988,132609209665925
WORK,B,26123,1895928900742,132609209665925,11
WORK,E,26117,1895928942521,132609209665925
WORK,B,26117,1895928945187,132609209665925,11
WORK,E,26113,1895928948245,132609209665925
WORK,B,26113,1895928953511,132609209665925,11
WORK,E,26119,1895928960657,132609209665925
WORK,E,26118,1895928963189,132609209665925
WORK,B,26119,1895928967520,132609209665925,11
WORK,E,26114,1895928969328,132609209665925
WORK,B,26118,1895928969663,132609209665925,11
WORK,E,26121,1895929004158,132609209665925
WORK,E,26122,1895929047843,132609209665925
WORK,E,26116,1895929048208,132609209665925
WORK,E,26123,1895929212960,132609209665925
WORK,E,26115,1895929229335,132609209665925
WORK,E,26117,1895929258049,132609209665925
WORK,E,26120,1895929285047,132609209665925
WORK,E,26119,1895929308958,132609209665925
WORK,E,26113,1895929347076,132609209665925
WORK,E,26118,1895929389177,132609209665925
BUCKET_OPEN,i,26118,1895929395053,18
BUCKET_OPEN,i,26118,1895929395696,18
WORK,B,26118,1895929624249,132609209724486,7
WORK,E,26118,1895929654285,132609209724486
BUCKET_OPEN,i,26118,1895929657294,20
BUCKET_OPEN,i,26118,1895929657922,20
plan_end_of_gc,B,26118,1895929662757
plan_end_of_gc,E,26118,1895929664286
GC,E,26118,1895929665925
WORK,B,26121,1895929895468,132609209769154,11
WORK,B,26118,1895929898221,132609209769154,11
WORK,B,26122,1895929938803,132609209769154,11
WORK,B,26116,1895929965073,132609209769154,11
WORK,B,26115,1895929991581,132609209769154,11
WORK,E,26116,1895930016074,132609209769154
WORK,B,26116,1895930036934,132609209769154,11
WORK,E,26122,1895930040572,132609209769154
WORK,B,26122,1895930043343,132609209769154,11
WORK,E,26116,1895930074954,132609209769154
WORK,B,26116,1895930076200,132609209769154,11
WORK,E,26122,1895930157044,132609209769154
WORK,B,26122,1895930159160,132609209769154,11
WORK,E,26116,1895930162134,132609209769154
WORK,B,26116,1895930164179,132609209769154,11
WORK,E,26122,1895930165851,132609209769154
WORK,B,26122,1895930167068,132609209769154,11
WORK,E,26122,1895930169101,132609209769154
WORK,B,26122,1895930170128,132609209769154,11
WORK,E,26118,1895930172394,132609209769154
WORK,B,26118,1895930175421,132609209769154,11
WORK,E,26118,1895930178678,132609209769154
WORK,B,26118,1895930179807,132609209769154,11
WORK,E,26121,1895930180712,132609209769154
WORK,B,26121,1895930183896,132609209769154,11
WORK,E,26118,1895930200810,132609209769154
WORK,B,26118,1895930202932,132609209769154,11
WORK,E,26118,1895930205208,132609209769154
WORK,B,26118,1895930206222,132609209769154,11
WORK,E,26118,1895930207901,132609209769154
WORK,B,26118,1895930208940,132609209769154,11
WORK,E,26118,1895930219570,132609209769154
WORK,B,26118,1895930221498,132609209769154,11
WORK,E,26118,1895930228390,132609209769154
WORK,B,26118,1895930229466,132609209769154,11
WORK,E,26118,1895930232887,132609209769154
WORK,B,26118,1895930233894,132609209769154,11
WORK,E,26122,1895930245210,132609209769154
WORK,B,26122,1895930250134,132609209769154,11
WORK,E,26116,1895930258482,132609209769154
WORK,B,26116,1895930260571,132609209769154,11
WORK,E,26118,1895930300197,132609209769154
WORK,B,26118,1895930302273,132609209769154,11
WORK,E,26116,1895930304268,132609209769154
WORK,B,26116,1895930305998,132609209769154,11
WORK,E,26122,1895930315174,132609209769154
WORK,B,26122,1895930317468,132609209769154,11
WORK,E,26122,1895930320946,132609209769154
WORK,B,26122,1895930321963,132609209769154,11
WORK,E,26115,1895930334101,132609209769154
WORK,B,26115,1895930338845,132609209769154,11
WORK,E,26116,1895930340256,132609209769154
WORK,B,26116,1895930344744,132609209769154,11
WORK,E,26118,1895930352443,132609209769154
WORK,B,26118,1895930354548,132609209769154,11
WORK,E,26122,1895930374363,132609209769154
WORK,B,26122,1895930376447,132609209769154,11
WORK,E,26116,1895930388879,132609209769154
WORK,B,26116,1895930392736,132609209769154,11
WORK,E,26115,1895930401870,132609209769154
WORK,E,26118,1895930402327,132609209769154
WORK,B,26115,1895930403764,132609209769154,11
WORK,B,26118,1895930404482,132609209769154,11
WORK,E,26122,1895930422586,132609209769154
WORK,B,26122,1895930424587,132609209769154,11
WORK,E,26116,1895930470232,132609209769154
WORK,B,26116,1895930472293,132609209769154,11
WORK,E,26115,1895930487231,132609209769154
WORK,B,26115,1895930489376,132609209769154,11
WORK,E,26118,1895930496146,132609209769154
WORK,B,26118,1895930498218,132609209769154,11
WORK,E,26121,1895930519247,132609209769154
WORK,B,26121,1895930522542,132609209769154,11
WORK,E,26122,1895930523536,132609209769154
WORK,B,26122,1895930525536,132609209769154,11
WORK,E,26115,1895930544299,132609209769154
WORK,B,26115,1895930545547,132609209769154,11
WORK,E,26116,1895930570036,132609209769154
WORK,B,26116,1895930572055,132609209769154,11
WORK,E,26122,1895930582443,132609209769154
WORK,B,26122,1895930584515,132609209769154,11
WORK,E,26118,1895930584828,132609209769154
WORK,B,26118,1895930586911,132609209769154,11
WORK,E,26121,1895930591495,132609209769154
WORK,B,26121,1895930593671,132609209769154,11
WORK,E,26116,1895930616610,132609209769154
WORK,B,26116,1895930618639,132609209769154,11
WORK,E,26118,1895930630687,132609209769154
WORK,B,26118,1895930632627,132609209769154,11
WORK,E,26122,1895930638297,132609209769154
WORK,B,26122,1895930641375,132609209769154,11
WORK,E,26118,1895930649911,132609209769154
WORK,B,26118,1895930651868,132609209769154,11
WORK,E,26118,1895930654822,132609209769154
WORK,B,26118,1895930655876,132609209769154,11
WORK,E,26118,1895930658311,132609209769154
WORK,B,26118,1895930659309,132609209769154,11
WORK,E,26118,1895930660567,132609209769154
WORK,B,26118,1895930661581,132609209769154,11
WORK,E,26116,1895930680695,132609209769154
WORK,B,26116,1895930684488,132609209769154,11
WORK,E,26122,1895930693250,132609209769154
WORK,B,26122,1895930695289,132609209769154,11
WORK,E,26116,1895930696885,132609209769154
WORK,B,26116,1895930698598,132609209769154,11
WORK,E,26118,1895930726915,132609209769154
WORK,B,26118,1895930729311,132609209769154,11
WORK,E,26121,1895930745653,132609209769154
WORK,E,26122,1895930746575,132609209769154
WORK,B,26122,1895930748724,132609209769154,11
WORK,B,26121,1895930748852,132609209769154,11
WORK,E,26116,1895930769203,132609209769154
WORK,B,26116,1895930771156,132609209769154,11
WORK,E,26115,1895930796085,132609209769154
WORK,B,26115,1895930798152,132609209769154,11
WORK,E,26118,1895930824371,132609209769154
WORK,B,26118,1895930826542,132609209769154,11
WORK,E,26122,1895930844041,132609209769154
WORK,B,26122,1895930846557,132609209769154,11
WORK,E,26116,1895930857765,132609209769154
WORK,B,26116,1895930859710,132609209769154,11
WORK,E,26116,1895930865866,132609209769154
WORK,E,26121,1895930865952,132609209769154
WORK,B,26116,1895930867742,132609209769154,11
WORK,B,26121,1895930869451,132609209769154,11
WORK,E,26118,1895930895892,132609209769154
WORK,B,26118,1895930897129,132609209769154,11
WORK,E,26122,1895930901117,132609209769154
WORK,B,26122,1895930902310,132609209769154,11
WORK,E,26122,1895930932034,132609209769154
WORK,B,26122,1895930934059,132609209769154,11
WORK,E,26118,1895930933889,132609209769154
WORK,B,26118,1895930936187,132609209769154,11
WORK,E,26115,1895930945703,132609209769154
WORK,B,26115,1895930947568,132609209769154,11
WORK,E,26121,1895930952744,132609209769154
WORK,B,26121,1895930956041,132609209769154,11
WORK,E,26122,1895930982509,132609209769154
WORK,B,26122,1895930984455,132609209769154,11
WORK,E,26118,1895931005165,132609209769154
WORK,B,26118,1895931007305,132609209769154,11
WORK,E,26122,1895931034025,132609209769154
WORK,E,26116,1895931038306,132609209769154
WORK,B,26122,1895931038492,132609209769154,11
WORK,B,26116,1895931040927,132609209769154,11
WORK,E,26115,1895931065670,132609209769154
WORK,B,26115,1895931067717,132609209769154,11
WORK,E,26118,1895931077433,132609209769154
WORK,B,26118,1895931079675,132609209769154,11
WORK,E,26122,1895931096948,132609209769154
WORK,B,26122,1895931099125,132609209769154,11
WORK,E,26121,1895931103954,132609209769154
WORK,E,26118,1895931106970,132609209769154
WORK,B,26121,1895931107770,132609209769154,11
WORK,B,26118,1895931109239,132609209769154,11
WORK,E,26122,1895931153771,132609209769154
WORK,B,26122,1895931156581,132609209769154,11
WORK,E,26118,1895931179627,132609209769154
WORK,B,26118,1895931181660,132609209769154,11
WORK,E,26122,1895931204238,132609209769154
WORK,B,26122,1895931206339,132609209769154,11
WORK,E,26122,1895931257193,132609209769154
WORK,B,26122,1895931259948,132609209769154,11
WORK,E,26118,1895931266825,132609209769154
WORK,B,26118,1895931273853,132609209769154,11
WORK,E,26122,1895931306976,132609209769154
WORK,B,26122,1895931309322,132609209769154,11
WORK,E,26115,1895931323199,132609209769154
WORK,B,26115,1895931325234,132609209769154,11
WORK,E,26118,1895931344153,132609209769154
WORK,B,26118,1895931348565,132609209769154,11
WORK,E,26115,1895931360144,132609209769154
WORK,B,26115,1895931362025,132609209769154,11
WORK,E,26122,1895931376488,132609209769154
WORK,B,26122,1895931378858,132609209769154,11
WORK,E,26118,1895931383772,132609209769154
WORK,B,26118,1895931385916,132609209769154,11
WORK,E,26115,1895931397346,132609209769154
WORK,B,26115,1895931398721,132609209769154,11
WORK,E,26116,1895931412566,132609209769154
WORK,B,26116,1895931414928,132609209769154,11
WORK,E,26116,1895931431346,132609209769154
WORK,B,26116,1895931432949,132609209769154,11
WORK,E,26115,1895931432957,132609209769154
WORK,E,26122,1895931434521,132609209769154
WORK,B,26115,1895931435070,132609209769154,11
WORK,B,26122,1895931436710,132609209769154,11
WORK,E,26118,1895931442247,132609209769154
WORK,B,26118,1895931445298,132609209769154,11
WORK,E,26121,1895931454758,132609209769154
WORK,B,26121,1895931458395,132609209769154,11
WORK,E,26115,1895931463023,132609209769154
WORK,B,26115,1895931464285,132609209769154,11
WORK,E,26115,1895931496348,132609209769154
WORK,B,26115,1895931497843,132609209769154,11
WORK,E,26122,1895931511867,132609209769154
WORK,B,26122,1895931513141,132609209769154,11
WORK,E,26115,1895931527624,132609209769154
WORK,B,26115,1895931539334,132609209769154,11
WORK,E,26116,1895931573965,132609209769154
WORK,E,26122,1895931579718,132609209769154
WORK,E,26115,1895931582330,132609209769154
WORK,B,26122,1895931583840,132609209769154,11
WORK,E,26118,1895931584080,132609209769154
WORK,B,26115,1895931584723,132609209769154,11
WORK,B,26118,1895931588057,132609209769154,11
WORK,B,26116,1895931604336,132609209769154,11
WORK,E,26121,1895931610516,132609209769154
WORK,B,26121,1895931613974,132609209769154,11
WORK,E,26115,1895931615268,132609209769154
WORK,B,26115,1895931616576,132609209769154,11
WORK,E,26122,1895931618622,132609209769154
WORK,B,26122,1895931619854,132609209769154,11
WORK,E,26115,1895931667755,132609209769154
WORK,B,26115,1895931669860,132609209769154,11
WORK,E,26116,1895931674127,132609209769154
WORK,B,26116,1895931676078,132609209769154,11
WORK,E,26122,1895931699206,132609209769154
WORK,B,26122,1895931702569,132609209769154,11
WORK,E,26116,1895931710720,132609209769154
WORK,B,26116,1895931713490,132609209769154,11
WORK,E,26115,1895931725762,132609209769154
WORK,B,26115,1895931727813,132609209769154,11
WORK,E,26118,1895931741651,132609209769154
WORK,B,26118,1895931746526,132609209769154,11
WORK,E,26116,1895931772544,132609209769154
WORK,B,26116,1895931774887,132609209769154,11
WORK,E,26121,1895931785466,132609209769154
WORK,B,26121,1895931789456,132609209769154,11
WORK,E,26115,1895931790749,132609209769154
WORK,B,26115,1895931793855,132609209769154,11
WORK,E,26115,1895931849299,132609209769154
WORK,B,26115,1895931851816,132609209769154,11
WORK,E,26118,1895931861819,132609209769154
WORK,B,26118,1895931869141,132609209769154,11
WORK,E,26115,1895931915054,132609209769154
WORK,B,26115,1895931917246,132609209769154,11
WORK,E,26122,1895931922654,132609209769154
WORK,B,26122,1895931927767,132609209769154,11
WORK,E,26118,1895931964448,132609209769154
WORK,B,26118,1895931967600,132609209769154,11
WORK,E,26115,1895932018491,132609209769154
WORK,B,26115,1895932020896,132609209769154,11
WORK,E,26121,1895932034896,132609209769154
WORK,B,26121,1895932039144,132609209769154,11
WORK,B,26123,1895932039890,132609209769154,11
WORK,B,26117,1895932077020,132609209769154,11
WORK,E,26122,1895932108380,132609209769154
WORK,B,26122,1895932115904,132609209769154,11
WORK,E,26118,1895932117099,132609209769154
WORK,B,26118,1895932122055,132609209769154,11
WORK,E,26115,1895932138682,132609209769154
WORK,B,26115,1895932140984,132609209769154,11
WORK,E,26123,1895932152745,132609209769154
WORK,B,26123,1895932159328,132609209769154,11
WORK,E,26117,1895932163069,132609209769154
WORK,B,26117,1895932165453,132609209769154,11
WORK,E,26121,1895932173527,132609209769154
WORK,B,26121,1895932177180,132609209769154,11
WORK,E,26115,1895932261656,132609209769154
WORK,B,26115,1895932263854,132609209769154,11
WORK,E,26117,1895932274582,132609209769154
WORK,B,26117,1895932276705,132609209769154,11
WORK,E,26118,1895932302828,132609209769154
WORK,B,26118,1895932307683,132609209769154,11
WORK,E,26115,1895932333800,132609209769154
WORK,B,26115,1895932335980,132609209769154,11
WORK,E,26117,1895932348690,132609209769154
WORK,B,26117,1895932350960,132609209769154,11
WORK,E,26123,1895932351435,132609209769154
WORK,E,26121,1895932363094,132609209769154
WORK,E,26115,1895932403960,132609209769154
WORK,E,26118,1895932406590,132609209769154
WORK,E,26117,1895932412943,132609209769154
WORK,E,26116,1895932541489,132609209769154
WORK,E,26122,1895932679480,132609209769154
WORK,B,26122,1895932691875,132609209684752,20
WORK,B,26115,1895932692228,132609209684752,20
WORK,B,26121,1895932719833,132609209684752,20
WORK,E,26122,1895932756865,132609209684752
WORK,B,26122,1895932758318,132609209684752,20
WORK,E,26115,1895932759622,132609209684752
WORK,B,26115,1895932761557,132609209684752,20
WORK,B,26119,1895932770818,132609209684752,20
WORK,E,26121,1895932780995,132609209684752
WORK,B,26121,1895932782396,132609209684752,20
WORK,E,26119,1895932797300,132609209684752
WORK,B,26119,1895932800151,132609209684752,20
WORK,E,26122,1895932809124,132609209684752
WORK,B,26122,1895932810429,132609209684752,20
WORK,E,26115,1895932826819,132609209684752
WORK,B,26115,1895932828200,132609209684752,20
WORK,E,26121,1895932829896,132609209684752
WORK,B,26121,1895932832509,132609209684752,20
WORK,E,26119,1895932858008,132609209684752
WORK,E,26122,1895932858698,132609209684752
WORK,E,26115,1895932886537,132609209684752
WORK,B,26114,1895932898587,132609209648742,14
WORK,E,26121,1895932923080,132609209684752



@decoded[132609209583329]: 1
@decoded[132609209599454]: 1
@decoded[132609209684752]: 1
@decoded[132609209634082]: 1
@decoded[132609209646046]: 1
@decoded[132609209713976]: 1
@decoded[132609209683076]: 1
@decoded[132609209664764]: 1
@decoded[132609209616458]: 1
@decoded[132609209724486]: 1
@decoded[132609209624258]: 1
@decoded[132609209757476]: 1
@decoded[132609209765471]: 1
@decoded[132609209648742]: 1
@decoded[132609209665925]: 1
@decoded[132609209614824]: 1
@decoded[132609209678144]: 1
@decoded[132609209739855]: 1
@decoded[132609209769154]: 1
@decoded[132609209572369]: 1
@decoded[132609209685392]: 1
@decoded[132609209596068]: 1
@decoded[132609209597856]: 1
@decoded[132609209770587]: 1
@enable_print: 1
@every: 1
@gc_count: 8
@harness: 0
@stats_enabled: 1
@thread_in_work[26121]: 1
@thread_in_work[26115]: 1
@thread_in_work[26116]: 1
@thread_in_work[26119]: 1
@thread_in_work[26123]: 1
@thread_in_work[26120]: 1
@thread_in_work[26114]: 1
@thread_in_work[26113]: 1
@thread_in_work[26117]: 1
@thread_in_work[26122]: 1
@thread_in_work[26118]: 1
@thread_work_id[26114]: 132609209648742
@thread_work_id[26113]: 132609209665925
@thread_work_id[26120]: 132609209665925
@thread_work_id[26115]: 132609209684752
@thread_work_id[26121]: 132609209684752
@thread_work_id[26119]: 132609209684752
@thread_work_id[26122]: 132609209684752
@thread_work_id[26123]: 132609209769154
@thread_work_id[26117]: 132609209769154
@thread_work_id[26116]: 132609209769154
@thread_work_id[26118]: 132609209769154
@type_name[132609209572369]: StopMutator
@type_name[132609209583329]: ScanManagementRoot
@type_name[132609209596068]: ProcessInc
@type_name[132609209597856]: ScanJvmtiExportRoot
@type_name[132609209599454]: ConcurrentChunkMetadataZeroin
@type_name[132609209614824]: ScheduleCollectio
@type_name[132609209616458]: ScanAOTLoaderRoot
@type_name[132609209624258]: ScanMultipleStack
@type_name[132609209634082]: ScanSystemDictionaryRoot
@type_name[132609209646046]: ScanWeakProcessorRoot
@type_name[132609209648742]: CycleCollecto
@type_name[132609209664764]: ScanJNIHandlesRoot
@type_name[132609209665925]: ProcessInc
@type_name[132609209678144]: RCImmixCollectRootEdge
@type_name[132609209683076]: ScanStringTableRoot
@type_name[132609209684752]: SweepBlocksAfterDec
@type_name[132609209685392]: FastRCPrepar
@type_name[132609209713976]: ScanVMThreadRoot
@type_name[132609209724486]: Releas
@type_name[132609209739855]: ScanClassLoaderDataGraphRoot
@type_name[132609209757476]: ScanCodeCacheRoot
@type_name[132609209765471]: ScanObjectSynchronizerRoot
@type_name[132609209769154]: ProcessDec
@type_name[132609209770587]: ScanUniverseRoot
